UBIGEO,DEPARTAMENTO,PROVINCIA,DISTRITO,REGION_NATURAL,TIPO_MUNI,CLASIFICACION,POB_TOTAL,POB_URBANA,POB_RURAL,GPC_DOM,GPC_MUN
010101,AMAZONAS,CHACHAPOYAS,CHACHAPOYAS,SELVA,PROVINCIAL,Selva con Población urbana entre 10 mil y 50 mil habitantes,37870.0,37125.0,745.0,0.51,0.7285714285714286
010102,AMAZONAS,CHACHAPOYAS,ASUNCION,SELVA,DISTRITAL,Selva con Población urbana de hasta 10 mil habitantes,281.0,147.0,134.0,0.5413538747534213,0.7733626782191734
010103,AMAZONAS,CHACHAPOYAS,BALSAS,SIERRA,DISTRITAL,Sierra con Población urbana de hasta 10 mil habitantes,1202.0,336.0,866.0,0.437675332039757,0.62525047434251
010104,AMAZONAS,CHACHAPOYAS,CHETO,SIERRA,DISTRITAL,Sierra con Población urbana de hasta 10 mil habitantes,696.0,467.0,229.0,0.437675332039757,0.6252504743425099
010105,AMAZONAS,CHACHAPOYAS,CHILIQUIN,SIERRA,DISTRITAL,Sierra con Población urbana de hasta 10 mil habitantes,604.0,178.0,426.0,0.437675332039757,0.6252504743425101
010106,AMAZONAS,CHACHAPOYAS,CHUQUIBAMBA,SIERRA,DISTRITAL,Sierra con Población urbana de hasta 10 mil habitantes,1955.0,521.0,1434.0,0.437675332039757,0.62525047434251
010107,AMAZONAS,CHACHAPOYAS,GRANADA,SELVA,DISTRITAL,Selva con Población urbana de hasta 10 mil habitantes,532.0,183.0,349.0,0.5413538747534213,0.7733626782191734
010108,AMAZONAS,CHACHAPOYAS,HUANCAS,SIERRA,DISTRITAL,Sierra con Población urbana de hasta 10 mil habitantes,1395.0,1338.0,57.0,0.4839367527862208,0.6913382182660298
010109,AMAZONAS,CHACHAPOYAS,LA JALCA,SELVA,DISTRITAL,Selva con Población urbana de hasta 10 mil habitantes,4080.0,2312.0,1768.0,0.5413538747534213,0.7733626782191735
010110,AMAZONAS,CHACHAPOYAS,LEIMEBAMBA,SELVA,DISTRITAL,Selva con Población urbana de hasta 10 mil habitantes,3845.0,2859.0,986.0,0.68,0.9714285714285715
010111,AMAZONAS,CHACHAPOYAS,LEVANTO,SIERRA,DISTRITAL,Sierra con Población urbana de hasta 10 mil habitantes,817.0,449.0,368.0,0.437675332039757,0.62525047434251
010112,AMAZONAS,CHACHAPOYAS,MAGDALENA,SELVA,DISTRITAL,Selva con Población urbana de hasta 10 mil habitantes,913.0,731.0,182.0,0.5413538747534213,0.7733626782191734
010113,AMAZONAS,CHACHAPOYAS,MARISCAL CASTILLA,SELVA,DISTRITAL,Selva con Población urbana de hasta 10 mil habitantes,1507.0,1036.0,471.0,0.47561988783608683,0.6794569826229814
010114,AMAZONAS,CHACHAPOYAS,MOLINOPAMPA,SIERRA,DISTRITAL,Sierra con Población urbana de hasta 10 mil habitantes,2296.0,631.0,1665.0,0.437675332039757,0.6252504743425101
010115,AMAZONAS,CHACHAPOYAS,MONTEVIDEO,SELVA,DISTRITAL,Selva con Población urbana de hasta 10 mil habitantes,503.0,461.0,42.0,0.4458122266763847,0.6368746095376925
010116,AMAZONAS,CHACHAPOYAS,OLLEROS,SELVA,DISTRITAL,Selva con Población urbana de hasta 10 mil habitantes,429.0,141.0,288.0,0.5413538747534213,0.7733626782191734
010117,AMAZONAS,CHACHAPOYAS,QUINJALCA,SELVA,DISTRITAL,Selva con Población urbana de hasta 10 mil habitantes,807.0,95.0,712.0,0.5413538747534213,0.7733626782191735
010118,AMAZONAS,CHACHAPOYAS,SAN FRANCISCO DE DAGUAS,SELVA,DISTRITAL,Selva con Población urbana de hasta 10 mil habitantes,323.0,238.0,85.0,0.41,0.5857142857142859
010119,AMAZONAS,CHACHAPOYAS,SAN ISIDRO DE MAINO,SELVA,DISTRITAL,Selva con Población urbana de hasta 10 mil habitantes,599.0,429.0,170.0,0.5413538747534213,0.7733626782191734
010120,AMAZONAS,CHACHAPOYAS,SOLOCO,SELVA,DISTRITAL,Selva con Población urbana de hasta 10 mil habitantes,1279.0,217.0,1062.0,0.5413538747534213,0.7733626782191734
010121,AMAZONAS,CHACHAPOYAS,SONCHE,SELVA,DISTRITAL,Selva con Población urbana de hasta 10 mil habitantes,274.0,106.0,168.0,0.5413538747534213,0.7733626782191734
010201,AMAZONAS,BAGUA,BAGUA,SELVA,PROVINCIAL,Selva con Población urbana entre 10 mil y 50 mil habitantes,29540.0,26870.0,2670.0,0.42607035773060603,0.6086719396151515
010202,AMAZONAS,BAGUA,ARAMANGO,SELVA,DISTRITAL,Selva con Población urbana de hasta 10 mil habitantes,10300.0,2874.0,7426.0,0.8,1.142857142857143
010203,AMAZONAS,BAGUA,COPALLIN,SELVA,DISTRITAL,Selva con Población urbana de hasta 10 mil habitantes,4787.0,2370.0,2417.0,0.45,0.6428571428571428
010204,AMAZONAS,BAGUA,EL PARCO,SELVA,DISTRITAL,Selva con Población urbana de hasta 10 mil habitantes,1292.0,669.0,623.0,0.504,0.7199999999999999
010205,AMAZONAS,BAGUA,IMAZA,SELVA,DISTRITAL,Selva con Población urbana de hasta 10 mil habitantes,31300.0,5618.0,25682.0,0.53,0.7571428571428571
010206,AMAZONAS,BAGUA,LA PECA,SELVA,DISTRITAL,Selva con Población urbana de hasta 10 mil habitantes,6631.0,4093.0,2538.0,0.37,0.5285714285714286
010301,AMAZONAS,BONGARA,JUMBILLA,SELVA,PROVINCIAL,Selva con Población urbana de hasta 10 mil habitantes,1354.0,1112.0,242.0,0.72,1.0285714285714287
010302,AMAZONAS,BONGARA,CHISQUILLA,SELVA,DISTRITAL,Selva con Población urbana de hasta 10 mil habitantes,321.0,124.0,197.0,0.5413538747534213,0.7733626782191734
010303,AMAZONAS,BONGARA,CHURUJA,SELVA,DISTRITAL,Selva con Población urbana de hasta 10 mil habitantes,301.0,291.0,10.0,0.39964907116692844,0.5709272445241835
010304,AMAZONAS,BONGARA,COROSHA,SELVA,DISTRITAL,Selva con Población urbana de hasta 10 mil habitantes,819.0,80.0,739.0,0.5413538747534213,0.7733626782191734
010305,AMAZONAS,BONGARA,CUISPES,SELVA,DISTRITAL,Selva con Población urbana de hasta 10 mil habitantes,694.0,384.0,310.0,0.5413538747534213,0.7733626782191735
010306,AMAZONAS,BONGARA,FLORIDA,SELVA,DISTRITAL,Selva con Población urbana de hasta 10 mil habitantes,6409.0,3858.0,2551.0,0.47,0.6714285714285715
010307,AMAZONAS,BONGARA,JAZAN,SELVA,DISTRITAL,Selva con Población urbana de hasta 10 mil habitantes,7994.0,6721.0,1273.0,0.3,0.42857142857142855
010308,AMAZONAS,BONGARA,RECTA,SELVA,DISTRITAL,Selva con Población urbana de hasta 10 mil habitantes,219.0,63.0,156.0,0.5469320757800004,0.7813315368285719
010309,AMAZONAS,BONGARA,SAN CARLOS,SELVA,DISTRITAL,Selva con Población urbana de hasta 10 mil habitantes,535.0,386.0,149.0,0.5413538747534213,0.7733626782191735
010310,AMAZONAS,BONGARA,SHIPASBAMBA,SELVA,DISTRITAL,Selva con Población urbana de hasta 10 mil habitantes,1656.0,865.0,791.0,0.5413538747534213,0.7733626782191734
010311,AMAZONAS,BONGARA,VALERA,SELVA,DISTRITAL,Selva con Población urbana de hasta 10 mil habitantes,868.0,282.0,586.0,0.5413538747534213,0.7733626782191734
010312,AMAZONAS,BONGARA,YAMBRASBAMBA,SELVA,DISTRITAL,Selva con Población urbana de hasta 10 mil habitantes,5802.0,2246.0,3556.0,0.5413538747534213,0.7733626782191734
010401,AMAZONAS,CONDORCANQUI,NIEVA,SELVA,PROVINCIAL,Selva con Población urbana de hasta 10 mil habitantes,21071.0,4403.0,16668.0,0.5625569060324351,0.8036527229034788
010402,AMAZONAS,CONDORCANQUI,EL CENEPA,SELVA,DISTRITAL,Selva con Población urbana de hasta 10 mil habitantes,12213.0,1142.0,11071.0,0.5469320757800004,0.7813315368285718
010403,AMAZONAS,CONDORCANQUI,RIO SANTIAGO,SELVA,DISTRITAL,Selva con Población urbana de hasta 10 mil habitantes,17543.0,2380.0,15163.0,0.5413538747534213,0.7733626782191734
010501,AMAZONAS,LUYA,LAMUD,SIERRA,PROVINCIAL,Sierra con Población urbana de hasta 10 mil habitantes,2381.0,2123.0,258.0,0.5113976936119792,0.730568133731399
010502,AMAZONAS,LUYA,CAMPORREDONDO,SELVA,DISTRITAL,Selva con Población urbana de hasta 10 mil habitantes,7422.0,4618.0,2804.0,0.5413538747534213,0.7733626782191734
010503,AMAZONAS,LUYA,COCABAMBA,SELVA,DISTRITAL,Selva con Población urbana de hasta 10 mil habitantes,2068.0,366.0,1702.0,0.5413538747534213,0.7733626782191734
010504,AMAZONAS,LUYA,COLCAMAR,SIERRA,DISTRITAL,Sierra con Población urbana de hasta 10 mil habitantes,1975.0,1268.0,707.0,0.437675332039757,0.62525047434251
010505,AMAZONAS,LUYA,CONILA,SELVA,DISTRITAL,Selva con Población urbana de hasta 10 mil habitantes,1939.0,1102.0,837.0,0.5413538747534213,0.7733626782191734
010506,AMAZONAS,LUYA,INGUILPATA,SIERRA,DISTRITAL,Sierra con Población urbana de hasta 10 mil habitantes,502.0,342.0,160.0,0.437675332039757,0.6252504743425101
010507,AMAZONAS,LUYA,LONGUITA,SELVA,DISTRITAL,Selva con Población urbana de hasta 10 mil habitantes,892.0,216.0,676.0,0.5413538747534213,0.7733626782191734
010508,AMAZONAS,LUYA,LONYA CHICO,SIERRA,DISTRITAL,Sierra con Población urbana de hasta 10 mil habitantes,876.0,352.0,524.0,0.437675332039757,0.6252504743425101
010509,AMAZONAS,LUYA,LUYA,SIERRA,DISTRITAL,Sierra con Población urbana de hasta 10 mil habitantes,4139.0,2418.0,1721.0,0.437675332039757,0.62525047434251
010510,AMAZONAS,LUYA,LUYA VIEJO,SIERRA,DISTRITAL,Sierra con Población urbana de hasta 10 mil habitantes,407.0,407.0,0.0,0.437675332039757,0.62525047434251
010511,AMAZONAS,LUYA,MARIA,SELVA,DISTRITAL,Selva con Población urbana de hasta 10 mil habitantes,785.0,391.0,394.0,0.5413538747534213,0.7733626782191734
010512,AMAZONAS,LUYA,OCALLI,SELVA,DISTRITAL,Selva con Población urbana de hasta 10 mil habitantes,3939.0,1637.0,2302.0,0.5413538747534213,0.7733626782191735
010513,AMAZONAS,LUYA,OCUMAL,SELVA,DISTRITAL,Selva con Población urbana de hasta 10 mil habitantes,3734.0,542.0,3192.0,0.5413538747534213,0.7733626782191734
010514,AMAZONAS,LUYA,PISUQUIA,SIERRA,DISTRITAL,Sierra con Población urbana de hasta 10 mil habitantes,5125.0,400.0,4725.0,0.437675332039757,0.62525047434251
010515,AMAZONAS,LUYA,PROVIDENCIA,SIERRA,DISTRITAL,Sierra con Población urbana de hasta 10 mil habitantes,1399.0,269.0,1130.0,0.437675332039757,0.62525047434251
010516,AMAZONAS,LUYA,SAN CRISTOBAL,SIERRA,DISTRITAL,Sierra con Población urbana de hasta 10 mil habitantes,563.0,448.0,115.0,0.29061617202436535,0.41516596003480766
010517,AMAZONAS,LUYA,SAN FRANCISCO DEL YESO,SIERRA,DISTRITAL,Sierra con Población urbana de hasta 10 mil habitantes,739.0,381.0,358.0,0.437675332039757,0.6252504743425101
010518,AMAZONAS,LUYA,SAN JERONIMO,SIERRA,DISTRITAL,Sierra con Población urbana de hasta 10 mil habitantes,645.0,212.0,433.0,0.4203505822563048,0.6005008317947211
010519,AMAZONAS,LUYA,SAN JUAN DE LOPECANCHA,SELVA,DISTRITAL,Selva con Población urbana de hasta 10 mil habitantes,445.0,71.0,374.0,0.5413538747534213,0.7733626782191734
010520,AMAZONAS,LUYA,SANTA CATALINA,SIERRA,DISTRITAL,Sierra con Población urbana de hasta 10 mil habitantes,2114.0,441.0,1673.0,0.437675332039757,0.6252504743425101
010521,AMAZONAS,LUYA,SANTO TOMAS,SELVA,DISTRITAL,Selva con Población urbana de hasta 10 mil habitantes,3127.0,902.0,2225.0,0.5413538747534213,0.7733626782191735
010522,AMAZONAS,LUYA,TINGO,SIERRA,DISTRITAL,Sierra con Población urbana de hasta 10 mil habitantes,1367.0,787.0,580.0,0.437675332039757,0.6252504743425099
010523,AMAZONAS,LUYA,TRITA,SIERRA,DISTRITAL,Sierra con Población urbana de hasta 10 mil habitantes,1449.0,898.0,551.0,0.4203505822563048,0.6005008317947212
010601,AMAZONAS,RODRIGUEZ DE MENDOZA,SAN NICOLAS,SELVA,PROVINCIAL,Selva con Población urbana de hasta 10 mil habitantes,6399.0,5305.0,1094.0,0.46,0.6571428571428573
010602,AMAZONAS,RODRIGUEZ DE MENDOZA,CHIRIMOTO,SELVA,DISTRITAL,Selva con Población urbana de hasta 10 mil habitantes,2799.0,71.0,2728.0,0.5413538747534213,0.7733626782191734
010603,AMAZONAS,RODRIGUEZ DE MENDOZA,COCHAMAL,SELVA,DISTRITAL,Selva con Población urbana de hasta 10 mil habitantes,633.0,550.0,83.0,0.46737215372260005,0.667674505318
010604,AMAZONAS,RODRIGUEZ DE MENDOZA,HUAMBO,SELVA,DISTRITAL,Selva con Población urbana de hasta 10 mil habitantes,2722.0,794.0,1928.0,0.5413538747534213,0.7733626782191735
010605,AMAZONAS,RODRIGUEZ DE MENDOZA,LIMABAMBA,SELVA,DISTRITAL,Selva con Población urbana de hasta 10 mil habitantes,2465.0,447.0,2018.0,0.5413538747534213,0.7733626782191734
010606,AMAZONAS,RODRIGUEZ DE MENDOZA,LONGAR,SELVA,DISTRITAL,Selva con Población urbana de hasta 10 mil habitantes,1691.0,905.0,786.0,0.5413538747534213,0.7733626782191735
010607,AMAZONAS,RODRIGUEZ DE MENDOZA,MARISCAL BENAVIDES,SELVA,DISTRITAL,Selva con Población urbana de hasta 10 mil habitantes,1566.0,1054.0,512.0,0.5413538747534213,0.7733626782191734
010608,AMAZONAS,RODRIGUEZ DE MENDOZA,MILPUC,SELVA,DISTRITAL,Selva con Población urbana de hasta 10 mil habitantes,439.0,250.0,189.0,0.5413538747534213,0.7733626782191734
010609,AMAZONAS,RODRIGUEZ DE MENDOZA,OMIA,SELVA,DISTRITAL,Selva con Población urbana de hasta 10 mil habitantes,9830.0,615.0,9215.0,0.5469320757800004,0.7813315368285721
010610,AMAZONAS,RODRIGUEZ DE MENDOZA,SANTA ROSA,SELVA,DISTRITAL,Selva con Población urbana de hasta 10 mil habitantes,534.0,159.0,375.0,0.5413538747534213,0.7733626782191734
010611,AMAZONAS,RODRIGUEZ DE MENDOZA,TOTORA,SELVA,DISTRITAL,Selva con Población urbana de hasta 10 mil habitantes,290.0,66.0,224.0,0.5413538747534213,0.7733626782191735
010612,AMAZONAS,RODRIGUEZ DE MENDOZA,VISTA ALEGRE,SELVA,DISTRITAL,Selva con Población urbana de hasta 10 mil habitantes,3754.0,415.0,3339.0,0.5413538747534213,0.7733626782191735
010701,AMAZONAS,UTCUBAMBA,BAGUA GRANDE,SIERRA,PROVINCIAL,Sierra con Población urbana entre 10 mil y 50 mil habitantes,57076.0,39646.0,17430.0,0.6878199063576046,0.9825998662251492
010702,AMAZONAS,UTCUBAMBA,CAJARURO,SELVA,DISTRITAL,Selva con Población urbana de hasta 10 mil habitantes,24794.0,8262.0,16532.0,0.52,0.7428571428571429
010703,AMAZONAS,UTCUBAMBA,CUMBA,SIERRA,DISTRITAL,Sierra con Población urbana de hasta 10 mil habitantes,8819.0,3243.0,5576.0,0.437675332039757,0.6252504743425099
010704,AMAZONAS,UTCUBAMBA,EL MILAGRO,SIERRA,DISTRITAL,Sierra con Población urbana de hasta 10 mil habitantes,6471.0,3101.0,3370.0,0.437675332039757,0.6252504743425101
010705,AMAZONAS,UTCUBAMBA,JAMALCA,SIERRA,DISTRITAL,Sierra con Población urbana de hasta 10 mil habitantes,7269.0,1370.0,5899.0,0.52,0.7428571428571427
010706,AMAZONAS,UTCUBAMBA,LONYA GRANDE,SELVA,DISTRITAL,Selva con Población urbana de hasta 10 mil habitantes,11182.0,4047.0,7135.0,0.51,0.7285714285714288
010707,AMAZONAS,UTCUBAMBA,YAMON,SIERRA,DISTRITAL,Sierra con Población urbana de hasta 10 mil habitantes,3242.0,585.0,2657.0,0.437675332039757,0.6252504743425099
020101,ANCASH,HUARAZ,HUARAZ,SIERRA,PROVINCIAL,Sierra con Población urbana de más de 50 mil habitantes,67418.0,61229.0,6189.0,0.77,1.1
020102,ANCASH,HUARAZ,COCHABAMBA,SIERRA,DISTRITAL,Sierra con Población urbana de hasta 10 mil habitantes,1723.0,450.0,1273.0,0.437675332039757,0.62525047434251
020103,ANCASH,HUARAZ,COLCABAMBA,SIERRA,DISTRITAL,Sierra con Población urbana de hasta 10 mil habitantes,293.0,125.0,168.0,0.437675332039757,0.62525047434251
020104,ANCASH,HUARAZ,HUANCHAY,SIERRA,DISTRITAL,Sierra con Población urbana de hasta 10 mil habitantes,1689.0,288.0,1401.0,0.437675332039757,0.62525047434251
020105,ANCASH,HUARAZ,INDEPENDENCIA,SIERRA,DISTRITAL,Sierra con Población urbana de más de 50 mil habitantes,84931.0,70935.0,13996.0,0.63,0.9
020106,ANCASH,HUARAZ,JANGAS,SIERRA,DISTRITAL,Sierra con Población urbana de hasta 10 mil habitantes,5138.0,2645.0,2493.0,0.32,0.4571428571428571
020107,ANCASH,HUARAZ,LA LIBERTAD,SIERRA,DISTRITAL,Sierra con Población urbana de hasta 10 mil habitantes,1122.0,285.0,837.0,0.437675332039757,0.6252504743425101
020108,ANCASH,HUARAZ,OLLEROS,SIERRA,DISTRITAL,Sierra con Población urbana de hasta 10 mil habitantes,2514.0,1244.0,1270.0,0.437675332039757,0.62525047434251
020109,ANCASH,HUARAZ,PAMPAS /GRANDE,SIERRA,DISTRITAL,Sierra con Población urbana de hasta 10 mil habitantes,1020.0,335.0,685.0,0.437675332039757,0.6252504743425101
020110,ANCASH,HUARAZ,PARIACOTO,SIERRA,DISTRITAL,Sierra con Población urbana de hasta 10 mil habitantes,5163.0,1344.0,3819.0,0.4203505822563048,0.600500831794721
020111,ANCASH,HUARAZ,PIRA,SIERRA,DISTRITAL,Sierra con Población urbana de hasta 10 mil habitantes,3518.0,1155.0,2363.0,0.437675332039757,0.62525047434251
020112,ANCASH,HUARAZ,TARICA,SIERRA,DISTRITAL,Sierra con Población urbana de hasta 10 mil habitantes,7337.0,2007.0,5330.0,0.25,0.35714285714285715
020201,ANCASH,AIJA,AIJA,SIERRA,PROVINCIAL,Sierra con Población urbana de hasta 10 mil habitantes,2175.0,1064.0,1111.0,0.379,0.5414285714285716
020202,ANCASH,AIJA,CORIS,SIERRA,DISTRITAL,Sierra con Población urbana de hasta 10 mil habitantes,1683.0,393.0,1290.0,0.437675332039757,0.62525047434251
020203,ANCASH,AIJA,HUACLLAN,SIERRA,DISTRITAL,Sierra con Población urbana de hasta 10 mil habitantes,371.0,212.0,159.0,0.4203505822563048,0.6005008317947211
020204,ANCASH,AIJA,LA MERCED,SIERRA,DISTRITAL,Sierra con Población urbana de hasta 10 mil habitantes,1573.0,257.0,1316.0,0.437675332039757,0.62525047434251
020205,ANCASH,AIJA,SUCCHA,SIERRA,DISTRITAL,Sierra con Población urbana de hasta 10 mil habitantes,739.0,297.0,442.0,0.437675332039757,0.6252504743425101
020301,ANCASH,ANTONIO RAYMONDI,LLAMELLIN,SIERRA,PROVINCIAL,Sierra con Población urbana de hasta 10 mil habitantes,3446.0,1847.0,1599.0,0.35,0.5000000000000001
020302,ANCASH,ANTONIO RAYMONDI,ACZO,SIERRA,DISTRITAL,Sierra con Población urbana de hasta 10 mil habitantes,1988.0,798.0,1190.0,0.437675332039757,0.6252504743425101
020303,ANCASH,ANTONIO RAYMONDI,CHACCHO,SIERRA,DISTRITAL,Sierra con Población urbana de hasta 10 mil habitantes,1385.0,434.0,951.0,0.437675332039757,0.6252504743425099
020304,ANCASH,ANTONIO RAYMONDI,CHINGAS,SIERRA,DISTRITAL,Sierra con Población urbana de hasta 10 mil habitantes,1956.0,884.0,1072.0,0.437675332039757,0.6252504743425101
020305,ANCASH,ANTONIO RAYMONDI,MIRGAS,SIERRA,DISTRITAL,Sierra con Población urbana de hasta 10 mil habitantes,4212.0,1246.0,2966.0,0.437675332039757,0.6252504743425099
020306,ANCASH,ANTONIO RAYMONDI,SAN JUAN DE RONTOY,SIERRA,DISTRITAL,Sierra con Población urbana de hasta 10 mil habitantes,1181.0,184.0,997.0,0.437675332039757,0.62525047434251
020401,ANCASH,ASUNCION,CHACAS,SIERRA,PROVINCIAL,Sierra con Población urbana de hasta 10 mil habitantes,4825.0,2008.0,2817.0,0.437675332039757,0.62525047434251
020402,ANCASH,ASUNCION,ACOCHACA,SIERRA,DISTRITAL,Sierra con Población urbana de hasta 10 mil habitantes,2980.0,245.0,2735.0,0.437675332039757,0.6252504743425099
020501,ANCASH,BOLOGNESI,CHIQUIAN,SIERRA,PROVINCIAL,Sierra con Población urbana de hasta 10 mil habitantes,4095.0,3815.0,280.0,0.37,0.5285714285714286
020502,ANCASH,BOLOGNESI,ABELARDO PARDO LEZAMETA,SIERRA,DISTRITAL,Sierra con Población urbana de hasta 10 mil habitantes,231.0,189.0,42.0,0.437675332039757,0.62525047434251
020503,ANCASH,BOLOGNESI,ANTONIO RAYMONDI,SIERRA,DISTRITAL,Sierra con Población urbana de hasta 10 mil habitantes,1034.0,345.0,689.0,0.437675332039757,0.6252504743425099
020504,ANCASH,BOLOGNESI,AQUIA,SIERRA,DISTRITAL,Sierra con Población urbana de hasta 10 mil habitantes,2136.0,1103.0,1033.0,0.437675332039757,0.6252504743425099
020505,ANCASH,BOLOGNESI,CAJACAY,SIERRA,DISTRITAL,Sierra con Población urbana de hasta 10 mil habitantes,1856.0,715.0,1141.0,0.437675332039757,0.6252504743425099
020506,ANCASH,BOLOGNESI,CANIS,SIERRA,DISTRITAL,Sierra con Población urbana de hasta 10 mil habitantes,298.0,287.0,11.0,0.437675332039757,0.6252504743425101
020507,ANCASH,BOLOGNESI,COLQUIOC,COSTA,DISTRITAL,Costa con Población urbana de hasta 10 mil habitantes,2404.0,1683.0,721.0,0.5,0.7142857142857144
020508,ANCASH,BOLOGNESI,HUALLANCA,SIERRA,DISTRITAL,Sierra con Población urbana de hasta 10 mil habitantes,6610.0,5514.0,1096.0,0.76,1.085714285714286
020509,ANCASH,BOLOGNESI,HUASTA,SIERRA,DISTRITAL,Sierra con Población urbana de hasta 10 mil habitantes,1408.0,1080.0,328.0,0.23,0.32857142857142857
020510,ANCASH,BOLOGNESI,HUAYLLACAYAN,SIERRA,DISTRITAL,Sierra con Población urbana de hasta 10 mil habitantes,1361.0,353.0,1008.0,0.437675332039757,0.62525047434251
020511,ANCASH,BOLOGNESI,LA PRIMAVERA,SIERRA,DISTRITAL,Sierra con Población urbana de hasta 10 mil habitantes,458.0,344.0,114.0,0.34,0.48571428571428577
020512,ANCASH,BOLOGNESI,MANGAS,SIERRA,DISTRITAL,Sierra con Población urbana de hasta 10 mil habitantes,520.0,384.0,136.0,0.37,0.5285714285714286
020513,ANCASH,BOLOGNESI,PACLLON,SIERRA,DISTRITAL,Sierra con Población urbana de hasta 10 mil habitantes,915.0,811.0,104.0,0.437675332039757,0.6252504743425099
020514,ANCASH,BOLOGNESI,SAN MIGUEL DE CORPANQUI,SIERRA,DISTRITAL,Sierra con Población urbana de hasta 10 mil habitantes,492.0,408.0,84.0,0.42,0.5999999999999999
020515,ANCASH,BOLOGNESI,TICLLOS,SIERRA,DISTRITAL,Sierra con Población urbana de hasta 10 mil habitantes,656.0,568.0,88.0,0.437675332039757,0.62525047434251
020601,ANCASH,CARHUAZ,CARHUAZ,SIERRA,PROVINCIAL,Sierra con Población urbana entre 10 mil y 50 mil habitantes,16428.0,10541.0,5887.0,0.36,0.5142857142857143
020602,ANCASH,CARHUAZ,ACOPAMPA,SIERRA,DISTRITAL,Sierra con Población urbana de hasta 10 mil habitantes,2768.0,1030.0,1738.0,0.437675332039757,0.6252504743425101
020603,ANCASH,CARHUAZ,AMASHCA,SIERRA,DISTRITAL,Sierra con Población urbana de hasta 10 mil habitantes,1529.0,739.0,790.0,0.437675332039757,0.62525047434251
020604,ANCASH,CARHUAZ,ANTA,SIERRA,DISTRITAL,Sierra con Población urbana de hasta 10 mil habitantes,2579.0,778.0,1801.0,0.3,0.42857142857142855
020605,ANCASH,CARHUAZ,ATAQUERO,SIERRA,DISTRITAL,Sierra con Población urbana de hasta 10 mil habitantes,1607.0,295.0,1312.0,0.437675332039757,0.6252504743425101
020606,ANCASH,CARHUAZ,MARCARA,SIERRA,DISTRITAL,Sierra con Población urbana de hasta 10 mil habitantes,10593.0,3979.0,6614.0,0.347,0.4957142857142857
020607,ANCASH,CARHUAZ,PARIAHUANCA,SIERRA,DISTRITAL,Sierra con Población urbana de hasta 10 mil habitantes,1458.0,641.0,817.0,0.437675332039757,0.62525047434251
020608,ANCASH,CARHUAZ,SAN MIGUEL DE ACO,SIERRA,DISTRITAL,Sierra con Población urbana de hasta 10 mil habitantes,2505.0,395.0,2110.0,0.437675332039757,0.6252504743425099
020609,ANCASH,CARHUAZ,SHILLA,SIERRA,DISTRITAL,Sierra con Población urbana de hasta 10 mil habitantes,2943.0,995.0,1948.0,0.4203505822563048,0.600500831794721
020610,ANCASH,CARHUAZ,TINCO,SIERRA,DISTRITAL,Sierra con Población urbana de hasta 10 mil habitantes,3778.0,1634.0,2144.0,0.437675332039757,0.6252504743425099
020611,ANCASH,CARHUAZ,YUNGAR,SIERRA,DISTRITAL,Sierra con Población urbana de hasta 10 mil habitantes,3278.0,742.0,2536.0,0.437675332039757,0.6252504743425099
020701,ANCASH,CARLOS F. FITZCARRALD,SAN LUIS,SIERRA,PROVINCIAL,Sierra con Población urbana de hasta 10 mil habitantes,11158.0,3756.0,7402.0,0.34,0.4857142857142858
020702,ANCASH,CARLOS F. FITZCARRALD,SAN NICOLAS,SIERRA,DISTRITAL,Sierra con Población urbana de hasta 10 mil habitantes,3282.0,1085.0,2197.0,0.437675332039757,0.62525047434251
020703,ANCASH,CARLOS F. FITZCARRALD,YAUYA,SIERRA,DISTRITAL,Sierra con Población urbana de hasta 10 mil habitantes,4257.0,866.0,3391.0,0.437675332039757,0.62525047434251
020801,ANCASH,CASMA,CASMA,COSTA,PROVINCIAL,Costa con Población urbana entre 10 mil y 50 mil habitantes,39286.0,35891.0,3395.0,0.62,0.8857142857142856
020802,ANCASH,CASMA,BUENA VISTA ALTA,COSTA,DISTRITAL,Costa con Población urbana de hasta 10 mil habitantes,5276.0,2758.0,2518.0,0.49965038738600104,0.7137862676942873
020803,ANCASH,CASMA,COMANDANTE NOEL,COSTA,DISTRITAL,Costa con Población urbana de hasta 10 mil habitantes,2313.0,1667.0,646.0,0.49965038738600104,0.7137862676942873
020804,ANCASH,CASMA,YAUTAN,COSTA,DISTRITAL,Costa con Población urbana de hasta 10 mil habitantes,9002.0,3353.0,5649.0,0.49965038738600104,0.7137862676942873
020901,ANCASH,CORONGO,CORONGO,SIERRA,PROVINCIAL,Sierra con Población urbana de hasta 10 mil habitantes,1792.0,1337.0,455.0,0.437675332039757,0.6252504743425101
020902,ANCASH,CORONGO,ACO,SIERRA,DISTRITAL,Sierra con Población urbana de hasta 10 mil habitantes,391.0,209.0,182.0,0.437675332039757,0.6252504743425099
020903,ANCASH,CORONGO,BAMBAS,SIERRA,DISTRITAL,Sierra con Población urbana de hasta 10 mil habitantes,483.0,401.0,82.0,0.437675332039757,0.6252504743425101
020904,ANCASH,CORONGO,CUSCA,SIERRA,DISTRITAL,Sierra con Población urbana de hasta 10 mil habitantes,2874.0,1105.0,1769.0,0.437675332039757,0.6252504743425099
020905,ANCASH,CORONGO,LA PAMPA,SIERRA,DISTRITAL,Sierra con Población urbana de hasta 10 mil habitantes,1084.0,815.0,269.0,0.22,0.31428571428571433
020906,ANCASH,CORONGO,YANAC,SIERRA,DISTRITAL,Sierra con Población urbana de hasta 10 mil habitantes,672.0,253.0,419.0,0.437675332039757,0.62525047434251
020907,ANCASH,CORONGO,YUPAN,SIERRA,DISTRITAL,Sierra con Población urbana de hasta 10 mil habitantes,741.0,694.0,47.0,0.437675332039757,0.62525047434251
021001,ANCASH,HUARI,HUARI,SIERRA,PROVINCIAL,Sierra con Población urbana de hasta 10 mil habitantes,9806.0,6254.0,3552.0,0.3,0.4285714285714286
021002,ANCASH,HUARI,ANRA,SIERRA,DISTRITAL,Sierra con Población urbana de hasta 10 mil habitantes,1443.0,295.0,1148.0,0.437675332039757,0.6252504743425101
021003,ANCASH,HUARI,CAJAY,SIERRA,DISTRITAL,Sierra con Población urbana de hasta 10 mil habitantes,2690.0,665.0,2025.0,0.4203505822563048,0.6005008317947212
021004,ANCASH,HUARI,CHAVIN DE HUANTAR,SIERRA,DISTRITAL,Sierra con Población urbana de hasta 10 mil habitantes,8517.0,2369.0,6148.0,0.33,0.4714285714285715
021005,ANCASH,HUARI,HUACACHI,SIERRA,DISTRITAL,Sierra con Población urbana de hasta 10 mil habitantes,1862.0,790.0,1072.0,0.437675332039757,0.6252504743425099
021006,ANCASH,HUARI,HUACCHIS,SIERRA,DISTRITAL,Sierra con Población urbana de hasta 10 mil habitantes,1446.0,970.0,476.0,0.437675332039757,0.6252504743425101
021007,ANCASH,HUARI,HUACHIS,SIERRA,DISTRITAL,Sierra con Población urbana de hasta 10 mil habitantes,3604.0,1610.0,1994.0,0.437675332039757,0.6252504743425099
021008,ANCASH,HUARI,HUANTAR,SIERRA,DISTRITAL,Sierra con Población urbana de hasta 10 mil habitantes,2768.0,959.0,1809.0,0.4203505822563048,0.6005008317947212
021009,ANCASH,HUARI,MASIN,SIERRA,DISTRITAL,Sierra con Población urbana de hasta 10 mil habitantes,1401.0,796.0,605.0,0.437675332039757,0.62525047434251
021010,ANCASH,HUARI,PAUCAS,SIERRA,DISTRITAL,Sierra con Población urbana de hasta 10 mil habitantes,1601.0,1268.0,333.0,0.437675332039757,0.62525047434251
021011,ANCASH,HUARI,PONTO,SIERRA,DISTRITAL,Sierra con Población urbana de hasta 10 mil habitantes,2781.0,920.0,1861.0,0.437675332039757,0.6252504743425101
021012,ANCASH,HUARI,RAHUAPAMPA,SIERRA,DISTRITAL,Sierra con Población urbana de hasta 10 mil habitantes,751.0,524.0,227.0,0.4203505822563048,0.600500831794721
021013,ANCASH,HUARI,RAPAYAN,SIERRA,DISTRITAL,Sierra con Población urbana de hasta 10 mil habitantes,1483.0,682.0,801.0,0.437675332039757,0.62525047434251
021014,ANCASH,HUARI,SAN MARCOS,SIERRA,DISTRITAL,Sierra con Población urbana de hasta 10 mil habitantes,18998.0,4919.0,14079.0,0.33,0.4714285714285715
021015,ANCASH,HUARI,SAN PEDRO DE CHANA,SIERRA,DISTRITAL,Sierra con Población urbana de hasta 10 mil habitantes,2695.0,1097.0,1598.0,0.54,0.7714285714285714
021016,ANCASH,HUARI,UCO,SIERRA,DISTRITAL,Sierra con Población urbana de hasta 10 mil habitantes,1327.0,686.0,641.0,0.312,0.44571428571428573
021101,ANCASH,HUARMEY,HUARMEY,COSTA,PROVINCIAL,Costa con Población urbana entre 10 mil y 50 mil habitantes,26644.0,23294.0,3350.0,0.87,1.2428571428571429
021102,ANCASH,HUARMEY,COCHAPETI,COSTA,DISTRITAL,Costa con Población urbana de hasta 10 mil habitantes,820.0,238.0,582.0,0.49965038738600104,0.7137862676942873
021103,ANCASH,HUARMEY,CULEBRAS,COSTA,DISTRITAL,Costa con Población urbana de hasta 10 mil habitantes,3382.0,1798.0,1584.0,0.49965038738600104,0.7137862676942873
021104,ANCASH,HUARMEY,HUAYAN,COSTA,DISTRITAL,Costa con Población urbana de hasta 10 mil habitantes,971.0,385.0,586.0,0.49965038738600104,0.7137862676942873
021105,ANCASH,HUARMEY,MALVAS,COSTA,DISTRITAL,Costa con Población urbana de hasta 10 mil habitantes,782.0,340.0,442.0,0.49965038738600104,0.7137862676942873
021201,ANCASH,HUAYLAS,CARAZ,SIERRA,PROVINCIAL,Sierra con Población urbana entre 10 mil y 50 mil habitantes,26663.0,16042.0,10621.0,0.55,0.785714285714286
021202,ANCASH,HUAYLAS,HUALLANCA,SIERRA,DISTRITAL,Sierra con Población urbana de hasta 10 mil habitantes,1096.0,553.0,543.0,0.437675332039757,0.62525047434251
021203,ANCASH,HUAYLAS,HUATA,SIERRA,DISTRITAL,Sierra con Población urbana de hasta 10 mil habitantes,1410.0,214.0,1196.0,0.437675332039757,0.6252504743425099
021204,ANCASH,HUAYLAS,HUAYLAS,SIERRA,DISTRITAL,Sierra con Población urbana de hasta 10 mil habitantes,1712.0,392.0,1320.0,0.437675332039757,0.62525047434251
021205,ANCASH,HUAYLAS,MATO,SIERRA,DISTRITAL,Sierra con Población urbana de hasta 10 mil habitantes,1977.0,999.0,978.0,0.2,0.28571428571428575
021206,ANCASH,HUAYLAS,PAMPAROMAS,SIERRA,DISTRITAL,Sierra con Población urbana de hasta 10 mil habitantes,8577.0,466.0,8111.0,0.437675332039757,0.6252504743425099
021207,ANCASH,HUAYLAS,PUEBLO LIBRE,SIERRA,DISTRITAL,Sierra con Población urbana de hasta 10 mil habitantes,6980.0,509.0,6471.0,0.437675332039757,0.6252504743425099
021208,ANCASH,HUAYLAS,SANTA CRUZ,SIERRA,DISTRITAL,Sierra con Población urbana de hasta 10 mil habitantes,4606.0,702.0,3904.0,0.31,0.44285714285714295
021209,ANCASH,HUAYLAS,SANTO TORIBIO,SIERRA,DISTRITAL,Sierra con Población urbana de hasta 10 mil habitantes,1113.0,266.0,847.0,0.437675332039757,0.62525047434251
021210,ANCASH,HUAYLAS,YURACMARCA,SIERRA,DISTRITAL,Sierra con Población urbana de hasta 10 mil habitantes,2161.0,483.0,1678.0,0.437675332039757,0.62525047434251
021301,ANCASH,MARISCAL LUZURIAGA,PISCOBAMBA,SIERRA,PROVINCIAL,Sierra con Población urbana de hasta 10 mil habitantes,3158.0,1472.0,1686.0,0.437675332039757,0.62525047434251
021302,ANCASH,MARISCAL LUZURIAGA,CASCA,SIERRA,DISTRITAL,Sierra con Población urbana de hasta 10 mil habitantes,4036.0,344.0,3692.0,0.437675332039757,0.6252504743425099
021303,ANCASH,MARISCAL LUZURIAGA,ELEAZAR GUZMAN BARRON,SIERRA,DISTRITAL,Sierra con Población urbana de hasta 10 mil habitantes,1413.0,154.0,1259.0,0.437675332039757,0.6252504743425101
021304,ANCASH,MARISCAL LUZURIAGA,FIDEL OLIVAS ESCUDERO,SIERRA,DISTRITAL,Sierra con Población urbana de hasta 10 mil habitantes,2016.0,168.0,1848.0,0.437675332039757,0.62525047434251
021305,ANCASH,MARISCAL LUZURIAGA,LLAMA,SIERRA,DISTRITAL,Sierra con Población urbana de hasta 10 mil habitantes,1040.0,144.0,896.0,0.437675332039757,0.62525047434251
021306,ANCASH,MARISCAL LUZURIAGA,LLUMPA,SIERRA,DISTRITAL,Sierra con Población urbana de hasta 10 mil habitantes,6294.0,367.0,5927.0,0.437675332039757,0.6252504743425101
021307,ANCASH,MARISCAL LUZURIAGA,LUCMA,SIERRA,DISTRITAL,Sierra con Población urbana de hasta 10 mil habitantes,2894.0,126.0,2768.0,0.437675332039757,0.6252504743425099
021308,ANCASH,MARISCAL LUZURIAGA,MUSGA,SIERRA,DISTRITAL,Sierra con Población urbana de hasta 10 mil habitantes,1040.0,333.0,707.0,0.437675332039757,0.6252504743425101
021401,ANCASH,OCROS,OCROS,SIERRA,PROVINCIAL,Sierra con Población urbana de hasta 10 mil habitantes,1275.0,864.0,411.0,0.75,1.0714285714285714
021402,ANCASH,OCROS,ACAS,SIERRA,DISTRITAL,Sierra con Población urbana de hasta 10 mil habitantes,689.0,350.0,339.0,0.437675332039757,0.6252504743425101
021403,ANCASH,OCROS,CAJAMARQUILLA,SIERRA,DISTRITAL,Sierra con Población urbana de hasta 10 mil habitantes,307.0,298.0,9.0,0.437675332039757,0.6252504743425099
021404,ANCASH,OCROS,CARHUAPAMPA,SIERRA,DISTRITAL,Sierra con Población urbana de hasta 10 mil habitantes,469.0,431.0,38.0,0.437675332039757,0.62525047434251
021405,ANCASH,OCROS,COCHAS,COSTA,DISTRITAL,Costa con Población urbana de hasta 10 mil habitantes,1553.0,488.0,1065.0,0.49965038738600104,0.7137862676942873
021406,ANCASH,OCROS,CONGAS,SIERRA,DISTRITAL,Sierra con Población urbana de hasta 10 mil habitantes,1313.0,951.0,362.0,0.84,1.2
021407,ANCASH,OCROS,LLIPA,SIERRA,DISTRITAL,Sierra con Población urbana de hasta 10 mil habitantes,259.0,236.0,23.0,0.437675332039757,0.6252504743425099
021408,ANCASH,OCROS,SAN CRISTOBAL DE RAJAN,SIERRA,DISTRITAL,Sierra con Población urbana de hasta 10 mil habitantes,449.0,338.0,111.0,0.437675332039757,0.62525047434251
021409,ANCASH,OCROS,SAN PEDRO,COSTA,DISTRITAL,Costa con Población urbana de hasta 10 mil habitantes,593.0,210.0,383.0,0.49965038738600104,0.7137862676942873
021410,ANCASH,OCROS,SANTIAGO DE CHILCAS,SIERRA,DISTRITAL,Sierra con Población urbana de hasta 10 mil habitantes,452.0,318.0,134.0,0.437675332039757,0.62525047434251
021501,ANCASH,PALLASCA,CABANA,SIERRA,PROVINCIAL,Sierra con Población urbana de hasta 10 mil habitantes,2608.0,1944.0,664.0,0.634,0.9057142857142857
021502,ANCASH,PALLASCA,BOLOGNESI,SIERRA,DISTRITAL,Sierra con Población urbana de hasta 10 mil habitantes,1043.0,356.0,687.0,0.437675332039757,0.6252504743425101
021503,ANCASH,PALLASCA,CONCHUCOS,SIERRA,DISTRITAL,Sierra con Población urbana de hasta 10 mil habitantes,7877.0,4401.0,3476.0,0.54,0.7714285714285714
021504,ANCASH,PALLASCA,HUACASCHUQUE,SIERRA,DISTRITAL,Sierra con Población urbana de hasta 10 mil habitantes,543.0,213.0,330.0,0.437675332039757,0.62525047434251
021505,ANCASH,PALLASCA,HUANDOVAL,SIERRA,DISTRITAL,Sierra con Población urbana de hasta 10 mil habitantes,1087.0,715.0,372.0,0.437675332039757,0.6252504743425099
021506,ANCASH,PALLASCA,LACABAMBA,SIERRA,DISTRITAL,Sierra con Población urbana de hasta 10 mil habitantes,528.0,294.0,234.0,0.437675332039757,0.62525047434251
021507,ANCASH,PALLASCA,LLAPO,SIERRA,DISTRITAL,Sierra con Población urbana de hasta 10 mil habitantes,629.0,613.0,16.0,0.58,0.8285714285714286
021508,ANCASH,PALLASCA,PALLASCA,SIERRA,DISTRITAL,Sierra con Población urbana de hasta 10 mil habitantes,2529.0,1021.0,1508.0,0.437675332039757,0.62525047434251
021509,ANCASH,PALLASCA,PAMPAS,SIERRA,DISTRITAL,Sierra con Población urbana de hasta 10 mil habitantes,3902.0,2424.0,1478.0,0.437675332039757,0.62525047434251
021510,ANCASH,PALLASCA,SANTA ROSA,SIERRA,DISTRITAL,Sierra con Población urbana de hasta 10 mil habitantes,1148.0,333.0,815.0,0.437675332039757,0.6252504743425101
021511,ANCASH,PALLASCA,TAUCA,SIERRA,DISTRITAL,Sierra con Población urbana de hasta 10 mil habitantes,2835.0,1341.0,1494.0,0.437675332039757,0.6252504743425099
021601,ANCASH,POMABAMBA,POMABAMBA,SIERRA,PROVINCIAL,Sierra con Población urbana de hasta 10 mil habitantes,14928.0,5682.0,9246.0,0.64,0.9142857142857143
021602,ANCASH,POMABAMBA,HUAYLLAN,SIERRA,DISTRITAL,Sierra con Población urbana de hasta 10 mil habitantes,3094.0,493.0,2601.0,0.437675332039757,0.6252504743425101
021603,ANCASH,POMABAMBA,PAROBAMBA,SIERRA,DISTRITAL,Sierra con Población urbana de hasta 10 mil habitantes,6404.0,1053.0,5351.0,0.437675332039757,0.6252504743425101
021604,ANCASH,POMABAMBA,QUINUABAMBA,SIERRA,DISTRITAL,Sierra con Población urbana de hasta 10 mil habitantes,2334.0,228.0,2106.0,0.437675332039757,0.6252504743425099
021701,ANCASH,RECUAY,RECUAY,SIERRA,PROVINCIAL,Sierra con Población urbana de hasta 10 mil habitantes,4577.0,3237.0,1340.0,0.5,0.7142857142857143
021702,ANCASH,RECUAY,CATAC,SIERRA,DISTRITAL,Sierra con Población urbana de hasta 10 mil habitantes,4070.0,2766.0,1304.0,0.437675332039757,0.62525047434251
021703,ANCASH,RECUAY,COTAPARACO,SIERRA,DISTRITAL,Sierra con Población urbana de hasta 10 mil habitantes,409.0,360.0,49.0,0.73,1.042857142857143
021704,ANCASH,RECUAY,HUAYLLAPAMPA,SIERRA,DISTRITAL,Sierra con Población urbana de hasta 10 mil habitantes,614.0,320.0,294.0,0.437675332039757,0.6252504743425099
021705,ANCASH,RECUAY,LLACLLIN,SIERRA,DISTRITAL,Sierra con Población urbana de hasta 10 mil habitantes,893.0,712.0,181.0,0.45,0.6428571428571429
021706,ANCASH,RECUAY,MARCA,SIERRA,DISTRITAL,Sierra con Población urbana de hasta 10 mil habitantes,1843.0,1700.0,143.0,0.437675332039757,0.62525047434251
021707,ANCASH,RECUAY,PAMPAS CHICO,SIERRA,DISTRITAL,Sierra con Población urbana de hasta 10 mil habitantes,901.0,513.0,388.0,0.437675332039757,0.62525047434251
021708,ANCASH,RECUAY,PARARIN,COSTA,DISTRITAL,Costa con Población urbana de hasta 10 mil habitantes,1681.0,426.0,1255.0,0.49965038738600104,0.7137862676942872
021709,ANCASH,RECUAY,TAPACOCHA,SIERRA,DISTRITAL,Sierra con Población urbana de hasta 10 mil habitantes,440.0,292.0,148.0,0.437675332039757,0.62525047434251
021710,ANCASH,RECUAY,TICAPAMPA,SIERRA,DISTRITAL,Sierra con Población urbana de hasta 10 mil habitantes,2726.0,1796.0,930.0,0.437675332039757,0.62525047434251
021801,ANCASH,SANTA,CHIMBOTE,COSTA,PROVINCIAL,Costa con Población urbana de más de 50 mil habitantes,216601.0,207696.0,8905.0,0.52,0.7428571428571428
021802,ANCASH,SANTA,CACERES DEL PERU,SIERRA,DISTRITAL,Sierra con Población urbana de hasta 10 mil habitantes,4828.0,1019.0,3809.0,0.437675332039757,0.62525047434251
021803,ANCASH,SANTA,COISHCO,COSTA,DISTRITAL,Costa con Población urbana entre 10 mil y 50 mil habitantes,17236.0,17236.0,0.0,0.6,0.8571428571428572
021804,ANCASH,SANTA,MACATE,SIERRA,DISTRITAL,Sierra con Población urbana de hasta 10 mil habitantes,3315.0,352.0,2963.0,0.437675332039757,0.6252504743425101
021805,ANCASH,SANTA,MORO,SIERRA,DISTRITAL,Sierra con Población urbana de hasta 10 mil habitantes,8576.0,4389.0,4187.0,0.79,1.1285714285714288
021806,ANCASH,SANTA,NEPEÑA,COSTA,DISTRITAL,Costa con Población urbana entre 10 mil y 50 mil habitantes,14742.0,13706.0,1036.0,0.45,0.6428571428571429
021807,ANCASH,SANTA,SAMANCO,COSTA,DISTRITAL,Costa con Población urbana de hasta 10 mil habitantes,5129.0,3842.0,1287.0,0.37,0.5285714285714286
021808,ANCASH,SANTA,SANTA,COSTA,DISTRITAL,Costa con Población urbana entre 10 mil y 50 mil habitantes,22242.0,20119.0,2123.0,0.41,0.5857142857142857
021809,ANCASH,SANTA,NUEVO CHIMBOTE,COSTA,DISTRITAL,Costa con Población urbana de más de 50 mil habitantes,174513.0,173373.0,1140.0,0.6,0.8571428571428572
021901,ANCASH,SIHUAS,SIHUAS,SIERRA,PROVINCIAL,Sierra con Población urbana de hasta 10 mil habitantes,5678.0,4457.0,1221.0,0.47,0.6714285714285715
021902,ANCASH,SIHUAS,ACOBAMBA,SIERRA,DISTRITAL,Sierra con Población urbana de hasta 10 mil habitantes,1673.0,816.0,857.0,0.437675332039757,0.62525047434251
021903,ANCASH,SIHUAS,ALFONSO UGARTE,SIERRA,DISTRITAL,Sierra con Población urbana de hasta 10 mil habitantes,535.0,197.0,338.0,0.437675332039757,0.62525047434251
021904,ANCASH,SIHUAS,CASHAPAMPA,SIERRA,DISTRITAL,Sierra con Población urbana de hasta 10 mil habitantes,2954.0,649.0,2305.0,0.437675332039757,0.62525047434251
021905,ANCASH,SIHUAS,CHINGALPO,SIERRA,DISTRITAL,Sierra con Población urbana de hasta 10 mil habitantes,933.0,463.0,470.0,0.437675332039757,0.62525047434251
021906,ANCASH,SIHUAS,HUAYLLABAMBA,SIERRA,DISTRITAL,Sierra con Población urbana de hasta 10 mil habitantes,3740.0,1054.0,2686.0,0.437675332039757,0.62525047434251
021907,ANCASH,SIHUAS,QUICHES,SIERRA,DISTRITAL,Sierra con Población urbana de hasta 10 mil habitantes,2428.0,552.0,1876.0,0.437675332039757,0.62525047434251
021908,ANCASH,SIHUAS,RAGASH,SIERRA,DISTRITAL,Sierra con Población urbana de hasta 10 mil habitantes,2432.0,355.0,2077.0,0.437675332039757,0.62525047434251
021909,ANCASH,SIHUAS,SAN JUAN,SIERRA,DISTRITAL,Sierra con Población urbana de hasta 10 mil habitantes,6870.0,641.0,6229.0,0.437675332039757,0.62525047434251
021910,ANCASH,SIHUAS,SICSIBAMBA,SIERRA,DISTRITAL,Sierra con Población urbana de hasta 10 mil habitantes,1531.0,692.0,839.0,0.437675332039757,0.6252504743425101
022001,ANCASH,YUNGAY,YUNGAY,SIERRA,PROVINCIAL,Sierra con Población urbana entre 10 mil y 50 mil habitantes,22118.0,10216.0,11902.0,0.31,0.44285714285714284
022002,ANCASH,YUNGAY,CASCAPARA,SIERRA,DISTRITAL,Sierra con Población urbana de hasta 10 mil habitantes,1725.0,159.0,1566.0,0.4203505822563048,0.600500831794721
022003,ANCASH,YUNGAY,MANCOS,SIERRA,DISTRITAL,Sierra con Población urbana de hasta 10 mil habitantes,6904.0,2403.0,4501.0,0.33,0.4714285714285715
022004,ANCASH,YUNGAY,MATACOTO,SIERRA,DISTRITAL,Sierra con Población urbana de hasta 10 mil habitantes,1519.0,346.0,1173.0,0.25,0.35714285714285715
022005,ANCASH,YUNGAY,QUILLO,SIERRA,DISTRITAL,Sierra con Población urbana de hasta 10 mil habitantes,13049.0,1366.0,11683.0,0.437675332039757,0.62525047434251
022006,ANCASH,YUNGAY,RANRAHIRCA,SIERRA,DISTRITAL,Sierra con Población urbana de hasta 10 mil habitantes,2952.0,1065.0,1887.0,0.437675332039757,0.6252504743425101
022007,ANCASH,YUNGAY,SHUPLUY,SIERRA,DISTRITAL,Sierra con Población urbana de hasta 10 mil habitantes,1932.0,200.0,1732.0,0.4,0.5714285714285715
022008,ANCASH,YUNGAY,YANAMA,SIERRA,DISTRITAL,Sierra con Población urbana de hasta 10 mil habitantes,5476.0,435.0,5041.0,0.437675332039757,0.6252504743425099
030101,APURIMAC,ABANCAY,ABANCAY,SIERRA,PROVINCIAL,Sierra con Población urbana de más de 50 mil habitantes,74800.0,67561.0,7239.0,0.5,0.7142857142857144
030102,APURIMAC,ABANCAY,CHACOCHE,SIERRA,DISTRITAL,Sierra con Población urbana de hasta 10 mil habitantes,1425.0,1073.0,352.0,0.68,0.9714285714285715
030103,APURIMAC,ABANCAY,CIRCA,SIERRA,DISTRITAL,Sierra con Población urbana de hasta 10 mil habitantes,1887.0,342.0,1545.0,0.437675332039757,0.6252504743425101
030104,APURIMAC,ABANCAY,CURAHUASI,SIERRA,DISTRITAL,Sierra con Población urbana de hasta 10 mil habitantes,17127.0,7159.0,9968.0,0.437675332039757,0.62525047434251
030105,APURIMAC,ABANCAY,HUANIPACA,SIERRA,DISTRITAL,Sierra con Población urbana de hasta 10 mil habitantes,2896.0,574.0,2322.0,0.437675332039757,0.6252504743425101
030106,APURIMAC,ABANCAY,LAMBRAMA,SIERRA,DISTRITAL,Sierra con Población urbana de hasta 10 mil habitantes,2953.0,1050.0,1903.0,0.437675332039757,0.62525047434251
030107,APURIMAC,ABANCAY,PICHIRHUA,SIERRA,DISTRITAL,Sierra con Población urbana de hasta 10 mil habitantes,2777.0,462.0,2315.0,0.437675332039757,0.62525047434251
030108,APURIMAC,ABANCAY,SAN PEDRO DE CACHORA,SIERRA,DISTRITAL,Sierra con Población urbana de hasta 10 mil habitantes,2568.0,700.0,1868.0,0.437675332039757,0.6252504743425101
030109,APURIMAC,ABANCAY,TAMBURCO,SIERRA,DISTRITAL,Sierra con Población urbana de hasta 10 mil habitantes,11959.0,9847.0,2112.0,0.6,0.8571428571428572
030201,APURIMAC,ANDAHUAYLAS,ANDAHUAYLAS,SIERRA,PROVINCIAL,Sierra con Población urbana entre 10 mil y 50 mil habitantes,45221.0,36547.0,8674.0,0.47,0.6714285714285715
030202,APURIMAC,ANDAHUAYLAS,ANDARAPA,SIERRA,DISTRITAL,Sierra con Población urbana de hasta 10 mil habitantes,5655.0,1348.0,4307.0,0.437675332039757,0.62525047434251
030203,APURIMAC,ANDAHUAYLAS,CHIARA,SIERRA,DISTRITAL,Sierra con Población urbana de hasta 10 mil habitantes,1224.0,742.0,482.0,0.437675332039757,0.6252504743425099
030204,APURIMAC,ANDAHUAYLAS,HUANCARAMA,SIERRA,DISTRITAL,Sierra con Población urbana de hasta 10 mil habitantes,5229.0,2872.0,2357.0,0.52,0.7428571428571428
030205,APURIMAC,ANDAHUAYLAS,HUANCARAY,SIERRA,DISTRITAL,Sierra con Población urbana de hasta 10 mil habitantes,3904.0,428.0,3476.0,0.437675332039757,0.6252504743425099
030206,APURIMAC,ANDAHUAYLAS,HUAYANA,SIERRA,DISTRITAL,Sierra con Población urbana de hasta 10 mil habitantes,770.0,479.0,291.0,0.437675332039757,0.6252504743425101
030207,APURIMAC,ANDAHUAYLAS,KISHUARA,SIERRA,DISTRITAL,Sierra con Población urbana de hasta 10 mil habitantes,6234.0,1449.0,4785.0,0.55,0.7857142857142858
030208,APURIMAC,ANDAHUAYLAS,PACOBAMBA,SIERRA,DISTRITAL,Sierra con Población urbana de hasta 10 mil habitantes,3451.0,448.0,3003.0,0.437675332039757,0.6252504743425099
030209,APURIMAC,ANDAHUAYLAS,PACUCHA,SIERRA,DISTRITAL,Sierra con Población urbana de hasta 10 mil habitantes,8514.0,1051.0,7463.0,0.437675332039757,0.62525047434251
030210,APURIMAC,ANDAHUAYLAS,PAMPACHIRI,SIERRA,DISTRITAL,Sierra con Población urbana de hasta 10 mil habitantes,2293.0,644.0,1649.0,0.437675332039757,0.62525047434251
030211,APURIMAC,ANDAHUAYLAS,POMACOCHA,SIERRA,DISTRITAL,Sierra con Población urbana de hasta 10 mil habitantes,901.0,644.0,257.0,0.4,0.5714285714285715
030212,APURIMAC,ANDAHUAYLAS,SAN ANTONIO DE CACHI,SIERRA,DISTRITAL,Sierra con Población urbana de hasta 10 mil habitantes,3028.0,1455.0,1573.0,0.437675332039757,0.62525047434251
030213,APURIMAC,ANDAHUAYLAS,SAN JERONIMO,SIERRA,DISTRITAL,Sierra con Población urbana entre 10 mil y 50 mil habitantes,22184.0,12734.0,9450.0,0.5,0.7142857142857143
030214,APURIMAC,ANDAHUAYLAS,SAN MIGUEL DE CHACCRAMPA,SIERRA,DISTRITAL,Sierra con Población urbana de hasta 10 mil habitantes,1673.0,636.0,1037.0,0.437675332039757,0.62525047434251
030215,APURIMAC,ANDAHUAYLAS,SANTA MARIA DE CHICMO,SIERRA,DISTRITAL,Sierra con Población urbana de hasta 10 mil habitantes,8674.0,4394.0,4280.0,0.37,0.5285714285714286
030216,APURIMAC,ANDAHUAYLAS,TALAVERA,SIERRA,DISTRITAL,Sierra con Población urbana entre 10 mil y 50 mil habitantes,19711.0,11837.0,7874.0,0.43,0.6142857142857143
030217,APURIMAC,ANDAHUAYLAS,TUMAY HUARACA,SIERRA,DISTRITAL,Sierra con Población urbana de hasta 10 mil habitantes,1939.0,514.0,1425.0,0.437675332039757,0.62525047434251
030218,APURIMAC,ANDAHUAYLAS,TURPO,SIERRA,DISTRITAL,Sierra con Población urbana de hasta 10 mil habitantes,3778.0,1138.0,2640.0,0.437675332039757,0.62525047434251
030219,APURIMAC,ANDAHUAYLAS,KAQUIABAMBA,SIERRA,DISTRITAL,Sierra con Población urbana de hasta 10 mil habitantes,1802.0,1130.0,672.0,0.855,1.2214285714285715
030220,APURIMAC,ANDAHUAYLAS,JOSE MARIA ARGUEDAS,SIERRA,DISTRITAL,Sierra con Población urbana de hasta 10 mil habitantes,4449.0,3080.0,1369.0,0.53,0.7571428571428571
030301,APURIMAC,ANTABAMBA,ANTABAMBA,SIERRA,PROVINCIAL,Sierra con Población urbana de hasta 10 mil habitantes,2895.0,2134.0,761.0,0.22,0.3142857142857143
030302,APURIMAC,ANTABAMBA,EL ORO,SIERRA,DISTRITAL,Sierra con Población urbana de hasta 10 mil habitantes,590.0,471.0,119.0,0.437675332039757,0.62525047434251
030303,APURIMAC,ANTABAMBA,HUAQUIRCA,SIERRA,DISTRITAL,Sierra con Población urbana de hasta 10 mil habitantes,2005.0,1344.0,661.0,0.437675332039757,0.62525047434251
030304,APURIMAC,ANTABAMBA,JUAN ESPINOZA MEDRANO,SIERRA,DISTRITAL,Sierra con Población urbana de hasta 10 mil habitantes,1763.0,1575.0,188.0,0.46,0.6571428571428573
030305,APURIMAC,ANTABAMBA,OROPESA,SIERRA,DISTRITAL,Sierra con Población urbana de hasta 10 mil habitantes,2390.0,1728.0,662.0,0.437675332039757,0.62525047434251
030306,APURIMAC,ANTABAMBA,PACHACONAS,SIERRA,DISTRITAL,Sierra con Población urbana de hasta 10 mil habitantes,1091.0,1000.0,91.0,0.15,0.2142857142857143
030307,APURIMAC,ANTABAMBA,SABAINO,SIERRA,DISTRITAL,Sierra con Población urbana de hasta 10 mil habitantes,1120.0,915.0,205.0,0.437675332039757,0.6252504743425099
030401,APURIMAC,AYMARAES,CHALHUANCA,SIERRA,PROVINCIAL,Sierra con Población urbana de hasta 10 mil habitantes,5164.0,4444.0,720.0,0.39,0.5571428571428572
030402,APURIMAC,AYMARAES,CAPAYA,SIERRA,DISTRITAL,Sierra con Población urbana de hasta 10 mil habitantes,606.0,232.0,374.0,0.437675332039757,0.6252504743425101
030403,APURIMAC,AYMARAES,CARAYBAMBA,SIERRA,DISTRITAL,Sierra con Población urbana de hasta 10 mil habitantes,949.0,900.0,49.0,0.437675332039757,0.62525047434251
030404,APURIMAC,AYMARAES,CHAPIMARCA,SIERRA,DISTRITAL,Sierra con Población urbana de hasta 10 mil habitantes,1939.0,984.0,955.0,0.74,1.0571428571428572
030405,APURIMAC,AYMARAES,COLCABAMBA,SIERRA,DISTRITAL,Sierra con Población urbana de hasta 10 mil habitantes,721.0,489.0,232.0,0.4203505822563048,0.6005008317947211
030406,APURIMAC,AYMARAES,COTARUSE,SIERRA,DISTRITAL,Sierra con Población urbana de hasta 10 mil habitantes,2598.0,812.0,1786.0,0.4203505822563048,0.600500831794721
030407,APURIMAC,AYMARAES,IHUAYLLO,SIERRA,DISTRITAL,Sierra con Población urbana de hasta 10 mil habitantes,466.0,157.0,309.0,0.437675332039757,0.6252504743425101
030408,APURIMAC,AYMARAES,JUSTO APU SAHUARAURA,SIERRA,DISTRITAL,Sierra con Población urbana de hasta 10 mil habitantes,747.0,218.0,529.0,0.437675332039757,0.62525047434251
030409,APURIMAC,AYMARAES,LUCRE,SIERRA,DISTRITAL,Sierra con Población urbana de hasta 10 mil habitantes,1552.0,328.0,1224.0,0.437675332039757,0.62525047434251
030410,APURIMAC,AYMARAES,POCOHUANCA,SIERRA,DISTRITAL,Sierra con Población urbana de hasta 10 mil habitantes,1054.0,558.0,496.0,0.437675332039757,0.62525047434251
030411,APURIMAC,AYMARAES,SAN JUAN DE CHACÑA,SIERRA,DISTRITAL,Sierra con Población urbana de hasta 10 mil habitantes,784.0,638.0,146.0,0.437675332039757,0.6252504743425099
030412,APURIMAC,AYMARAES,SAÑAYCA,SIERRA,DISTRITAL,Sierra con Población urbana de hasta 10 mil habitantes,1137.0,535.0,602.0,0.437675332039757,0.62525047434251
030413,APURIMAC,AYMARAES,SORAYA,SIERRA,DISTRITAL,Sierra con Población urbana de hasta 10 mil habitantes,742.0,168.0,574.0,0.437675332039757,0.62525047434251
030414,APURIMAC,AYMARAES,TAPAIRIHUA,SIERRA,DISTRITAL,Sierra con Población urbana de hasta 10 mil habitantes,1926.0,215.0,1711.0,0.437675332039757,0.62525047434251
030415,APURIMAC,AYMARAES,TINTAY,SIERRA,DISTRITAL,Sierra con Población urbana de hasta 10 mil habitantes,2320.0,732.0,1588.0,0.437675332039757,0.6252504743425101
030416,APURIMAC,AYMARAES,TORAYA,SIERRA,DISTRITAL,Sierra con Población urbana de hasta 10 mil habitantes,1301.0,423.0,878.0,0.437675332039757,0.6252504743425101
030417,APURIMAC,AYMARAES,YANACA,SIERRA,DISTRITAL,Sierra con Población urbana de hasta 10 mil habitantes,1006.0,576.0,430.0,0.437675332039757,0.62525047434251
030501,APURIMAC,COTABAMBAS,TAMBOBAMBA,SIERRA,PROVINCIAL,Sierra con Población urbana de hasta 10 mil habitantes,10816.0,4558.0,6258.0,0.5,0.7142857142857142
030502,APURIMAC,COTABAMBAS,COTABAMBAS,SIERRA,DISTRITAL,Sierra con Población urbana de hasta 10 mil habitantes,4089.0,1668.0,2421.0,0.437675332039757,0.62525047434251
030503,APURIMAC,COTABAMBAS,COYLLURQUI,SIERRA,DISTRITAL,Sierra con Población urbana de hasta 10 mil habitantes,6860.0,989.0,5871.0,0.437675332039757,0.6252504743425101
030504,APURIMAC,COTABAMBAS,HAQUIRA,SIERRA,DISTRITAL,Sierra con Población urbana de hasta 10 mil habitantes,9840.0,5225.0,4615.0,0.437675332039757,0.6252504743425099
030505,APURIMAC,COTABAMBAS,MARA,SIERRA,DISTRITAL,Sierra con Población urbana de hasta 10 mil habitantes,6171.0,1169.0,5002.0,0.437675332039757,0.6252504743425099
030506,APURIMAC,COTABAMBAS,CHALLHUAHUACHO,SIERRA,DISTRITAL,Sierra con Población urbana de hasta 10 mil habitantes,16776.0,7015.0,9761.0,0.8,1.142857142857143
030601,APURIMAC,CHINCHEROS,CHINCHEROS,SIERRA,PROVINCIAL,Sierra con Población urbana de hasta 10 mil habitantes,5529.0,3245.0,2284.0,0.4,0.5714285714285715
030602,APURIMAC,CHINCHEROS,ANCO-HUALLO,SIERRA,DISTRITAL,Sierra con Población urbana de hasta 10 mil habitantes,10749.0,8128.0,2621.0,0.47,0.6714285714285715
030603,APURIMAC,CHINCHEROS,COCHARCAS,SIERRA,DISTRITAL,Sierra con Población urbana de hasta 10 mil habitantes,1772.0,466.0,1306.0,0.437675332039757,0.6252504743425099
030604,APURIMAC,CHINCHEROS,HUACCANA,SIERRA,DISTRITAL,Sierra con Población urbana de hasta 10 mil habitantes,6836.0,2546.0,4290.0,0.437675332039757,0.6252504743425101
030605,APURIMAC,CHINCHEROS,OCOBAMBA,SIERRA,DISTRITAL,Sierra con Población urbana de hasta 10 mil habitantes,7125.0,1745.0,5380.0,0.437675332039757,0.6252504743425099
030606,APURIMAC,CHINCHEROS,ONGOY,SIERRA,DISTRITAL,Sierra con Población urbana de hasta 10 mil habitantes,2408.0,307.0,2101.0,0.437675332039757,0.62525047434251
030607,APURIMAC,CHINCHEROS,URANMARCA,SIERRA,DISTRITAL,Sierra con Población urbana de hasta 10 mil habitantes,2794.0,1052.0,1742.0,0.437675332039757,0.62525047434251
030608,APURIMAC,CHINCHEROS,RANRACANCHA,SIERRA,DISTRITAL,Sierra con Población urbana de hasta 10 mil habitantes,4209.0,983.0,3226.0,0.437675332039757,0.62525047434251
030609,APURIMAC,CHINCHEROS,ROCCHACC,SIERRA,DISTRITAL,Sierra con Población urbana de hasta 10 mil habitantes,2810.0,892.0,1918.0,0.437675332039757,0.62525047434251
030610,APURIMAC,CHINCHEROS,EL PORVENIR,SIERRA,DISTRITAL,Sierra con Población urbana de hasta 10 mil habitantes,1788.0,1220.0,568.0,0.437675332039757,0.6252504743425101
030611,APURIMAC,CHINCHEROS,LOS CHANKAS,SIERRA,DISTRITAL,Sierra con Población urbana de hasta 10 mil habitantes,1050.0,274.0,776.0,0.437675332039757,0.62525047434251
030701,APURIMAC,GRAU,CHUQUIBAMBILLA,SIERRA,PROVINCIAL,Sierra con Población urbana de hasta 10 mil habitantes,5295.0,3143.0,2152.0,0.25,0.3571428571428571
030702,APURIMAC,GRAU,CURPAHUASI,SIERRA,DISTRITAL,Sierra con Población urbana de hasta 10 mil habitantes,2003.0,411.0,1592.0,0.437675332039757,0.62525047434251
030703,APURIMAC,GRAU,GAMARRA,SIERRA,DISTRITAL,Sierra con Población urbana de hasta 10 mil habitantes,2791.0,283.0,2508.0,0.437675332039757,0.62525047434251
030704,APURIMAC,GRAU,HUAYLLATI,SIERRA,DISTRITAL,Sierra con Población urbana de hasta 10 mil habitantes,1385.0,349.0,1036.0,0.4203505822563048,0.600500831794721
030705,APURIMAC,GRAU,MAMARA,SIERRA,DISTRITAL,Sierra con Población urbana de hasta 10 mil habitantes,900.0,545.0,355.0,0.437675332039757,0.62525047434251
030706,APURIMAC,GRAU,MICAELA BASTIDAS,SIERRA,DISTRITAL,Sierra con Población urbana de hasta 10 mil habitantes,933.0,413.0,520.0,0.437675332039757,0.62525047434251
030707,APURIMAC,GRAU,PATAYPAMPA,SIERRA,DISTRITAL,Sierra con Población urbana de hasta 10 mil habitantes,814.0,406.0,408.0,0.437675332039757,0.62525047434251
030708,APURIMAC,GRAU,PROGRESO,SIERRA,DISTRITAL,Sierra con Población urbana de hasta 10 mil habitantes,3194.0,1173.0,2021.0,0.437675332039757,0.6252504743425099
030709,APURIMAC,GRAU,SAN ANTONIO,SIERRA,DISTRITAL,Sierra con Población urbana de hasta 10 mil habitantes,278.0,236.0,42.0,0.41,0.5857142857142856
030710,APURIMAC,GRAU,SANTA ROSA,SIERRA,DISTRITAL,Sierra con Población urbana de hasta 10 mil habitantes,576.0,245.0,331.0,0.437675332039757,0.6252504743425099
030711,APURIMAC,GRAU,TURPAY,SIERRA,DISTRITAL,Sierra con Población urbana de hasta 10 mil habitantes,652.0,591.0,61.0,0.13,0.1857142857142857
030712,APURIMAC,GRAU,VILCABAMBA,SIERRA,DISTRITAL,Sierra con Población urbana de hasta 10 mil habitantes,1321.0,1276.0,45.0,0.437675332039757,0.6252504743425099
030713,APURIMAC,GRAU,VIRUNDO,SIERRA,DISTRITAL,Sierra con Población urbana de hasta 10 mil habitantes,668.0,613.0,55.0,0.21,0.29999999999999993
030714,APURIMAC,GRAU,CURASCO,SIERRA,DISTRITAL,Sierra con Población urbana de hasta 10 mil habitantes,1263.0,461.0,802.0,0.437675332039757,0.6252504743425101
040101,AREQUIPA,AREQUIPA,AREQUIPA,SIERRA,PROVINCIAL,Sierra con Población urbana de más de 50 mil habitantes,55033.0,55033.0,0.0,0.55,0.785714285714286
040102,AREQUIPA,AREQUIPA,ALTO SELVA ALEGRE,SIERRA,DISTRITAL,Sierra con Población urbana de más de 50 mil habitantes,87291.0,87291.0,0.0,0.45,0.6428571428571429
040103,AREQUIPA,AREQUIPA,CAYMA,SIERRA,DISTRITAL,Sierra con Población urbana de más de 50 mil habitantes,100686.0,100670.0,16.0,0.46,0.6571428571428574
040104,AREQUIPA,AREQUIPA,CERRO COLORADO,SIERRA,DISTRITAL,Sierra con Población urbana de más de 50 mil habitantes,217894.0,217615.0,279.0,0.37,0.5285714285714286
040105,AREQUIPA,AREQUIPA,CHARACATO,SIERRA,DISTRITAL,Sierra con Población urbana entre 10 mil y 50 mil habitantes,15190.0,14495.0,695.0,0.39,0.5571428571428573
040106,AREQUIPA,AREQUIPA,CHIGUATA,SIERRA,DISTRITAL,Sierra con Población urbana de hasta 10 mil habitantes,3080.0,2315.0,765.0,0.437675332039757,0.62525047434251
040107,AREQUIPA,AREQUIPA,JACOBO HUNTER,SIERRA,DISTRITAL,Sierra con Población urbana de más de 50 mil habitantes,51442.0,51420.0,22.0,0.37,0.5285714285714286
040108,AREQUIPA,AREQUIPA,LA JOYA,SIERRA,DISTRITAL,Sierra con Población urbana entre 10 mil y 50 mil habitantes,36807.0,32158.0,4649.0,0.45,0.6428571428571429
040109,AREQUIPA,AREQUIPA,MARIANO MELGAR,SIERRA,DISTRITAL,Sierra con Población urbana de más de 50 mil habitantes,63460.0,63460.0,0.0,0.48,0.6857142857142857
040110,AREQUIPA,AREQUIPA,MIRAFLORES,SIERRA,DISTRITAL,Sierra con Población urbana de más de 50 mil habitantes,62586.0,62586.0,0.0,0.51,0.7285714285714288
040111,AREQUIPA,AREQUIPA,MOLLEBAYA,SIERRA,DISTRITAL,Sierra con Población urbana de hasta 10 mil habitantes,6172.0,5382.0,790.0,0.32,0.45714285714285724
040112,AREQUIPA,AREQUIPA,PAUCARPATA,SIERRA,DISTRITAL,Sierra con Población urbana de más de 50 mil habitantes,133175.0,133175.0,0.0,0.48,0.6857142857142858
040113,AREQUIPA,AREQUIPA,POCSI,SIERRA,DISTRITAL,Sierra con Población urbana de hasta 10 mil habitantes,458.0,250.0,208.0,0.437675332039757,0.62525047434251
040114,AREQUIPA,AREQUIPA,POLOBAYA,SIERRA,DISTRITAL,Sierra con Población urbana de hasta 10 mil habitantes,836.0,347.0,489.0,0.437675332039757,0.62525047434251
040115,AREQUIPA,AREQUIPA,QUEQUEÑA,SIERRA,DISTRITAL,Sierra con Población urbana de hasta 10 mil habitantes,6085.0,5946.0,139.0,0.39,0.5571428571428572
040116,AREQUIPA,AREQUIPA,SABANDIA,SIERRA,DISTRITAL,Sierra con Población urbana de hasta 10 mil habitantes,4476.0,4463.0,13.0,0.37,0.5285714285714286
040117,AREQUIPA,AREQUIPA,SACHACA,SIERRA,DISTRITAL,Sierra con Población urbana entre 10 mil y 50 mil habitantes,26163.0,26163.0,0.0,0.57,0.8142857142857143
040118,AREQUIPA,AREQUIPA,SAN JUAN DE SIGUAS,COSTA,DISTRITAL,Costa con Población urbana de hasta 10 mil habitantes,601.0,431.0,170.0,0.49965038738600104,0.7137862676942873
040119,AREQUIPA,AREQUIPA,SAN JUAN DE TARUCANI,SIERRA,DISTRITAL,Sierra con Población urbana de hasta 10 mil habitantes,1353.0,551.0,802.0,0.437675332039757,0.62525047434251
040120,AREQUIPA,AREQUIPA,SANTA ISABEL DE SIGUAS,COSTA,DISTRITAL,Costa con Población urbana de hasta 10 mil habitantes,686.0,88.0,598.0,0.49965038738600104,0.7137862676942873
040121,AREQUIPA,AREQUIPA,SANTA RITA DE SIGUAS,COSTA,DISTRITAL,Costa con Población urbana de hasta 10 mil habitantes,7187.0,6951.0,236.0,0.55,0.7857142857142858
040122,AREQUIPA,AREQUIPA,SOCABAYA,SIERRA,DISTRITAL,Sierra con Población urbana de más de 50 mil habitantes,79147.0,78626.0,521.0,0.4,0.5714285714285715
040123,AREQUIPA,AREQUIPA,TIABAYA,SIERRA,DISTRITAL,Sierra con Población urbana entre 10 mil y 50 mil habitantes,16848.0,16346.0,502.0,0.52,0.7428571428571428
040124,AREQUIPA,AREQUIPA,UCHUMAYO,SIERRA,DISTRITAL,Sierra con Población urbana entre 10 mil y 50 mil habitantes,15689.0,14788.0,901.0,0.4,0.5714285714285715
040125,AREQUIPA,AREQUIPA,VITOR,COSTA,DISTRITAL,Costa con Población urbana de hasta 10 mil habitantes,4332.0,2066.0,2266.0,0.49965038738600104,0.7137862676942873
040126,AREQUIPA,AREQUIPA,YANAHUARA,SIERRA,DISTRITAL,Sierra con Población urbana entre 10 mil y 50 mil habitantes,26099.0,26099.0,0.0,0.62,0.8857142857142859
040127,AREQUIPA,AREQUIPA,YARABAMBA,SIERRA,DISTRITAL,Sierra con Población urbana de hasta 10 mil habitantes,1482.0,1442.0,40.0,0.4203505822563048,0.6005008317947211
040128,AREQUIPA,AREQUIPA,YURA,SIERRA,DISTRITAL,Sierra con Población urbana entre 10 mil y 50 mil habitantes,39899.0,39299.0,600.0,0.39,0.5571428571428572
040129,AREQUIPA,AREQUIPA,JOSE LUIS BUSTAMANTE Y RIVERO,SIERRA,DISTRITAL,Sierra con Población urbana de más de 50 mil habitantes,82261.0,82261.0,0.0,0.45,0.642857142857143
040201,AREQUIPA,CAMANA,CAMANA,COSTA,PROVINCIAL,Costa con Población urbana entre 10 mil y 50 mil habitantes,12855.0,12852.0,3.0,0.54,0.7714285714285716
040202,AREQUIPA,CAMANA,JOSE MARIA QUIMPER,COSTA,DISTRITAL,Costa con Población urbana de hasta 10 mil habitantes,4645.0,4636.0,9.0,0.57,0.8142857142857145
040203,AREQUIPA,CAMANA,MARIANO NICOLAS VALCARCEL,COSTA,DISTRITAL,Costa con Población urbana de hasta 10 mil habitantes,8014.0,1031.0,6983.0,0.71,1.0142857142857142
040204,AREQUIPA,CAMANA,MARISCAL CACERES,COSTA,DISTRITAL,Costa con Población urbana de hasta 10 mil habitantes,6371.0,5937.0,434.0,0.49,0.7000000000000002
040205,AREQUIPA,CAMANA,NICOLAS DE PIEROLA,COSTA,DISTRITAL,Costa con Población urbana de hasta 10 mil habitantes,7583.0,7464.0,119.0,0.49965038738600104,0.7137862676942873
040206,AREQUIPA,CAMANA,OCOÑA,COSTA,DISTRITAL,Costa con Población urbana de hasta 10 mil habitantes,4082.0,3470.0,612.0,0.61,0.8714285714285713
040207,AREQUIPA,CAMANA,QUILCA,COSTA,DISTRITAL,Costa con Población urbana de hasta 10 mil habitantes,1048.0,189.0,859.0,0.49965038738600104,0.7137862676942873
040208,AREQUIPA,CAMANA,SAMUEL PASTOR,COSTA,DISTRITAL,Costa con Población urbana entre 10 mil y 50 mil habitantes,16302.0,15881.0,421.0,0.61,0.8714285714285713
040301,AREQUIPA,CARAVELI,CARAVELI,SIERRA,PROVINCIAL,Sierra con Población urbana de hasta 10 mil habitantes,4198.0,4025.0,173.0,0.21,0.29999999999999993
040302,AREQUIPA,CARAVELI,ACARI,COSTA,DISTRITAL,Costa con Población urbana de hasta 10 mil habitantes,5081.0,3498.0,1583.0,0.7,1
040303,AREQUIPA,CARAVELI,ATICO,COSTA,DISTRITAL,Costa con Población urbana de hasta 10 mil habitantes,5809.0,5002.0,807.0,0.18,0.2571428571428572
040304,AREQUIPA,CARAVELI,ATIQUIPA,COSTA,DISTRITAL,Costa con Población urbana de hasta 10 mil habitantes,493.0,103.0,390.0,0.4586851731599267,0.6552645330856097
040305,AREQUIPA,CARAVELI,BELLA UNION,COSTA,DISTRITAL,Costa con Población urbana de hasta 10 mil habitantes,3065.0,2750.0,315.0,0.62,0.8857142857142859
040306,AREQUIPA,CARAVELI,CAHUACHO,SIERRA,DISTRITAL,Sierra con Población urbana de hasta 10 mil habitantes,628.0,161.0,467.0,0.437675332039757,0.62525047434251
040307,AREQUIPA,CARAVELI,CHALA,COSTA,DISTRITAL,Costa con Población urbana de hasta 10 mil habitantes,9862.0,9509.0,353.0,0.57,0.8142857142857143
040308,AREQUIPA,CARAVELI,CHAPARRA,COSTA,DISTRITAL,Costa con Población urbana de hasta 10 mil habitantes,3639.0,2339.0,1300.0,0.49965038738600104,0.7137862676942873
040309,AREQUIPA,CARAVELI,HUANUHUANU,SIERRA,DISTRITAL,Sierra con Población urbana de hasta 10 mil habitantes,3144.0,77.0,3067.0,0.437675332039757,0.6252504743425101
040310,AREQUIPA,CARAVELI,JAQUI,SIERRA,DISTRITAL,Sierra con Población urbana de hasta 10 mil habitantes,1585.0,1443.0,142.0,0.6,0.8571428571428571
040311,AREQUIPA,CARAVELI,LOMAS,COSTA,DISTRITAL,Costa con Población urbana de hasta 10 mil habitantes,1548.0,1463.0,85.0,0.32,0.45714285714285713
040312,AREQUIPA,CARAVELI,QUICACHA,SIERRA,DISTRITAL,Sierra con Población urbana de hasta 10 mil habitantes,1903.0,906.0,997.0,0.437675332039757,0.6252504743425099
040313,AREQUIPA,CARAVELI,YAUCA,COSTA,DISTRITAL,Costa con Población urbana de hasta 10 mil habitantes,2006.0,1664.0,342.0,0.33,0.4714285714285715
040401,AREQUIPA,CASTILLA,APLAO,COSTA,PROVINCIAL,Costa con Población urbana de hasta 10 mil habitantes,8961.0,7000.0,1961.0,0.49,0.7
040402,AREQUIPA,CASTILLA,ANDAGUA,SIERRA,DISTRITAL,Sierra con Población urbana de hasta 10 mil habitantes,1031.0,756.0,275.0,0.33,0.4714285714285715
040403,AREQUIPA,CASTILLA,AYO,SIERRA,DISTRITAL,Sierra con Población urbana de hasta 10 mil habitantes,239.0,190.0,49.0,0.437675332039757,0.6252504743425101
040404,AREQUIPA,CASTILLA,CHACHAS,SIERRA,DISTRITAL,Sierra con Población urbana de hasta 10 mil habitantes,1664.0,565.0,1099.0,0.437675332039757,0.62525047434251
040405,AREQUIPA,CASTILLA,CHILCAYMARCA,SIERRA,DISTRITAL,Sierra con Población urbana de hasta 10 mil habitantes,1018.0,642.0,376.0,0.437675332039757,0.62525047434251
040406,AREQUIPA,CASTILLA,CHOCO,SIERRA,DISTRITAL,Sierra con Población urbana de hasta 10 mil habitantes,694.0,271.0,423.0,0.437675332039757,0.6252504743425099
040407,AREQUIPA,CASTILLA,HUANCARQUI,COSTA,DISTRITAL,Costa con Población urbana de hasta 10 mil habitantes,1574.0,1328.0,246.0,0.46,0.6571428571428571
040408,AREQUIPA,CASTILLA,MACHAGUAY,SIERRA,DISTRITAL,Sierra con Población urbana de hasta 10 mil habitantes,484.0,226.0,258.0,0.437675332039757,0.62525047434251
040409,AREQUIPA,CASTILLA,ORCOPAMPA,SIERRA,DISTRITAL,Sierra con Población urbana de hasta 10 mil habitantes,8542.0,7955.0,587.0,0.65,0.9285714285714286
040410,AREQUIPA,CASTILLA,PAMPACOLCA,SIERRA,DISTRITAL,Sierra con Población urbana de hasta 10 mil habitantes,1944.0,1345.0,599.0,0.37,0.5285714285714286
040411,AREQUIPA,CASTILLA,TIPAN,SIERRA,DISTRITAL,Sierra con Población urbana de hasta 10 mil habitantes,440.0,130.0,310.0,0.437675332039757,0.62525047434251
040412,AREQUIPA,CASTILLA,UÑON,SIERRA,DISTRITAL,Sierra con Población urbana de hasta 10 mil habitantes,206.0,119.0,87.0,0.437675332039757,0.62525047434251
040413,AREQUIPA,CASTILLA,URACA,COSTA,DISTRITAL,Costa con Población urbana de hasta 10 mil habitantes,6638.0,4240.0,2398.0,0.49965038738600104,0.7137862676942873
040414,AREQUIPA,CASTILLA,VIRACO,SIERRA,DISTRITAL,Sierra con Población urbana de hasta 10 mil habitantes,1549.0,1076.0,473.0,0.55,0.785714285714286
040501,AREQUIPA,CAYLLOMA,CHIVAY,SIERRA,PROVINCIAL,Sierra con Población urbana de hasta 10 mil habitantes,5948.0,5788.0,160.0,0.87,1.242857142857143
040502,AREQUIPA,CAYLLOMA,ACHOMA,SIERRA,DISTRITAL,Sierra con Población urbana de hasta 10 mil habitantes,840.0,784.0,56.0,0.437675332039757,0.62525047434251
040503,AREQUIPA,CAYLLOMA,CABANACONDE,SIERRA,DISTRITAL,Sierra con Población urbana de hasta 10 mil habitantes,2149.0,2029.0,120.0,0.437675332039757,0.62525047434251
040504,AREQUIPA,CAYLLOMA,CALLALLI,SIERRA,DISTRITAL,Sierra con Población urbana de hasta 10 mil habitantes,1427.0,885.0,542.0,0.437675332039757,0.62525047434251
040505,AREQUIPA,CAYLLOMA,CAYLLOMA,SIERRA,DISTRITAL,Sierra con Población urbana de hasta 10 mil habitantes,3718.0,3343.0,375.0,0.87,1.2428571428571427
040506,AREQUIPA,CAYLLOMA,COPORAQUE,SIERRA,DISTRITAL,Sierra con Población urbana de hasta 10 mil habitantes,1147.0,784.0,363.0,0.437675332039757,0.62525047434251
040507,AREQUIPA,CAYLLOMA,HUAMBO,SIERRA,DISTRITAL,Sierra con Población urbana de hasta 10 mil habitantes,678.0,454.0,224.0,0.437675332039757,0.6252504743425101
040508,AREQUIPA,CAYLLOMA,HUANCA,SIERRA,DISTRITAL,Sierra con Población urbana de hasta 10 mil habitantes,1003.0,565.0,438.0,0.437675332039757,0.62525047434251
040509,AREQUIPA,CAYLLOMA,ICHUPAMPA,SIERRA,DISTRITAL,Sierra con Población urbana de hasta 10 mil habitantes,574.0,556.0,18.0,0.437675332039757,0.6252504743425101
040510,AREQUIPA,CAYLLOMA,LARI,SIERRA,DISTRITAL,Sierra con Población urbana de hasta 10 mil habitantes,881.0,825.0,56.0,0.24,0.3428571428571429
040511,AREQUIPA,CAYLLOMA,LLUTA,SIERRA,DISTRITAL,Sierra con Población urbana de hasta 10 mil habitantes,723.0,408.0,315.0,0.437675332039757,0.62525047434251
040512,AREQUIPA,CAYLLOMA,MACA,SIERRA,DISTRITAL,Sierra con Población urbana de hasta 10 mil habitantes,704.0,693.0,11.0,0.56,0.8000000000000002
040513,AREQUIPA,CAYLLOMA,MADRIGAL,SIERRA,DISTRITAL,Sierra con Población urbana de hasta 10 mil habitantes,664.0,656.0,8.0,0.46,0.6571428571428573
040514,AREQUIPA,CAYLLOMA,SAN ANTONIO DE CHUCA,SIERRA,DISTRITAL,Sierra con Población urbana de hasta 10 mil habitantes,901.0,418.0,483.0,0.4203505822563048,0.6005008317947212
040515,AREQUIPA,CAYLLOMA,SIBAYO,SIERRA,DISTRITAL,Sierra con Población urbana de hasta 10 mil habitantes,687.0,546.0,141.0,0.46,0.6571428571428573
040516,AREQUIPA,CAYLLOMA,TAPAY,SIERRA,DISTRITAL,Sierra con Población urbana de hasta 10 mil habitantes,799.0,66.0,733.0,0.437675332039757,0.6252504743425099
040517,AREQUIPA,CAYLLOMA,TISCO,SIERRA,DISTRITAL,Sierra con Población urbana de hasta 10 mil habitantes,1507.0,700.0,807.0,0.437675332039757,0.6252504743425101
040518,AREQUIPA,CAYLLOMA,TUTI,SIERRA,DISTRITAL,Sierra con Población urbana de hasta 10 mil habitantes,617.0,520.0,97.0,0.437675332039757,0.62525047434251
040519,AREQUIPA,CAYLLOMA,YANQUE,SIERRA,DISTRITAL,Sierra con Población urbana de hasta 10 mil habitantes,2173.0,1799.0,374.0,0.4203505822563048,0.6005008317947211
040520,AREQUIPA,CAYLLOMA,MAJES,COSTA,DISTRITAL,Costa con Población urbana de más de 50 mil habitantes,68071.0,56270.0,11801.0,0.5,0.7142857142857144
040601,AREQUIPA,CONDESUYOS,CHUQUIBAMBA,COSTA,PROVINCIAL,Costa con Población urbana de hasta 10 mil habitantes,3380.0,2857.0,523.0,0.49965038738600104,0.7137862676942873
040602,AREQUIPA,CONDESUYOS,ANDARAY,SIERRA,DISTRITAL,Sierra con Población urbana de hasta 10 mil habitantes,685.0,225.0,460.0,0.46,0.6571428571428571
040603,AREQUIPA,CONDESUYOS,CAYARANI,SIERRA,DISTRITAL,Sierra con Población urbana de hasta 10 mil habitantes,3307.0,446.0,2861.0,0.437675332039757,0.62525047434251
040604,AREQUIPA,CONDESUYOS,CHICHAS,SIERRA,DISTRITAL,Sierra con Población urbana de hasta 10 mil habitantes,684.0,326.0,358.0,0.437675332039757,0.62525047434251
040605,AREQUIPA,CONDESUYOS,IRAY,COSTA,DISTRITAL,Costa con Población urbana de hasta 10 mil habitantes,607.0,355.0,252.0,0.49965038738600104,0.7137862676942873
040606,AREQUIPA,CONDESUYOS,RIO GRANDE,SIERRA,DISTRITAL,Sierra con Población urbana de hasta 10 mil habitantes,3450.0,1658.0,1792.0,0.437675332039757,0.6252504743425099
040607,AREQUIPA,CONDESUYOS,SALAMANCA,SIERRA,DISTRITAL,Sierra con Población urbana de hasta 10 mil habitantes,448.0,246.0,202.0,0.437675332039757,0.62525047434251
040608,AREQUIPA,CONDESUYOS,YANAQUIHUA,SIERRA,DISTRITAL,Sierra con Población urbana de hasta 10 mil habitantes,4034.0,548.0,3486.0,0.437675332039757,0.62525047434251
040701,AREQUIPA,ISLAY,MOLLENDO,COSTA,PROVINCIAL,Costa con Población urbana entre 10 mil y 50 mil habitantes,26230.0,26008.0,222.0,0.57,0.8142857142857143
040702,AREQUIPA,ISLAY,COCACHACRA,COSTA,DISTRITAL,Costa con Población urbana de hasta 10 mil habitantes,8430.0,7541.0,889.0,0.4,0.5714285714285714
040703,AREQUIPA,ISLAY,DEAN VALDIVIA,COSTA,DISTRITAL,Costa con Población urbana de hasta 10 mil habitantes,7055.0,6815.0,240.0,0.47,0.6714285714285714
040704,AREQUIPA,ISLAY,ISLAY,COSTA,DISTRITAL,Costa con Población urbana de hasta 10 mil habitantes,5165.0,5165.0,0.0,0.46,0.6571428571428573
040705,AREQUIPA,ISLAY,MEJIA,COSTA,DISTRITAL,Costa con Población urbana de hasta 10 mil habitantes,1230.0,867.0,363.0,0.68,0.9714285714285716
040706,AREQUIPA,ISLAY,PUNTA DE BOMBON,COSTA,DISTRITAL,Costa con Población urbana de hasta 10 mil habitantes,6470.0,6407.0,63.0,0.52,0.7428571428571429
040801,AREQUIPA,LA UNION,COTAHUASI,SIERRA,PROVINCIAL,Sierra con Población urbana de hasta 10 mil habitantes,2984.0,2170.0,814.0,0.22,0.31428571428571433
040802,AREQUIPA,LA UNION,ALCA,SIERRA,DISTRITAL,Sierra con Población urbana de hasta 10 mil habitantes,1875.0,1752.0,123.0,0.46,0.6571428571428574
040803,AREQUIPA,LA UNION,CHARCANA,SIERRA,DISTRITAL,Sierra con Población urbana de hasta 10 mil habitantes,591.0,375.0,216.0,0.437675332039757,0.62525047434251
040804,AREQUIPA,LA UNION,HUAYNACOTAS,SIERRA,DISTRITAL,Sierra con Población urbana de hasta 10 mil habitantes,1907.0,869.0,1038.0,0.437675332039757,0.62525047434251
040805,AREQUIPA,LA UNION,PAMPAMARCA,SIERRA,DISTRITAL,Sierra con Población urbana de hasta 10 mil habitantes,1129.0,412.0,717.0,0.437675332039757,0.62525047434251
040806,AREQUIPA,LA UNION,PUYCA,SIERRA,DISTRITAL,Sierra con Población urbana de hasta 10 mil habitantes,2384.0,998.0,1386.0,0.437675332039757,0.6252504743425099
040807,AREQUIPA,LA UNION,QUECHUALLA,SIERRA,DISTRITAL,Sierra con Población urbana de hasta 10 mil habitantes,278.0,85.0,193.0,0.437675332039757,0.6252504743425099
040808,AREQUIPA,LA UNION,SAYLA,SIERRA,DISTRITAL,Sierra con Población urbana de hasta 10 mil habitantes,313.0,145.0,168.0,0.437675332039757,0.62525047434251
040809,AREQUIPA,LA UNION,TAURIA,SIERRA,DISTRITAL,Sierra con Población urbana de hasta 10 mil habitantes,315.0,228.0,87.0,0.437675332039757,0.6252504743425099
040810,AREQUIPA,LA UNION,TOMEPAMPA,SIERRA,DISTRITAL,Sierra con Población urbana de hasta 10 mil habitantes,675.0,298.0,377.0,0.437675332039757,0.6252504743425099
040811,AREQUIPA,LA UNION,TORO,SIERRA,DISTRITAL,Sierra con Población urbana de hasta 10 mil habitantes,538.0,228.0,310.0,0.437675332039757,0.6252504743425099
050101,AYACUCHO,HUAMANGA,AYACUCHO,SIERRA,PROVINCIAL,Sierra con Población urbana de más de 50 mil habitantes,108794.0,106055.0,2739.0,0.5,0.7142857142857143
050102,AYACUCHO,HUAMANGA,ACOCRO,SIERRA,DISTRITAL,Sierra con Población urbana de hasta 10 mil habitantes,8573.0,1472.0,7101.0,0.437675332039757,0.62525047434251
050103,AYACUCHO,HUAMANGA,ACOS VINCHOS,SIERRA,DISTRITAL,Sierra con Población urbana de hasta 10 mil habitantes,4844.0,707.0,4137.0,0.4203505822563048,0.6005008317947211
050104,AYACUCHO,HUAMANGA,CARMEN ALTO,SIERRA,DISTRITAL,Sierra con Población urbana entre 10 mil y 50 mil habitantes,30973.0,30227.0,746.0,0.67,0.9571428571428574
050105,AYACUCHO,HUAMANGA,CHIARA,SIERRA,DISTRITAL,Sierra con Población urbana de hasta 10 mil habitantes,6512.0,2558.0,3954.0,0.2,0.28571428571428575
050106,AYACUCHO,HUAMANGA,OCROS,SIERRA,DISTRITAL,Sierra con Población urbana de hasta 10 mil habitantes,6018.0,1174.0,4844.0,0.437675332039757,0.62525047434251
050107,AYACUCHO,HUAMANGA,PACAYCASA,SIERRA,DISTRITAL,Sierra con Población urbana de hasta 10 mil habitantes,3477.0,1633.0,1844.0,0.437675332039757,0.6252504743425101
050108,AYACUCHO,HUAMANGA,QUINUA,SIERRA,DISTRITAL,Sierra con Población urbana de hasta 10 mil habitantes,5676.0,2236.0,3440.0,0.437675332039757,0.62525047434251
050109,AYACUCHO,HUAMANGA,SAN JOSE DE TICLLAS,SIERRA,DISTRITAL,Sierra con Población urbana de hasta 10 mil habitantes,1558.0,136.0,1422.0,0.3,0.42857142857142855
050110,AYACUCHO,HUAMANGA,SAN JUAN BAUTISTA,SIERRA,DISTRITAL,Sierra con Población urbana de más de 50 mil habitantes,52764.0,52694.0,70.0,0.65,0.9285714285714286
050111,AYACUCHO,HUAMANGA,SANTIAGO DE PISCHA,SIERRA,DISTRITAL,Sierra con Población urbana de hasta 10 mil habitantes,1598.0,733.0,865.0,0.437675332039757,0.62525047434251
050112,AYACUCHO,HUAMANGA,SOCOS,SIERRA,DISTRITAL,Sierra con Población urbana de hasta 10 mil habitantes,6674.0,989.0,5685.0,0.4,0.5714285714285715
050113,AYACUCHO,HUAMANGA,TAMBILLO,SIERRA,DISTRITAL,Sierra con Población urbana de hasta 10 mil habitantes,5835.0,258.0,5577.0,0.38,0.5428571428571428
050114,AYACUCHO,HUAMANGA,VINCHOS,SIERRA,DISTRITAL,Sierra con Población urbana de hasta 10 mil habitantes,15780.0,590.0,15190.0,0.2,0.28571428571428575
050115,AYACUCHO,HUAMANGA,JESUS NAZARENO,SIERRA,DISTRITAL,Sierra con Población urbana entre 10 mil y 50 mil habitantes,20517.0,19385.0,1132.0,0.53,0.7571428571428571
050116,AYACUCHO,HUAMANGA,ANDRES AVELINO CACERES DORREGARAY,SIERRA,DISTRITAL,Sierra con Población urbana entre 10 mil y 50 mil habitantes,30725.0,26859.0,3866.0,0.7,1
050201,AYACUCHO,CANGALLO,CANGALLO,SIERRA,PROVINCIAL,Sierra con Población urbana de hasta 10 mil habitantes,5929.0,2328.0,3601.0,0.31,0.44285714285714295
050202,AYACUCHO,CANGALLO,CHUSCHI,SIERRA,DISTRITAL,Sierra con Población urbana de hasta 10 mil habitantes,9080.0,3283.0,5797.0,0.44,0.6285714285714287
050203,AYACUCHO,CANGALLO,LOS MOROCHUCOS,SIERRA,DISTRITAL,Sierra con Población urbana de hasta 10 mil habitantes,8227.0,2866.0,5361.0,0.33,0.4714285714285715
050204,AYACUCHO,CANGALLO,MARIA PARADO DE BELLIDO,SIERRA,DISTRITAL,Sierra con Población urbana de hasta 10 mil habitantes,2088.0,433.0,1655.0,0.437675332039757,0.62525047434251
050205,AYACUCHO,CANGALLO,PARAS,SIERRA,DISTRITAL,Sierra con Población urbana de hasta 10 mil habitantes,4347.0,1418.0,2929.0,0.437675332039757,0.62525047434251
050206,AYACUCHO,CANGALLO,TOTOS,SIERRA,DISTRITAL,Sierra con Población urbana de hasta 10 mil habitantes,3079.0,1413.0,1666.0,0.437675332039757,0.62525047434251
050301,AYACUCHO,HUANCA SANCOS,SANCOS,SIERRA,PROVINCIAL,Sierra con Población urbana de hasta 10 mil habitantes,3217.0,3019.0,198.0,0.39,0.5571428571428572
050302,AYACUCHO,HUANCA SANCOS,CARAPO,SIERRA,DISTRITAL,Sierra con Población urbana de hasta 10 mil habitantes,1836.0,1582.0,254.0,0.39,0.5571428571428572
050303,AYACUCHO,HUANCA SANCOS,SACSAMARCA,SIERRA,DISTRITAL,Sierra con Población urbana de hasta 10 mil habitantes,1346.0,775.0,571.0,0.4203505822563048,0.6005008317947211
050304,AYACUCHO,HUANCA SANCOS,SANTIAGO DE LUCANAMARCA,SIERRA,DISTRITAL,Sierra con Población urbana de hasta 10 mil habitantes,2126.0,1035.0,1091.0,0.363,0.5185714285714286
050401,AYACUCHO,HUANTA,HUANTA,SIERRA,PROVINCIAL,Sierra con Población urbana entre 10 mil y 50 mil habitantes,42825.0,35902.0,6923.0,0.58,0.8285714285714287
050402,AYACUCHO,HUANTA,AYAHUANCO,SIERRA,DISTRITAL,Sierra con Población urbana de hasta 10 mil habitantes,1139.0,438.0,701.0,0.437675332039757,0.62525047434251
050403,AYACUCHO,HUANTA,HUAMANGUILLA,SIERRA,DISTRITAL,Sierra con Población urbana de hasta 10 mil habitantes,4287.0,1844.0,2443.0,0.437675332039757,0.6252504743425101
050404,AYACUCHO,HUANTA,IGUAIN,SIERRA,DISTRITAL,Sierra con Población urbana de hasta 10 mil habitantes,2865.0,767.0,2098.0,0.437675332039757,0.6252504743425099
050405,AYACUCHO,HUANTA,LURICOCHA,SIERRA,DISTRITAL,Sierra con Población urbana de hasta 10 mil habitantes,6157.0,2181.0,3976.0,0.4203505822563048,0.600500831794721
050406,AYACUCHO,HUANTA,SANTILLANA,SIERRA,DISTRITAL,Sierra con Población urbana de hasta 10 mil habitantes,3985.0,1308.0,2677.0,0.437675332039757,0.6252504743425101
050407,AYACUCHO,HUANTA,SIVIA,SIERRA,DISTRITAL,Sierra con Población urbana de hasta 10 mil habitantes,11836.0,4304.0,7532.0,0.437675332039757,0.62525047434251
050408,AYACUCHO,HUANTA,LLOCHEGUA,SIERRA,DISTRITAL,Sierra con Población urbana de hasta 10 mil habitantes,11371.0,5222.0,6149.0,0.47,0.6714285714285714
050409,AYACUCHO,HUANTA,CANAYRE,SIERRA,DISTRITAL,Sierra con Población urbana de hasta 10 mil habitantes,4233.0,2152.0,2081.0,0.437675332039757,0.62525047434251
050410,AYACUCHO,HUANTA,UCHURACCAY,SIERRA,DISTRITAL,Sierra con Población urbana de hasta 10 mil habitantes,3763.0,444.0,3319.0,0.5,0.7142857142857143
050411,AYACUCHO,HUANTA,PUCACOLPA,SIERRA,DISTRITAL,Sierra con Población urbana de hasta 10 mil habitantes,2453.0,483.0,1970.0,0.4203505822563048,0.6005008317947212
050412,AYACUCHO,HUANTA,CHACA,SIERRA,DISTRITAL,Sierra con Población urbana de hasta 10 mil habitantes,2230.0,949.0,1281.0,0.437675332039757,0.62525047434251
050501,AYACUCHO,LA MAR,SAN MIGUEL,SIERRA,PROVINCIAL,Sierra con Población urbana de hasta 10 mil habitantes,11373.0,4821.0,6552.0,0.93,1.328571428571429
050502,AYACUCHO,LA MAR,ANCO,SIERRA,DISTRITAL,Sierra con Población urbana de hasta 10 mil habitantes,8300.0,2379.0,5921.0,0.47,0.6714285714285714
050503,AYACUCHO,LA MAR,AYNA,SIERRA,DISTRITAL,Sierra con Población urbana de hasta 10 mil habitantes,10067.0,7268.0,2799.0,0.59,0.842857142857143
050504,AYACUCHO,LA MAR,CHILCAS,SIERRA,DISTRITAL,Sierra con Población urbana de hasta 10 mil habitantes,1633.0,222.0,1411.0,0.437675332039757,0.62525047434251
050505,AYACUCHO,LA MAR,CHUNGUI,SIERRA,DISTRITAL,Sierra con Población urbana de hasta 10 mil habitantes,4505.0,604.0,3901.0,0.437675332039757,0.62525047434251
050506,AYACUCHO,LA MAR,LUIS CARRANZA,SIERRA,DISTRITAL,Sierra con Población urbana de hasta 10 mil habitantes,1361.0,177.0,1184.0,0.437675332039757,0.62525047434251
050507,AYACUCHO,LA MAR,SANTA ROSA,SIERRA,DISTRITAL,Sierra con Población urbana de hasta 10 mil habitantes,12633.0,9038.0,3595.0,0.46,0.6571428571428574
050508,AYACUCHO,LA MAR,TAMBO,SIERRA,DISTRITAL,Sierra con Población urbana de hasta 10 mil habitantes,9850.0,6048.0,3802.0,0.437675332039757,0.62525047434251
050509,AYACUCHO,LA MAR,SAMUGARI,SIERRA,DISTRITAL,Sierra con Población urbana de hasta 10 mil habitantes,10847.0,5986.0,4861.0,0.6,0.8571428571428572
050510,AYACUCHO,LA MAR,ANCHIHUAY,SIERRA,DISTRITAL,Sierra con Población urbana de hasta 10 mil habitantes,4429.0,1028.0,3401.0,0.72,1.0285714285714285
050511,AYACUCHO,LA MAR,ORONCCOY,SIERRA,DISTRITAL,Sierra con Población urbana de hasta 10 mil habitantes,1098.0,179.0,919.0,0.437675332039757,0.62525047434251
050601,AYACUCHO,LUCANAS,PUQUIO,SIERRA,PROVINCIAL,Sierra con Población urbana entre 10 mil y 50 mil habitantes,14572.0,13632.0,940.0,0.49,0.7
050602,AYACUCHO,LUCANAS,AUCARA,SIERRA,DISTRITAL,Sierra con Población urbana de hasta 10 mil habitantes,2788.0,2023.0,765.0,0.44,0.6285714285714286
050603,AYACUCHO,LUCANAS,CABANA,SIERRA,DISTRITAL,Sierra con Población urbana de hasta 10 mil habitantes,2068.0,2022.0,46.0,0.21,0.30000000000000004
050604,AYACUCHO,LUCANAS,CARMEN SALCEDO,SIERRA,DISTRITAL,Sierra con Población urbana de hasta 10 mil habitantes,1637.0,1553.0,84.0,0.36,0.5142857142857143
050605,AYACUCHO,LUCANAS,CHAVIÑA,SIERRA,DISTRITAL,Sierra con Población urbana de hasta 10 mil habitantes,2312.0,1428.0,884.0,0.437675332039757,0.62525047434251
050606,AYACUCHO,LUCANAS,CHIPAO,SIERRA,DISTRITAL,Sierra con Población urbana de hasta 10 mil habitantes,2551.0,1533.0,1018.0,0.53,0.7571428571428571
050607,AYACUCHO,LUCANAS,HUAC-HUAS,SIERRA,DISTRITAL,Sierra con Población urbana de hasta 10 mil habitantes,1627.0,530.0,1097.0,0.437675332039757,0.62525047434251
050608,AYACUCHO,LUCANAS,LARAMATE,SIERRA,DISTRITAL,Sierra con Población urbana de hasta 10 mil habitantes,1702.0,815.0,887.0,0.437675332039757,0.62525047434251
050609,AYACUCHO,LUCANAS,LEONCIO PRADO,SIERRA,DISTRITAL,Sierra con Población urbana de hasta 10 mil habitantes,1133.0,497.0,636.0,0.437675332039757,0.62525047434251
050610,AYACUCHO,LUCANAS,LLAUTA,SIERRA,DISTRITAL,Sierra con Población urbana de hasta 10 mil habitantes,913.0,457.0,456.0,0.437675332039757,0.62525047434251
050611,AYACUCHO,LUCANAS,LUCANAS,SIERRA,DISTRITAL,Sierra con Población urbana de hasta 10 mil habitantes,2790.0,1590.0,1200.0,0.437675332039757,0.62525047434251
050612,AYACUCHO,LUCANAS,OCAÑA,SIERRA,DISTRITAL,Sierra con Población urbana de hasta 10 mil habitantes,2334.0,924.0,1410.0,0.437675332039757,0.62525047434251
050613,AYACUCHO,LUCANAS,OTOCA,SIERRA,DISTRITAL,Sierra con Población urbana de hasta 10 mil habitantes,1932.0,500.0,1432.0,0.437675332039757,0.62525047434251
050614,AYACUCHO,LUCANAS,SAISA,SIERRA,DISTRITAL,Sierra con Población urbana de hasta 10 mil habitantes,854.0,463.0,391.0,0.437675332039757,0.62525047434251
050615,AYACUCHO,LUCANAS,SAN CRISTOBAL,SIERRA,DISTRITAL,Sierra con Población urbana de hasta 10 mil habitantes,1842.0,1174.0,668.0,0.4203505822563048,0.6005008317947211
050616,AYACUCHO,LUCANAS,SAN JUAN,SIERRA,DISTRITAL,Sierra con Población urbana de hasta 10 mil habitantes,1012.0,837.0,175.0,0.43,0.6142857142857142
050617,AYACUCHO,LUCANAS,SAN PEDRO,SIERRA,DISTRITAL,Sierra con Población urbana de hasta 10 mil habitantes,2722.0,1394.0,1328.0,0.437675332039757,0.6252504743425101
050618,AYACUCHO,LUCANAS,SAN PEDRO DE PALCO,SIERRA,DISTRITAL,Sierra con Población urbana de hasta 10 mil habitantes,941.0,384.0,557.0,0.437675332039757,0.6252504743425101
050619,AYACUCHO,LUCANAS,SANCOS,SIERRA,DISTRITAL,Sierra con Población urbana de hasta 10 mil habitantes,4947.0,2389.0,2558.0,0.437675332039757,0.62525047434251
050620,AYACUCHO,LUCANAS,SANTA ANA DE HUAYCAHUACHO,SIERRA,DISTRITAL,Sierra con Población urbana de hasta 10 mil habitantes,846.0,836.0,10.0,0.8,1.142857142857143
050621,AYACUCHO,LUCANAS,SANTA LUCIA,SIERRA,DISTRITAL,Sierra con Población urbana de hasta 10 mil habitantes,1434.0,1061.0,373.0,0.437675332039757,0.62525047434251
050701,AYACUCHO,PARINACOCHAS,CORACORA,SIERRA,PROVINCIAL,Sierra con Población urbana entre 10 mil y 50 mil habitantes,13733.0,11072.0,2661.0,0.46,0.6571428571428571
050702,AYACUCHO,PARINACOCHAS,CHUMPI,SIERRA,DISTRITAL,Sierra con Población urbana de hasta 10 mil habitantes,2248.0,1658.0,590.0,0.437675332039757,0.6252504743425099
050703,AYACUCHO,PARINACOCHAS,CORONEL CASTAÑEDA,SIERRA,DISTRITAL,Sierra con Población urbana de hasta 10 mil habitantes,1884.0,485.0,1399.0,0.437675332039757,0.6252504743425101
050704,AYACUCHO,PARINACOCHAS,PACAPAUSA,SIERRA,DISTRITAL,Sierra con Población urbana de hasta 10 mil habitantes,599.0,291.0,308.0,0.437675332039757,0.6252504743425101
050705,AYACUCHO,PARINACOCHAS,PULLO,SIERRA,DISTRITAL,Sierra con Población urbana de hasta 10 mil habitantes,6984.0,5877.0,1107.0,0.437675332039757,0.6252504743425099
050706,AYACUCHO,PARINACOCHAS,PUYUSCA,SIERRA,DISTRITAL,Sierra con Población urbana de hasta 10 mil habitantes,2154.0,1137.0,1017.0,0.437675332039757,0.6252504743425101
050707,AYACUCHO,PARINACOCHAS,SAN FRANCISCO DE RAVACAYCO,SIERRA,DISTRITAL,Sierra con Población urbana de hasta 10 mil habitantes,532.0,223.0,309.0,0.437675332039757,0.62525047434251
050708,AYACUCHO,PARINACOCHAS,UPAHUACHO,SIERRA,DISTRITAL,Sierra con Población urbana de hasta 10 mil habitantes,1145.0,162.0,983.0,0.437675332039757,0.62525047434251
050801,AYACUCHO,PAUCAR DEL SARA SARA,PAUSA,SIERRA,PROVINCIAL,Sierra con Población urbana de hasta 10 mil habitantes,3372.0,2802.0,570.0,0.5,0.7142857142857143
050802,AYACUCHO,PAUCAR DEL SARA SARA,COLTA,SIERRA,DISTRITAL,Sierra con Población urbana de hasta 10 mil habitantes,463.0,301.0,162.0,0.437675332039757,0.6252504743425099
050803,AYACUCHO,PAUCAR DEL SARA SARA,CORCULLA,SIERRA,DISTRITAL,Sierra con Población urbana de hasta 10 mil habitantes,456.0,301.0,155.0,0.437675332039757,0.6252504743425099
050804,AYACUCHO,PAUCAR DEL SARA SARA,LAMPA,SIERRA,DISTRITAL,Sierra con Población urbana de hasta 10 mil habitantes,2031.0,1630.0,401.0,0.437675332039757,0.62525047434251
050805,AYACUCHO,PAUCAR DEL SARA SARA,MARCABAMBA,SIERRA,DISTRITAL,Sierra con Población urbana de hasta 10 mil habitantes,636.0,527.0,109.0,0.19,0.2714285714285714
050806,AYACUCHO,PAUCAR DEL SARA SARA,OYOLO,SIERRA,DISTRITAL,Sierra con Población urbana de hasta 10 mil habitantes,1610.0,661.0,949.0,0.437675332039757,0.6252504743425099
050807,AYACUCHO,PAUCAR DEL SARA SARA,PARARCA,SIERRA,DISTRITAL,Sierra con Población urbana de hasta 10 mil habitantes,412.0,244.0,168.0,0.437675332039757,0.6252504743425099
050808,AYACUCHO,PAUCAR DEL SARA SARA,SAN JAVIER DE ALPABAMBA,SIERRA,DISTRITAL,Sierra con Población urbana de hasta 10 mil habitantes,290.0,95.0,195.0,0.437675332039757,0.6252504743425101
050809,AYACUCHO,PAUCAR DEL SARA SARA,SAN JOSE DE USHUA,SIERRA,DISTRITAL,Sierra con Población urbana de hasta 10 mil habitantes,242.0,158.0,84.0,0.437675332039757,0.6252504743425101
050810,AYACUCHO,PAUCAR DEL SARA SARA,SARA SARA,SIERRA,DISTRITAL,Sierra con Población urbana de hasta 10 mil habitantes,505.0,456.0,49.0,0.437675332039757,0.6252504743425099
050901,AYACUCHO,SUCRE,QUEROBAMBA,SIERRA,PROVINCIAL,Sierra con Población urbana de hasta 10 mil habitantes,2618.0,2279.0,339.0,0.32,0.4571428571428571
050902,AYACUCHO,SUCRE,BELEN,SIERRA,DISTRITAL,Sierra con Población urbana de hasta 10 mil habitantes,325.0,266.0,59.0,0.437675332039757,0.62525047434251
050903,AYACUCHO,SUCRE,CHALCOS,SIERRA,DISTRITAL,Sierra con Población urbana de hasta 10 mil habitantes,481.0,226.0,255.0,0.4203505822563048,0.600500831794721
050904,AYACUCHO,SUCRE,CHILCAYOC,SIERRA,DISTRITAL,Sierra con Población urbana de hasta 10 mil habitantes,497.0,277.0,220.0,0.437675332039757,0.62525047434251
050905,AYACUCHO,SUCRE,HUACAÑA,SIERRA,DISTRITAL,Sierra con Población urbana de hasta 10 mil habitantes,365.0,268.0,97.0,0.437675332039757,0.6252504743425101
050906,AYACUCHO,SUCRE,MORCOLLA,SIERRA,DISTRITAL,Sierra con Población urbana de hasta 10 mil habitantes,1274.0,921.0,353.0,0.11,0.15714285714285717
050907,AYACUCHO,SUCRE,PAICO,SIERRA,DISTRITAL,Sierra con Población urbana de hasta 10 mil habitantes,544.0,486.0,58.0,0.437675332039757,0.6252504743425099
050908,AYACUCHO,SUCRE,SAN PEDRO DE LARCAY,SIERRA,DISTRITAL,Sierra con Población urbana de hasta 10 mil habitantes,829.0,436.0,393.0,0.437675332039757,0.62525047434251
050909,AYACUCHO,SUCRE,SAN SALVADOR DE QUIJE,SIERRA,DISTRITAL,Sierra con Población urbana de hasta 10 mil habitantes,982.0,237.0,745.0,0.437675332039757,0.62525047434251
050910,AYACUCHO,SUCRE,SANTIAGO DE PAUCARAY,SIERRA,DISTRITAL,Sierra con Población urbana de hasta 10 mil habitantes,590.0,493.0,97.0,0.78,1.1142857142857143
050911,AYACUCHO,SUCRE,SORAS,SIERRA,DISTRITAL,Sierra con Población urbana de hasta 10 mil habitantes,1038.0,915.0,123.0,0.437675332039757,0.6252504743425099
051001,AYACUCHO,VICTOR FAJARDO,HUANCAPI,SIERRA,PROVINCIAL,Sierra con Población urbana de hasta 10 mil habitantes,1923.0,1768.0,155.0,0.32,0.45714285714285724
051002,AYACUCHO,VICTOR FAJARDO,ALCAMENCA,SIERRA,DISTRITAL,Sierra con Población urbana de hasta 10 mil habitantes,1474.0,1245.0,229.0,0.39,0.5571428571428572
051003,AYACUCHO,VICTOR FAJARDO,APONGO,SIERRA,DISTRITAL,Sierra con Población urbana de hasta 10 mil habitantes,602.0,436.0,166.0,0.2,0.28571428571428575
051004,AYACUCHO,VICTOR FAJARDO,ASQUIPATA,SIERRA,DISTRITAL,Sierra con Población urbana de hasta 10 mil habitantes,484.0,157.0,327.0,0.437675332039757,0.6252504743425101
051005,AYACUCHO,VICTOR FAJARDO,CANARIA,SIERRA,DISTRITAL,Sierra con Población urbana de hasta 10 mil habitantes,4045.0,3348.0,697.0,0.39,0.5571428571428572
051006,AYACUCHO,VICTOR FAJARDO,CAYARA,SIERRA,DISTRITAL,Sierra con Población urbana de hasta 10 mil habitantes,1158.0,827.0,331.0,0.4,0.5714285714285716
051007,AYACUCHO,VICTOR FAJARDO,COLCA,SIERRA,DISTRITAL,Sierra con Población urbana de hasta 10 mil habitantes,1039.0,614.0,425.0,0.437675332039757,0.62525047434251
051008,AYACUCHO,VICTOR FAJARDO,HUAMANQUIQUIA,SIERRA,DISTRITAL,Sierra con Población urbana de hasta 10 mil habitantes,1124.0,500.0,624.0,0.437675332039757,0.62525047434251
051009,AYACUCHO,VICTOR FAJARDO,HUANCARAYLLA,SIERRA,DISTRITAL,Sierra con Población urbana de hasta 10 mil habitantes,1283.0,1266.0,17.0,0.39,0.5571428571428573
051010,AYACUCHO,VICTOR FAJARDO,HUAYA,SIERRA,DISTRITAL,Sierra con Población urbana de hasta 10 mil habitantes,2070.0,1842.0,228.0,0.23,0.3285714285714286
051011,AYACUCHO,VICTOR FAJARDO,SARHUA,SIERRA,DISTRITAL,Sierra con Población urbana de hasta 10 mil habitantes,2661.0,2250.0,411.0,0.38,0.5428571428571428
051012,AYACUCHO,VICTOR FAJARDO,VILCANCHOS,SIERRA,DISTRITAL,Sierra con Población urbana de hasta 10 mil habitantes,2447.0,778.0,1669.0,0.437675332039757,0.62525047434251
051101,AYACUCHO,VILCAS HUAMAN,VILCAS HUAMAN,SIERRA,PROVINCIAL,Sierra con Población urbana de hasta 10 mil habitantes,6663.0,2561.0,4102.0,0.437675332039757,0.6252504743425099
051102,AYACUCHO,VILCAS HUAMAN,ACCOMARCA,SIERRA,DISTRITAL,Sierra con Población urbana de hasta 10 mil habitantes,887.0,690.0,197.0,0.437675332039757,0.6252504743425099
051103,AYACUCHO,VILCAS HUAMAN,CARHUANCA,SIERRA,DISTRITAL,Sierra con Población urbana de hasta 10 mil habitantes,837.0,508.0,329.0,0.437675332039757,0.62525047434251
051104,AYACUCHO,VILCAS HUAMAN,CONCEPCION,SIERRA,DISTRITAL,Sierra con Población urbana de hasta 10 mil habitantes,1642.0,253.0,1389.0,0.437675332039757,0.62525047434251
051105,AYACUCHO,VILCAS HUAMAN,HUAMBALPA,SIERRA,DISTRITAL,Sierra con Población urbana de hasta 10 mil habitantes,1342.0,576.0,766.0,0.437675332039757,0.62525047434251
051106,AYACUCHO,VILCAS HUAMAN,INDEPENDENCIA,SIERRA,DISTRITAL,Sierra con Población urbana de hasta 10 mil habitantes,1144.0,426.0,718.0,0.437675332039757,0.62525047434251
051107,AYACUCHO,VILCAS HUAMAN,SAURAMA,SIERRA,DISTRITAL,Sierra con Población urbana de hasta 10 mil habitantes,1075.0,237.0,838.0,0.437675332039757,0.62525047434251
051108,AYACUCHO,VILCAS HUAMAN,VISCHONGO,SIERRA,DISTRITAL,Sierra con Población urbana de hasta 10 mil habitantes,3965.0,1726.0,2239.0,0.437675332039757,0.6252504743425101
060101,CAJAMARCA,CAJAMARCA,CAJAMARCA,SIERRA,PROVINCIAL,Sierra con Población urbana de más de 50 mil habitantes,240461.0,197800.0,42661.0,0.51,0.7285714285714286
060102,CAJAMARCA,CAJAMARCA,ASUNCION,SIERRA,DISTRITAL,Sierra con Población urbana de hasta 10 mil habitantes,8137.0,1115.0,7022.0,0.35,0.5000000000000001
060103,CAJAMARCA,CAJAMARCA,CHETILLA,SIERRA,DISTRITAL,Sierra con Población urbana de hasta 10 mil habitantes,3880.0,317.0,3563.0,0.437675332039757,0.62525047434251
060104,CAJAMARCA,CAJAMARCA,COSPAN,SIERRA,DISTRITAL,Sierra con Población urbana de hasta 10 mil habitantes,7222.0,729.0,6493.0,0.437675332039757,0.62525047434251
060105,CAJAMARCA,CAJAMARCA,ENCAÑADA,SIERRA,DISTRITAL,Sierra con Población urbana de hasta 10 mil habitantes,20310.0,1383.0,18927.0,0.437675332039757,0.62525047434251
060106,CAJAMARCA,CAJAMARCA,JESUS,SIERRA,DISTRITAL,Sierra con Población urbana de hasta 10 mil habitantes,16483.0,3202.0,13281.0,0.412,0.5885714285714286
060107,CAJAMARCA,CAJAMARCA,LLACANORA,SIERRA,DISTRITAL,Sierra con Población urbana de hasta 10 mil habitantes,6508.0,753.0,5755.0,0.4203505822563048,0.600500831794721
060108,CAJAMARCA,CAJAMARCA,LOS BAÑOS DEL INCA,SIERRA,DISTRITAL,Sierra con Población urbana entre 10 mil y 50 mil habitantes,51608.0,21275.0,30333.0,0.45,0.6428571428571429
060109,CAJAMARCA,CAJAMARCA,MAGDALENA,SIERRA,DISTRITAL,Sierra con Población urbana de hasta 10 mil habitantes,8851.0,2958.0,5893.0,0.39,0.5571428571428572
060110,CAJAMARCA,CAJAMARCA,MATARA,SIERRA,DISTRITAL,Sierra con Población urbana de hasta 10 mil habitantes,3795.0,795.0,3000.0,0.437675332039757,0.62525047434251
060111,CAJAMARCA,CAJAMARCA,NAMORA,SIERRA,DISTRITAL,Sierra con Población urbana de hasta 10 mil habitantes,10253.0,1759.0,8494.0,2,2.857142857142857
060112,CAJAMARCA,CAJAMARCA,SAN JUAN,SIERRA,DISTRITAL,Sierra con Población urbana de hasta 10 mil habitantes,4560.0,989.0,3571.0,0.437675332039757,0.6252504743425101
060201,CAJAMARCA,CAJABAMBA,CAJABAMBA,SIERRA,PROVINCIAL,Sierra con Población urbana entre 10 mil y 50 mil habitantes,33715.0,19192.0,14523.0,0.4,0.5714285714285715
060202,CAJAMARCA,CAJABAMBA,CACHACHI,SIERRA,DISTRITAL,Sierra con Población urbana de hasta 10 mil habitantes,25479.0,944.0,24535.0,0.4203505822563048,0.6005008317947212
060203,CAJAMARCA,CAJABAMBA,CONDEBAMBA,SIERRA,DISTRITAL,Sierra con Población urbana de hasta 10 mil habitantes,15143.0,1249.0,13894.0,0.402,0.5742857142857143
060204,CAJAMARCA,CAJABAMBA,SITACOCHA,SIERRA,DISTRITAL,Sierra con Población urbana de hasta 10 mil habitantes,8097.0,2454.0,5643.0,0.41,0.5857142857142857
060301,CAJAMARCA,CELENDIN,CELENDIN,SIERRA,PROVINCIAL,Sierra con Población urbana entre 10 mil y 50 mil habitantes,28761.0,20212.0,8549.0,0.43,0.6142857142857144
060302,CAJAMARCA,CELENDIN,CHUMUCH,SIERRA,DISTRITAL,Sierra con Población urbana de hasta 10 mil habitantes,2732.0,185.0,2547.0,0.437675332039757,0.62525047434251
060303,CAJAMARCA,CELENDIN,CORTEGANA,SIERRA,DISTRITAL,Sierra con Población urbana de hasta 10 mil habitantes,7406.0,478.0,6928.0,0.437675332039757,0.62525047434251
060304,CAJAMARCA,CELENDIN,HUASMIN,SIERRA,DISTRITAL,Sierra con Población urbana de hasta 10 mil habitantes,11069.0,1203.0,9866.0,0.4203505822563048,0.6005008317947211
060305,CAJAMARCA,CELENDIN,JORGE CHAVEZ,SIERRA,DISTRITAL,Sierra con Población urbana de hasta 10 mil habitantes,468.0,192.0,276.0,0.437675332039757,0.6252504743425101
060306,CAJAMARCA,CELENDIN,JOSE GALVEZ,SIERRA,DISTRITAL,Sierra con Población urbana de hasta 10 mil habitantes,2762.0,385.0,2377.0,0.437675332039757,0.62525047434251
060307,CAJAMARCA,CELENDIN,MIGUEL IGLESIAS,SIERRA,DISTRITAL,Sierra con Población urbana de hasta 10 mil habitantes,3993.0,346.0,3647.0,0.437675332039757,0.6252504743425101
060308,CAJAMARCA,CELENDIN,OXAMARCA,SIERRA,DISTRITAL,Sierra con Población urbana de hasta 10 mil habitantes,5874.0,590.0,5284.0,0.437675332039757,0.6252504743425101
060309,CAJAMARCA,CELENDIN,SOROCHUCO,SIERRA,DISTRITAL,Sierra con Población urbana de hasta 10 mil habitantes,7683.0,657.0,7026.0,0.53,0.7571428571428572
060310,CAJAMARCA,CELENDIN,SUCRE,SIERRA,DISTRITAL,Sierra con Población urbana de hasta 10 mil habitantes,5491.0,1071.0,4420.0,0.437675332039757,0.6252504743425099
060311,CAJAMARCA,CELENDIN,UTCO,SIERRA,DISTRITAL,Sierra con Población urbana de hasta 10 mil habitantes,1097.0,59.0,1038.0,0.437675332039757,0.6252504743425099
060312,CAJAMARCA,CELENDIN,LA LIBERTAD DE PALLAN,SIERRA,DISTRITAL,Sierra con Población urbana de hasta 10 mil habitantes,6946.0,927.0,6019.0,0.51,0.7285714285714286
060401,CAJAMARCA,CHOTA,CHOTA,SIERRA,PROVINCIAL,Sierra con Población urbana entre 10 mil y 50 mil habitantes,50847.0,22951.0,27896.0,0.38,0.5428571428571429
060402,CAJAMARCA,CHOTA,ANGUIA,SIERRA,DISTRITAL,Sierra con Población urbana de hasta 10 mil habitantes,3290.0,388.0,2902.0,0.437675332039757,0.6252504743425099
060403,CAJAMARCA,CHOTA,CHADIN,SIERRA,DISTRITAL,Sierra con Población urbana de hasta 10 mil habitantes,3669.0,724.0,2945.0,0.437675332039757,0.62525047434251
060404,CAJAMARCA,CHOTA,CHIGUIRIP,SIERRA,DISTRITAL,Sierra con Población urbana de hasta 10 mil habitantes,3704.0,313.0,3391.0,0.437675332039757,0.62525047434251
060405,CAJAMARCA,CHOTA,CHIMBAN,SIERRA,DISTRITAL,Sierra con Población urbana de hasta 10 mil habitantes,2274.0,536.0,1738.0,0.437675332039757,0.6252504743425101
060406,CAJAMARCA,CHOTA,CHOROPAMPA,SIERRA,DISTRITAL,Sierra con Población urbana de hasta 10 mil habitantes,2377.0,311.0,2066.0,0.437675332039757,0.62525047434251
060407,CAJAMARCA,CHOTA,COCHABAMBA,SIERRA,DISTRITAL,Sierra con Población urbana de hasta 10 mil habitantes,5899.0,1431.0,4468.0,0.437675332039757,0.62525047434251
060408,CAJAMARCA,CHOTA,CONCHAN,SIERRA,DISTRITAL,Sierra con Población urbana de hasta 10 mil habitantes,5986.0,503.0,5483.0,0.437675332039757,0.62525047434251
060409,CAJAMARCA,CHOTA,HUAMBOS,SIERRA,DISTRITAL,Sierra con Población urbana de hasta 10 mil habitantes,8660.0,1448.0,7212.0,0.437675332039757,0.62525047434251
060410,CAJAMARCA,CHOTA,LAJAS,SIERRA,DISTRITAL,Sierra con Población urbana de hasta 10 mil habitantes,11681.0,2102.0,9579.0,0.437675332039757,0.62525047434251
060411,CAJAMARCA,CHOTA,LLAMA,SIERRA,DISTRITAL,Sierra con Población urbana de hasta 10 mil habitantes,7444.0,3051.0,4393.0,0.437675332039757,0.62525047434251
060412,CAJAMARCA,CHOTA,MIRACOSTA,SIERRA,DISTRITAL,Sierra con Población urbana de hasta 10 mil habitantes,3333.0,198.0,3135.0,0.437675332039757,0.6252504743425099
060413,CAJAMARCA,CHOTA,PACCHA,SIERRA,DISTRITAL,Sierra con Población urbana de hasta 10 mil habitantes,4666.0,1183.0,3483.0,0.437675332039757,0.6252504743425099
060414,CAJAMARCA,CHOTA,PION,SIERRA,DISTRITAL,Sierra con Población urbana de hasta 10 mil habitantes,1248.0,615.0,633.0,0.437675332039757,0.6252504743425101
060415,CAJAMARCA,CHOTA,QUEROCOTO,SIERRA,DISTRITAL,Sierra con Población urbana de hasta 10 mil habitantes,8863.0,1440.0,7423.0,0.39,0.5571428571428572
060416,CAJAMARCA,CHOTA,SAN JUAN DE LICUPIS,SIERRA,DISTRITAL,Sierra con Población urbana de hasta 10 mil habitantes,988.0,170.0,818.0,0.437675332039757,0.6252504743425099
060417,CAJAMARCA,CHOTA,TACABAMBA,SIERRA,DISTRITAL,Sierra con Población urbana de hasta 10 mil habitantes,16850.0,3001.0,13849.0,0.437675332039757,0.6252504743425101
060418,CAJAMARCA,CHOTA,TOCMOCHE,COSTA,DISTRITAL,Costa con Población urbana de hasta 10 mil habitantes,890.0,211.0,679.0,0.49965038738600104,0.7137862676942872
060419,CAJAMARCA,CHOTA,CHALAMARCA,SIERRA,DISTRITAL,Sierra con Población urbana de hasta 10 mil habitantes,9744.0,979.0,8765.0,0.437675332039757,0.6252504743425099
060501,CAJAMARCA,CONTUMAZA,CONTUMAZA,SIERRA,PROVINCIAL,Sierra con Población urbana de hasta 10 mil habitantes,8111.0,3353.0,4758.0,0.46,0.6571428571428573
060502,CAJAMARCA,CONTUMAZA,CHILETE,SIERRA,DISTRITAL,Sierra con Población urbana de hasta 10 mil habitantes,2783.0,2109.0,674.0,0.41,0.5857142857142857
060503,CAJAMARCA,CONTUMAZA,CUPISNIQUE,SIERRA,DISTRITAL,Sierra con Población urbana de hasta 10 mil habitantes,1415.0,191.0,1224.0,0.437675332039757,0.6252504743425099
060504,CAJAMARCA,CONTUMAZA,GUZMANGO,SIERRA,DISTRITAL,Sierra con Población urbana de hasta 10 mil habitantes,2854.0,252.0,2602.0,0.437675332039757,0.6252504743425099
060505,CAJAMARCA,CONTUMAZA,SAN BENITO,SIERRA,DISTRITAL,Sierra con Población urbana de hasta 10 mil habitantes,3605.0,533.0,3072.0,0.437675332039757,0.62525047434251
060506,CAJAMARCA,CONTUMAZA,SANTA CRUZ DE TOLED,SIERRA,DISTRITAL,Sierra con Población urbana de hasta 10 mil habitantes,1054.0,156.0,898.0,0.437675332039757,0.6252504743425099
060507,CAJAMARCA,CONTUMAZA,TANTARICA,SIERRA,DISTRITAL,Sierra con Población urbana de hasta 10 mil habitantes,2643.0,1673.0,970.0,0.437675332039757,0.6252504743425099
060508,CAJAMARCA,CONTUMAZA,YONAN,COSTA,DISTRITAL,Costa con Población urbana de hasta 10 mil habitantes,7051.0,4542.0,2509.0,0.36,0.5142857142857143
060601,CAJAMARCA,CUTERVO,CUTERVO,SIERRA,PROVINCIAL,Sierra con Población urbana entre 10 mil y 50 mil habitantes,51440.0,20574.0,30866.0,0.53,0.7571428571428571
060602,CAJAMARCA,CUTERVO,CALLAYUC,SIERRA,DISTRITAL,Sierra con Población urbana de hasta 10 mil habitantes,9694.0,580.0,9114.0,0.4203505822563048,0.6005008317947212
060603,CAJAMARCA,CUTERVO,CHOROS,SIERRA,DISTRITAL,Sierra con Población urbana de hasta 10 mil habitantes,3308.0,354.0,2954.0,0.437675332039757,0.62525047434251
060604,CAJAMARCA,CUTERVO,CUJILLO,SIERRA,DISTRITAL,Sierra con Población urbana de hasta 10 mil habitantes,2595.0,374.0,2221.0,0.437675332039757,0.62525047434251
060605,CAJAMARCA,CUTERVO,LA RAMADA,SIERRA,DISTRITAL,Sierra con Población urbana de hasta 10 mil habitantes,4032.0,595.0,3437.0,0.437675332039757,0.6252504743425101
060606,CAJAMARCA,CUTERVO,PIMPINGOS,SIERRA,DISTRITAL,Sierra con Población urbana de hasta 10 mil habitantes,5202.0,572.0,4630.0,0.437675332039757,0.6252504743425101
060607,CAJAMARCA,CUTERVO,QUEROCOTILLO,SIERRA,DISTRITAL,Sierra con Población urbana de hasta 10 mil habitantes,13646.0,1548.0,12098.0,0.437675332039757,0.62525047434251
060608,CAJAMARCA,CUTERVO,SAN ANDRES DE CUTERVO,SIERRA,DISTRITAL,Sierra con Población urbana de hasta 10 mil habitantes,4353.0,1090.0,3263.0,0.437675332039757,0.62525047434251
060609,CAJAMARCA,CUTERVO,SAN JUAN DE CUTERVO,SIERRA,DISTRITAL,Sierra con Población urbana de hasta 10 mil habitantes,1878.0,486.0,1392.0,0.437675332039757,0.6252504743425099
060610,CAJAMARCA,CUTERVO,SAN LUIS DE LUCMA,SIERRA,DISTRITAL,Sierra con Población urbana de hasta 10 mil habitantes,3067.0,462.0,2605.0,0.437675332039757,0.62525047434251
060611,CAJAMARCA,CUTERVO,SANTA CRUZ,SIERRA,DISTRITAL,Sierra con Población urbana de hasta 10 mil habitantes,2713.0,360.0,2353.0,0.437675332039757,0.6252504743425101
060612,CAJAMARCA,CUTERVO,SANTO DOMINGO DE LA CAPILLA,SIERRA,DISTRITAL,Sierra con Población urbana de hasta 10 mil habitantes,5052.0,814.0,4238.0,0.437675332039757,0.62525047434251
060613,CAJAMARCA,CUTERVO,SANTO TOMAS,SIERRA,DISTRITAL,Sierra con Población urbana de hasta 10 mil habitantes,7660.0,1790.0,5870.0,0.437675332039757,0.62525047434251
060614,CAJAMARCA,CUTERVO,SOCOTA,SIERRA,DISTRITAL,Sierra con Población urbana de hasta 10 mil habitantes,9279.0,2682.0,6597.0,0.437675332039757,0.6252504743425099
060615,CAJAMARCA,CUTERVO,TORIBIO CASANOVA,SIERRA,DISTRITAL,Sierra con Población urbana de hasta 10 mil habitantes,1129.0,342.0,787.0,0.437675332039757,0.6252504743425101
060701,CAJAMARCA,HUALGAYOC,BAMBAMARCA,SIERRA,PROVINCIAL,Sierra con Población urbana entre 10 mil y 50 mil habitantes,65077.0,17979.0,47098.0,0.31,0.44285714285714284
060702,CAJAMARCA,HUALGAYOC,CHUGUR,SIERRA,DISTRITAL,Sierra con Población urbana de hasta 10 mil habitantes,3003.0,322.0,2681.0,0.437675332039757,0.62525047434251
060703,CAJAMARCA,HUALGAYOC,HUALGAYOC,SIERRA,DISTRITAL,Sierra con Población urbana de hasta 10 mil habitantes,16298.0,3155.0,13143.0,0.437675332039757,0.62525047434251
060801,CAJAMARCA,JAEN,JAEN,SIERRA,PROVINCIAL,Sierra con Población urbana de más de 50 mil habitantes,104361.0,88814.0,15547.0,0.53,0.7571428571428572
060802,CAJAMARCA,JAEN,BELLAVISTA,SIERRA,DISTRITAL,Sierra con Población urbana de hasta 10 mil habitantes,16313.0,7698.0,8615.0,0.52,0.7428571428571429
060803,CAJAMARCA,JAEN,CHONTALI,SELVA,DISTRITAL,Selva con Población urbana de hasta 10 mil habitantes,10374.0,1782.0,8592.0,0.5413538747534213,0.7733626782191735
060804,CAJAMARCA,JAEN,COLASAY,SELVA,DISTRITAL,Selva con Población urbana de hasta 10 mil habitantes,10639.0,1903.0,8736.0,0.5413538747534213,0.7733626782191734
060805,CAJAMARCA,JAEN,HUABAL,SELVA,DISTRITAL,Selva con Población urbana de hasta 10 mil habitantes,8887.0,1029.0,7858.0,0.5413538747534213,0.7733626782191735
060806,CAJAMARCA,JAEN,LAS PIRIAS,SIERRA,DISTRITAL,Sierra con Población urbana de hasta 10 mil habitantes,4621.0,794.0,3827.0,0.437675332039757,0.62525047434251
060807,CAJAMARCA,JAEN,POMAHUACA,SIERRA,DISTRITAL,Sierra con Población urbana de hasta 10 mil habitantes,9211.0,1771.0,7440.0,0.36,0.5142857142857142
060808,CAJAMARCA,JAEN,PUCARA,SIERRA,DISTRITAL,Sierra con Población urbana de hasta 10 mil habitantes,6873.0,4174.0,2699.0,0.57,0.8142857142857142
060809,CAJAMARCA,JAEN,SALLIQUE,SIERRA,DISTRITAL,Sierra con Población urbana de hasta 10 mil habitantes,7536.0,919.0,6617.0,0.504,0.7200000000000001
060810,CAJAMARCA,JAEN,SAN FELIPE,SIERRA,DISTRITAL,Sierra con Población urbana de hasta 10 mil habitantes,4809.0,492.0,4317.0,0.437675332039757,0.62525047434251
060811,CAJAMARCA,JAEN,SAN JOSE DEL ALTO,SELVA,DISTRITAL,Selva con Población urbana de hasta 10 mil habitantes,7959.0,582.0,7377.0,0.5413538747534213,0.7733626782191734
060812,CAJAMARCA,JAEN,SANTA ROSA,SIERRA,DISTRITAL,Sierra con Población urbana de hasta 10 mil habitantes,10498.0,2704.0,7794.0,0.437675332039757,0.62525047434251
060901,CAJAMARCA,SAN IGNACIO,SAN IGNACIO,SIERRA,PROVINCIAL,Sierra con Población urbana entre 10 mil y 50 mil habitantes,39506.0,13917.0,25589.0,0.51,0.7285714285714286
060902,CAJAMARCA,SAN IGNACIO,CHIRINOS,SIERRA,DISTRITAL,Sierra con Población urbana de hasta 10 mil habitantes,15773.0,2814.0,12959.0,0.64,0.9142857142857143
060903,CAJAMARCA,SAN IGNACIO,HUARANGO,SELVA,DISTRITAL,Selva con Población urbana de hasta 10 mil habitantes,18766.0,4616.0,14150.0,0.56,0.8000000000000002
060904,CAJAMARCA,SAN IGNACIO,LA COIPA,SELVA,DISTRITAL,Selva con Población urbana de hasta 10 mil habitantes,21032.0,2365.0,18667.0,0.5413538747534213,0.7733626782191737
060905,CAJAMARCA,SAN IGNACIO,NAMBALLE,SELVA,DISTRITAL,Selva con Población urbana de hasta 10 mil habitantes,9970.0,1212.0,8758.0,0.5413538747534213,0.7733626782191735
060906,CAJAMARCA,SAN IGNACIO,SAN JOSE DE LOURDES,SELVA,DISTRITAL,Selva con Población urbana de hasta 10 mil habitantes,19757.0,2904.0,16853.0,0.54,0.7714285714285716
060907,CAJAMARCA,SAN IGNACIO,TABACONAS,SELVA,DISTRITAL,Selva con Población urbana de hasta 10 mil habitantes,19776.0,633.0,19143.0,0.5413538747534213,0.7733626782191735
061001,CAJAMARCA,SAN MARCOS,PEDRO GALVEZ,SIERRA,PROVINCIAL,Sierra con Población urbana entre 10 mil y 50 mil habitantes,21494.0,10104.0,11390.0,0.55,0.785714285714286
061002,CAJAMARCA,SAN MARCOS,CHANCAY,SIERRA,DISTRITAL,Sierra con Población urbana de hasta 10 mil habitantes,3088.0,544.0,2544.0,0.25,0.35714285714285715
061003,CAJAMARCA,SAN MARCOS,EDUARDO VILLANUEVA,SIERRA,DISTRITAL,Sierra con Población urbana de hasta 10 mil habitantes,2975.0,1759.0,1216.0,0.437675332039757,0.6252504743425099
061004,CAJAMARCA,SAN MARCOS,GREGORIO PITA,SIERRA,DISTRITAL,Sierra con Población urbana de hasta 10 mil habitantes,5284.0,545.0,4739.0,0.437675332039757,0.62525047434251
061005,CAJAMARCA,SAN MARCOS,ICHOCAN,SIERRA,DISTRITAL,Sierra con Población urbana de hasta 10 mil habitantes,1987.0,598.0,1389.0,0.437675332039757,0.6252504743425099
061006,CAJAMARCA,SAN MARCOS,JOSE MANUEL QUIROZ,SIERRA,DISTRITAL,Sierra con Población urbana de hasta 10 mil habitantes,3670.0,486.0,3184.0,0.437675332039757,0.6252504743425099
061007,CAJAMARCA,SAN MARCOS,JOSE SABOGAL,SIERRA,DISTRITAL,Sierra con Población urbana de hasta 10 mil habitantes,13135.0,1195.0,11940.0,0.437675332039757,0.62525047434251
061101,CAJAMARCA,SAN MIGUEL,SAN MIGUEL,SIERRA,PROVINCIAL,Sierra con Población urbana de hasta 10 mil habitantes,14167.0,4368.0,9799.0,0.47,0.6714285714285715
061102,CAJAMARCA,SAN MIGUEL,BOLIVAR,SIERRA,DISTRITAL,Sierra con Población urbana de hasta 10 mil habitantes,1336.0,559.0,777.0,0.437675332039757,0.62525047434251
061103,CAJAMARCA,SAN MIGUEL,CALQUIS,SIERRA,DISTRITAL,Sierra con Población urbana de hasta 10 mil habitantes,4295.0,102.0,4193.0,0.437675332039757,0.62525047434251
061104,CAJAMARCA,SAN MIGUEL,CATILLUC,SIERRA,DISTRITAL,Sierra con Población urbana de hasta 10 mil habitantes,2855.0,448.0,2407.0,0.437675332039757,0.6252504743425099
061105,CAJAMARCA,SAN MIGUEL,EL PRADO,SIERRA,DISTRITAL,Sierra con Población urbana de hasta 10 mil habitantes,1680.0,270.0,1410.0,0.437675332039757,0.62525047434251
061106,CAJAMARCA,SAN MIGUEL,LA FLORIDA,SIERRA,DISTRITAL,Sierra con Población urbana de hasta 10 mil habitantes,2193.0,589.0,1604.0,0.437675332039757,0.6252504743425101
061107,CAJAMARCA,SAN MIGUEL,LLAPA,SIERRA,DISTRITAL,Sierra con Población urbana de hasta 10 mil habitantes,4633.0,785.0,3848.0,0.437675332039757,0.62525047434251
061108,CAJAMARCA,SAN MIGUEL,NANCHOC,COSTA,DISTRITAL,Costa con Población urbana de hasta 10 mil habitantes,1373.0,328.0,1045.0,0.49965038738600104,0.7137862676942873
061109,CAJAMARCA,SAN MIGUEL,NIEPOS,SIERRA,DISTRITAL,Sierra con Población urbana de hasta 10 mil habitantes,3359.0,818.0,2541.0,0.437675332039757,0.6252504743425101
061110,CAJAMARCA,SAN MIGUEL,SAN GREGORIO,COSTA,DISTRITAL,Costa con Población urbana de hasta 10 mil habitantes,2293.0,385.0,1908.0,0.49965038738600104,0.7137862676942873
061111,CAJAMARCA,SAN MIGUEL,SAN SILVESTRE DE COCHAN,SIERRA,DISTRITAL,Sierra con Población urbana de hasta 10 mil habitantes,3781.0,209.0,3572.0,0.437675332039757,0.6252504743425099
061112,CAJAMARCA,SAN MIGUEL,TONGOD,SIERRA,DISTRITAL,Sierra con Población urbana de hasta 10 mil habitantes,2644.0,647.0,1997.0,0.437675332039757,0.6252504743425101
061113,CAJAMARCA,SAN MIGUEL,UNION AGUA BLANCA,SIERRA,DISTRITAL,Sierra con Población urbana de hasta 10 mil habitantes,3173.0,985.0,2188.0,0.437675332039757,0.6252504743425101
061201,CAJAMARCA,SAN PABLO,SAN PABLO,SIERRA,PROVINCIAL,Sierra con Población urbana de hasta 10 mil habitantes,13457.0,3502.0,9955.0,0.49,0.7
061202,CAJAMARCA,SAN PABLO,SAN BERNARDINO,SIERRA,DISTRITAL,Sierra con Población urbana de hasta 10 mil habitantes,4590.0,207.0,4383.0,0.437675332039757,0.6252504743425099
061203,CAJAMARCA,SAN PABLO,SAN LUIS,SIERRA,DISTRITAL,Sierra con Población urbana de hasta 10 mil habitantes,953.0,200.0,753.0,0.437675332039757,0.62525047434251
061204,CAJAMARCA,SAN PABLO,TUMBADEN,SIERRA,DISTRITAL,Sierra con Población urbana de hasta 10 mil habitantes,3677.0,187.0,3490.0,0.437675332039757,0.62525047434251
061301,CAJAMARCA,SANTA CRUZ,SANTA CRUZ,SIERRA,PROVINCIAL,Sierra con Población urbana de hasta 10 mil habitantes,9799.0,5299.0,4500.0,0.56,0.8000000000000002
061302,CAJAMARCA,SANTA CRUZ,ANDABAMBA,SIERRA,DISTRITAL,Sierra con Población urbana de hasta 10 mil habitantes,1343.0,243.0,1100.0,0.437675332039757,0.6252504743425099
061303,CAJAMARCA,SANTA CRUZ,CATACHE,SIERRA,DISTRITAL,Sierra con Población urbana de hasta 10 mil habitantes,9852.0,1555.0,8297.0,0.437675332039757,0.6252504743425101
061304,CAJAMARCA,SANTA CRUZ,CHANCAYBAÑOS,SIERRA,DISTRITAL,Sierra con Población urbana de hasta 10 mil habitantes,3505.0,354.0,3151.0,0.437675332039757,0.62525047434251
061305,CAJAMARCA,SANTA CRUZ,LA ESPERANZA,SIERRA,DISTRITAL,Sierra con Población urbana de hasta 10 mil habitantes,2391.0,208.0,2183.0,0.437675332039757,0.6252504743425099
061306,CAJAMARCA,SANTA CRUZ,NINABAMBA,SIERRA,DISTRITAL,Sierra con Población urbana de hasta 10 mil habitantes,2067.0,273.0,1794.0,0.437675332039757,0.62525047434251
061307,CAJAMARCA,SANTA CRUZ,PULAN,SIERRA,DISTRITAL,Sierra con Población urbana de hasta 10 mil habitantes,3962.0,486.0,3476.0,0.437675332039757,0.6252504743425099
061308,CAJAMARCA,SANTA CRUZ,SAUCEPAMPA,SIERRA,DISTRITAL,Sierra con Población urbana de hasta 10 mil habitantes,1442.0,175.0,1267.0,0.437675332039757,0.6252504743425101
061309,CAJAMARCA,SANTA CRUZ,SEXI,SIERRA,DISTRITAL,Sierra con Población urbana de hasta 10 mil habitantes,443.0,220.0,223.0,0.437675332039757,0.62525047434251
061310,CAJAMARCA,SANTA CRUZ,UTICYACU,SIERRA,DISTRITAL,Sierra con Población urbana de hasta 10 mil habitantes,1284.0,143.0,1141.0,0.437675332039757,0.6252504743425101
061311,CAJAMARCA,SANTA CRUZ,YAUYUCAN,SIERRA,DISTRITAL,Sierra con Población urbana de hasta 10 mil habitantes,2911.0,805.0,2106.0,0.437675332039757,0.6252504743425099
070101,CALLAO,CALLAO,CALLAO,COSTA,PROVINCIAL,Provincia de Lima y Callao ,503234.0,503234.0,0.0,0.53,0.7571428571428571
070102,CALLAO,CALLAO,BELLAVISTA,COSTA,DISTRITAL,Provincia de Lima y Callao ,80139.0,80139.0,0.0,0.62,0.8857142857142857
070103,CALLAO,CALLAO,CARMEN DE LA LEGUA REYNOSO,COSTA,DISTRITAL,Provincia de Lima y Callao ,45963.0,45963.0,0.0,0.67,0.9571428571428574
070104,CALLAO,CALLAO,LA PERLA,COSTA,DISTRITAL,Provincia de Lima y Callao ,64142.0,64142.0,0.0,0.6,0.8571428571428572
070105,CALLAO,CALLAO,LA PUNTA,COSTA,DISTRITAL,Provincia de Lima y Callao ,3963.0,3963.0,0.0,0.66,0.942857142857143
070106,CALLAO,CALLAO,VENTANILLA,COSTA,DISTRITAL,Provincia de Lima y Callao ,357035.0,357035.0,0.0,0.55,0.785714285714286
070107,CALLAO,CALLAO,MI PERU,COSTA,DISTRITAL,Provincia de Lima y Callao ,51036.0,51036.0,0.0,0.46,0.6571428571428571
080101,CUSCO,CUSCO,CUSCO,SIERRA,PROVINCIAL,Sierra con Población urbana de más de 50 mil habitantes,117821.0,115567.0,2254.0,0.45,0.6428571428571429
080102,CUSCO,CUSCO,CCORCA,SIERRA,DISTRITAL,Sierra con Población urbana de hasta 10 mil habitantes,2408.0,754.0,1654.0,0.437675332039757,0.62525047434251
080103,CUSCO,CUSCO,POROY,SIERRA,DISTRITAL,Sierra con Población urbana de hasta 10 mil habitantes,11418.0,7224.0,4194.0,0.47,0.6714285714285713
080104,CUSCO,CUSCO,SAN JERONIMO,SIERRA,DISTRITAL,Sierra con Población urbana de más de 50 mil habitantes,66405.0,64801.0,1604.0,0.48,0.6857142857142857
080105,CUSCO,CUSCO,SAN SEBASTIAN,SIERRA,DISTRITAL,Sierra con Población urbana de más de 50 mil habitantes,128607.0,127043.0,1564.0,0.57,0.8142857142857143
080106,CUSCO,CUSCO,SANTIAGO,SIERRA,DISTRITAL,Sierra con Población urbana de más de 50 mil habitantes,102400.0,100659.0,1741.0,0.54,0.7714285714285714
080107,CUSCO,CUSCO,SAYLLA,SIERRA,DISTRITAL,Sierra con Población urbana de hasta 10 mil habitantes,7702.0,5126.0,2576.0,0.4,0.5714285714285716
080108,CUSCO,CUSCO,WANCHAQ,SIERRA,DISTRITAL,Sierra con Población urbana de más de 50 mil habitantes,61408.0,61408.0,0.0,0.39,0.5571428571428573
080201,CUSCO,ACOMAYO,ACOMAYO,SIERRA,PROVINCIAL,Sierra con Población urbana de hasta 10 mil habitantes,4678.0,2897.0,1781.0,0.39,0.5571428571428572
080202,CUSCO,ACOMAYO,ACOPIA,SIERRA,DISTRITAL,Sierra con Población urbana de hasta 10 mil habitantes,3010.0,2019.0,991.0,0.437675332039757,0.62525047434251
080203,CUSCO,ACOMAYO,ACOS,SIERRA,DISTRITAL,Sierra con Población urbana de hasta 10 mil habitantes,2367.0,1399.0,968.0,0.37,0.5285714285714286
080204,CUSCO,ACOMAYO,MOSOC LLACTA,SIERRA,DISTRITAL,Sierra con Población urbana de hasta 10 mil habitantes,1118.0,619.0,499.0,0.437675332039757,0.62525047434251
080205,CUSCO,ACOMAYO,POMACANCHI,SIERRA,DISTRITAL,Sierra con Población urbana de hasta 10 mil habitantes,7661.0,5056.0,2605.0,0.437675332039757,0.6252504743425101
080206,CUSCO,ACOMAYO,RONDOCAN,SIERRA,DISTRITAL,Sierra con Población urbana de hasta 10 mil habitantes,1982.0,1223.0,759.0,0.437675332039757,0.62525047434251
080207,CUSCO,ACOMAYO,SANGARARA,SIERRA,DISTRITAL,Sierra con Población urbana de hasta 10 mil habitantes,3435.0,2632.0,803.0,0.437675332039757,0.6252504743425101
080301,CUSCO,ANTA,ANTA,SIERRA,PROVINCIAL,Sierra con Población urbana entre 10 mil y 50 mil habitantes,24667.0,12215.0,12452.0,0.6,0.8571428571428572
080302,CUSCO,ANTA,ANCAHUASI,SIERRA,DISTRITAL,Sierra con Población urbana de hasta 10 mil habitantes,7711.0,3471.0,4240.0,0.437675332039757,0.62525047434251
080303,CUSCO,ANTA,CACHIMAYO,SIERRA,DISTRITAL,Sierra con Población urbana de hasta 10 mil habitantes,2681.0,1829.0,852.0,0.437675332039757,0.6252504743425101
080304,CUSCO,ANTA,CHINCHAYPUJIO,SIERRA,DISTRITAL,Sierra con Población urbana de hasta 10 mil habitantes,4370.0,1074.0,3296.0,0.437675332039757,0.6252504743425101
080305,CUSCO,ANTA,HUAROCONDO,SIERRA,DISTRITAL,Sierra con Población urbana de hasta 10 mil habitantes,4722.0,2340.0,2382.0,0.437675332039757,0.6252504743425099
080306,CUSCO,ANTA,LIMATAMBO,SIERRA,DISTRITAL,Sierra con Población urbana de hasta 10 mil habitantes,7868.0,1892.0,5976.0,0.437675332039757,0.6252504743425101
080307,CUSCO,ANTA,MOLLEPATA,SIERRA,DISTRITAL,Sierra con Población urbana de hasta 10 mil habitantes,3450.0,1704.0,1746.0,0.437675332039757,0.62525047434251
080308,CUSCO,ANTA,PUCYURA,SIERRA,DISTRITAL,Sierra con Población urbana de hasta 10 mil habitantes,3199.0,1912.0,1287.0,0.437675332039757,0.62525047434251
080309,CUSCO,ANTA,ZURITE,SIERRA,DISTRITAL,Sierra con Población urbana de hasta 10 mil habitantes,3760.0,2096.0,1664.0,0.4203505822563048,0.600500831794721
080401,CUSCO,CALCA,CALCA,SIERRA,PROVINCIAL,Sierra con Población urbana entre 10 mil y 50 mil habitantes,23082.0,14530.0,8552.0,0.61,0.8714285714285712
080402,CUSCO,CALCA,COYA,SIERRA,DISTRITAL,Sierra con Población urbana de hasta 10 mil habitantes,3652.0,2993.0,659.0,0.51,0.7285714285714284
080403,CUSCO,CALCA,LAMAY,SIERRA,DISTRITAL,Sierra con Población urbana de hasta 10 mil habitantes,5920.0,3059.0,2861.0,0.36,0.5142857142857143
080404,CUSCO,CALCA,LARES,SIERRA,DISTRITAL,Sierra con Población urbana de hasta 10 mil habitantes,6472.0,2391.0,4081.0,0.62,0.8857142857142857
080405,CUSCO,CALCA,PISAC,SIERRA,DISTRITAL,Sierra con Población urbana de hasta 10 mil habitantes,11425.0,5018.0,6407.0,0.48,0.6857142857142857
080406,CUSCO,CALCA,SAN SALVADOR,SIERRA,DISTRITAL,Sierra con Población urbana de hasta 10 mil habitantes,6097.0,1499.0,4598.0,0.437675332039757,0.62525047434251
080407,CUSCO,CALCA,TARAY,SIERRA,DISTRITAL,Sierra con Población urbana de hasta 10 mil habitantes,4832.0,2165.0,2667.0,0.437675332039757,0.6252504743425101
080408,CUSCO,CALCA,YANATILE,SELVA,DISTRITAL,Selva con Población urbana de hasta 10 mil habitantes,9591.0,2544.0,7047.0,0.59,0.842857142857143
080501,CUSCO,CANAS,YANAOCA,SIERRA,PROVINCIAL,Sierra con Población urbana de hasta 10 mil habitantes,9302.0,3965.0,5337.0,0.46,0.6571428571428574
080502,CUSCO,CANAS,CHECCA,SIERRA,DISTRITAL,Sierra con Población urbana de hasta 10 mil habitantes,5523.0,445.0,5078.0,0.4203505822563048,0.6005008317947211
080503,CUSCO,CANAS,KUNTURKANKI,SIERRA,DISTRITAL,Sierra con Población urbana de hasta 10 mil habitantes,5204.0,1555.0,3649.0,0.437675332039757,0.6252504743425101
080504,CUSCO,CANAS,LANGUI,SIERRA,DISTRITAL,Sierra con Población urbana de hasta 10 mil habitantes,2142.0,347.0,1795.0,0.437675332039757,0.62525047434251
080505,CUSCO,CANAS,LAYO,SIERRA,DISTRITAL,Sierra con Población urbana de hasta 10 mil habitantes,5600.0,692.0,4908.0,0.52,0.7428571428571431
080506,CUSCO,CANAS,PAMPAMARCA,SIERRA,DISTRITAL,Sierra con Población urbana de hasta 10 mil habitantes,1903.0,1219.0,684.0,0.437675332039757,0.62525047434251
080507,CUSCO,CANAS,QUEHUE,SIERRA,DISTRITAL,Sierra con Población urbana de hasta 10 mil habitantes,2704.0,352.0,2352.0,0.437675332039757,0.6252504743425101
080508,CUSCO,CANAS,TUPAC AMARU,SIERRA,DISTRITAL,Sierra con Población urbana de hasta 10 mil habitantes,2646.0,453.0,2193.0,0.437675332039757,0.6252504743425099
080601,CUSCO,CANCHIS,SICUANI,SIERRA,PROVINCIAL,Sierra con Población urbana de más de 50 mil habitantes,63931.0,51537.0,12394.0,0.48,0.6857142857142857
080602,CUSCO,CANCHIS,CHECACUPE,SIERRA,DISTRITAL,Sierra con Población urbana de hasta 10 mil habitantes,5191.0,2413.0,2778.0,0.318,0.4542857142857143
080603,CUSCO,CANCHIS,COMBAPATA,SIERRA,DISTRITAL,Sierra con Población urbana de hasta 10 mil habitantes,5038.0,2183.0,2855.0,1.48,2.1142857142857148
080604,CUSCO,CANCHIS,MARANGANI,SIERRA,DISTRITAL,Sierra con Población urbana de hasta 10 mil habitantes,10453.0,3311.0,7142.0,0.36,0.5142857142857143
080605,CUSCO,CANCHIS,PITUMARCA,SIERRA,DISTRITAL,Sierra con Población urbana de hasta 10 mil habitantes,8257.0,4484.0,3773.0,0.71,1.0142857142857145
080606,CUSCO,CANCHIS,SAN PABLO,SIERRA,DISTRITAL,Sierra con Población urbana de hasta 10 mil habitantes,4515.0,1752.0,2763.0,0.26,0.37142857142857144
080607,CUSCO,CANCHIS,SAN PEDRO,SIERRA,DISTRITAL,Sierra con Población urbana de hasta 10 mil habitantes,2821.0,1610.0,1211.0,0.6,0.8571428571428571
080608,CUSCO,CANCHIS,TINTA,SIERRA,DISTRITAL,Sierra con Población urbana de hasta 10 mil habitantes,5479.0,2827.0,2652.0,0.38,0.5428571428571428
080701,CUSCO,CHUMBIVILCAS,SANTO TOMAS,SIERRA,PROVINCIAL,Sierra con Población urbana entre 10 mil y 50 mil habitantes,22958.0,12020.0,10938.0,0.93,1.328571428571429
080702,CUSCO,CHUMBIVILCAS,CAPACMARCA,SIERRA,DISTRITAL,Sierra con Población urbana de hasta 10 mil habitantes,4158.0,778.0,3380.0,0.437675332039757,0.62525047434251
080703,CUSCO,CHUMBIVILCAS,CHAMACA,SIERRA,DISTRITAL,Sierra con Población urbana de hasta 10 mil habitantes,6596.0,1604.0,4992.0,0.578,0.8257142857142856
080704,CUSCO,CHUMBIVILCAS,COLQUEMARCA,SIERRA,DISTRITAL,Sierra con Población urbana de hasta 10 mil habitantes,7228.0,1414.0,5814.0,0.437675332039757,0.6252504743425101
080705,CUSCO,CHUMBIVILCAS,LIVITACA,SIERRA,DISTRITAL,Sierra con Población urbana de hasta 10 mil habitantes,12704.0,2727.0,9977.0,0.437675332039757,0.6252504743425101
080706,CUSCO,CHUMBIVILCAS,LLUSCO,SIERRA,DISTRITAL,Sierra con Población urbana de hasta 10 mil habitantes,4462.0,904.0,3558.0,0.437675332039757,0.62525047434251
080707,CUSCO,CHUMBIVILCAS,QUIÑOTA,SIERRA,DISTRITAL,Sierra con Población urbana de hasta 10 mil habitantes,4036.0,890.0,3146.0,0.437675332039757,0.62525047434251
080708,CUSCO,CHUMBIVILCAS,VELILLE,SIERRA,DISTRITAL,Sierra con Población urbana de hasta 10 mil habitantes,8423.0,2988.0,5435.0,0.447,0.6385714285714287
080801,CUSCO,ESPINAR,ESPINAR,SIERRA,PROVINCIAL,Sierra con Población urbana entre 10 mil y 50 mil habitantes,38252.0,32882.0,5370.0,0.49,0.6999999999999998
080802,CUSCO,ESPINAR,CONDOROMA,SIERRA,DISTRITAL,Sierra con Población urbana de hasta 10 mil habitantes,896.0,472.0,424.0,0.437675332039757,0.6252504743425099
080803,CUSCO,ESPINAR,COPORAQUE,SIERRA,DISTRITAL,Sierra con Población urbana de hasta 10 mil habitantes,10236.0,945.0,9291.0,0.32,0.45714285714285724
080804,CUSCO,ESPINAR,OCORURO,SIERRA,DISTRITAL,Sierra con Población urbana de hasta 10 mil habitantes,1035.0,145.0,890.0,0.437675332039757,0.62525047434251
080805,CUSCO,ESPINAR,PALLPATA,SIERRA,DISTRITAL,Sierra con Población urbana de hasta 10 mil habitantes,5130.0,2430.0,2700.0,0.38,0.5428571428571428
080806,CUSCO,ESPINAR,PICHIGUA,SIERRA,DISTRITAL,Sierra con Población urbana de hasta 10 mil habitantes,2896.0,468.0,2428.0,0.4203505822563048,0.6005008317947211
080807,CUSCO,ESPINAR,SUYCKUTAMBO,SIERRA,DISTRITAL,Sierra con Población urbana de hasta 10 mil habitantes,1640.0,336.0,1304.0,0.437675332039757,0.62525047434251
080808,CUSCO,ESPINAR,ALTO PICHIGUA,SIERRA,DISTRITAL,Sierra con Población urbana de hasta 10 mil habitantes,2023.0,330.0,1693.0,0.437675332039757,0.6252504743425099
080901,CUSCO,LA CONVENCION,SANTA ANA,SELVA,PROVINCIAL,Selva con Población urbana entre 10 mil y 50 mil habitantes,30330.0,25585.0,4745.0,0.57,0.8142857142857143
080902,CUSCO,LA CONVENCION,ECHARATE,SELVA,DISTRITAL,Selva con Población urbana de hasta 10 mil habitantes,26006.0,3927.0,22079.0,0.71,1.0142857142857142
080903,CUSCO,LA CONVENCION,HUAYOPATA,SELVA,DISTRITAL,Selva con Población urbana de hasta 10 mil habitantes,5525.0,2778.0,2747.0,0.5413538747534213,0.7733626782191734
080904,CUSCO,LA CONVENCION,MARANURA,SELVA,DISTRITAL,Selva con Población urbana de hasta 10 mil habitantes,5336.0,1581.0,3755.0,0.5413538747534213,0.7733626782191735
080905,CUSCO,LA CONVENCION,OCOBAMBA,SELVA,DISTRITAL,Selva con Población urbana de hasta 10 mil habitantes,6025.0,317.0,5708.0,0.5413538747534213,0.7733626782191734
080906,CUSCO,LA CONVENCION,QUELLOUNO,SELVA,DISTRITAL,Selva con Población urbana de hasta 10 mil habitantes,15187.0,2286.0,12901.0,0.65,0.9285714285714288
080907,CUSCO,LA CONVENCION,KIMBIRI,SELVA,DISTRITAL,Selva con Población urbana entre 10 mil y 50 mil habitantes,18702.0,11312.0,7390.0,0.51,0.7285714285714286
080908,CUSCO,LA CONVENCION,SANTA TERESA,SELVA,DISTRITAL,Selva con Población urbana de hasta 10 mil habitantes,6969.0,1881.0,5088.0,0.22,0.3142857142857143
080909,CUSCO,LA CONVENCION,VILCABAMBA,SELVA,DISTRITAL,Selva con Población urbana de hasta 10 mil habitantes,10359.0,416.0,9943.0,0.26,0.37142857142857144
080910,CUSCO,LA CONVENCION,PICHARI,SELVA,DISTRITAL,Selva con Población urbana entre 10 mil y 50 mil habitantes,26160.0,18864.0,7296.0,0.66,0.942857142857143
080911,CUSCO,LA CONVENCION,INKAWASI,SELVA,DISTRITAL,Selva con Población urbana de hasta 10 mil habitantes,4979.0,781.0,4198.0,0.549,0.7842857142857145
080912,CUSCO,LA CONVENCION,VILLA VIRGEN,SELVA,DISTRITAL,Selva con Población urbana de hasta 10 mil habitantes,2365.0,1343.0,1022.0,0.5413538747534213,0.7733626782191735
080913,CUSCO,LA CONVENCION,VILLA KINTIARINA,SELVA,DISTRITAL,Selva con Población urbana de hasta 10 mil habitantes,2350.0,622.0,1728.0,0.41,0.5857142857142857
080914,CUSCO,LA CONVENCION,MEGANTONI,SELVA,DISTRITAL,Selva con Población urbana de hasta 10 mil habitantes,7553.0,490.0,7063.0,0.4,0.5714285714285715
081001,CUSCO,PARURO,PARURO,SIERRA,PROVINCIAL,Sierra con Población urbana de hasta 10 mil habitantes,3479.0,1903.0,1576.0,0.61,0.8714285714285716
081002,CUSCO,PARURO,ACCHA,SIERRA,DISTRITAL,Sierra con Población urbana de hasta 10 mil habitantes,3179.0,1498.0,1681.0,0.437675332039757,0.6252504743425101
081003,CUSCO,PARURO,CCAPI,SIERRA,DISTRITAL,Sierra con Población urbana de hasta 10 mil habitantes,3175.0,798.0,2377.0,0.928,1.3257142857142858
081004,CUSCO,PARURO,COLCHA,SIERRA,DISTRITAL,Sierra con Población urbana de hasta 10 mil habitantes,974.0,941.0,33.0,0.437675332039757,0.6252504743425099
081005,CUSCO,PARURO,HUANOQUITE,SIERRA,DISTRITAL,Sierra con Población urbana de hasta 10 mil habitantes,5116.0,1912.0,3204.0,0.437675332039757,0.62525047434251
081006,CUSCO,PARURO,OMACHA,SIERRA,DISTRITAL,Sierra con Población urbana de hasta 10 mil habitantes,5891.0,1965.0,3926.0,0.57,0.8142857142857143
081007,CUSCO,PARURO,PACCARITAMBO,SIERRA,DISTRITAL,Sierra con Población urbana de hasta 10 mil habitantes,2118.0,776.0,1342.0,0.437675332039757,0.6252504743425099
081008,CUSCO,PARURO,PILLPINTO,SIERRA,DISTRITAL,Sierra con Población urbana de hasta 10 mil habitantes,1054.0,983.0,71.0,0.35,0.49999999999999994
081009,CUSCO,PARURO,YAURISQUE,SIERRA,DISTRITAL,Sierra con Población urbana de hasta 10 mil habitantes,1978.0,534.0,1444.0,0.437675332039757,0.62525047434251
081101,CUSCO,PAUCARTAMBO,PAUCARTAMBO,SIERRA,PROVINCIAL,Sierra con Población urbana de hasta 10 mil habitantes,13323.0,4262.0,9061.0,0.68,0.9714285714285715
081102,CUSCO,PAUCARTAMBO,CAICAY,SIERRA,DISTRITAL,Sierra con Población urbana de hasta 10 mil habitantes,3005.0,639.0,2366.0,0.437675332039757,0.6252504743425099
081103,CUSCO,PAUCARTAMBO,CHALLABAMBA,SIERRA,DISTRITAL,Sierra con Población urbana de hasta 10 mil habitantes,9468.0,1286.0,8182.0,0.437675332039757,0.6252504743425099
081104,CUSCO,PAUCARTAMBO,COLQUEPATA,SIERRA,DISTRITAL,Sierra con Población urbana de hasta 10 mil habitantes,8973.0,1660.0,7313.0,0.437675332039757,0.6252504743425099
081105,CUSCO,PAUCARTAMBO,HUANCARANI,SIERRA,DISTRITAL,Sierra con Población urbana de hasta 10 mil habitantes,7788.0,2005.0,5783.0,0.396,0.5657142857142858
081106,CUSCO,PAUCARTAMBO,KOSÑIPATA,SELVA,DISTRITAL,Selva con Población urbana de hasta 10 mil habitantes,4885.0,2014.0,2871.0,0.5413538747534213,0.7733626782191734
081201,CUSCO,QUISPICANCHI,URCOS,SIERRA,PROVINCIAL,Sierra con Población urbana de hasta 10 mil habitantes,11984.0,7582.0,4402.0,0.53,0.7571428571428572
081202,CUSCO,QUISPICANCHI,ANDAHUAYLILLAS,SIERRA,DISTRITAL,Sierra con Población urbana de hasta 10 mil habitantes,6760.0,4779.0,1981.0,0.26,0.37142857142857144
081203,CUSCO,QUISPICANCHI,CAMANTI,SELVA,DISTRITAL,Selva con Población urbana de hasta 10 mil habitantes,2556.0,1979.0,577.0,0.42,0.6
081204,CUSCO,QUISPICANCHI,CCARHUAYO,SIERRA,DISTRITAL,Sierra con Población urbana de hasta 10 mil habitantes,3136.0,826.0,2310.0,0.38,0.5428571428571428
081205,CUSCO,QUISPICANCHI,CCATCA,SIERRA,DISTRITAL,Sierra con Población urbana de hasta 10 mil habitantes,15039.0,3841.0,11198.0,0.27,0.3857142857142858
081206,CUSCO,QUISPICANCHI,CUSIPATA,SIERRA,DISTRITAL,Sierra con Población urbana de hasta 10 mil habitantes,4673.0,1374.0,3299.0,0.437675332039757,0.6252504743425099
081207,CUSCO,QUISPICANCHI,HUARO,SIERRA,DISTRITAL,Sierra con Población urbana de hasta 10 mil habitantes,4919.0,3231.0,1688.0,0.38,0.5428571428571428
081208,CUSCO,QUISPICANCHI,LUCRE,SIERRA,DISTRITAL,Sierra con Población urbana de hasta 10 mil habitantes,5103.0,4371.0,732.0,0.35,0.5
081209,CUSCO,QUISPICANCHI,MARCAPATA,SIERRA,DISTRITAL,Sierra con Población urbana de hasta 10 mil habitantes,4917.0,722.0,4195.0,0.4203505822563048,0.6005008317947211
081210,CUSCO,QUISPICANCHI,OCONGATE,SIERRA,DISTRITAL,Sierra con Población urbana de hasta 10 mil habitantes,18147.0,4657.0,13490.0,0.39,0.5571428571428572
081211,CUSCO,QUISPICANCHI,OROPESA,SIERRA,DISTRITAL,Sierra con Población urbana de hasta 10 mil habitantes,11054.0,9866.0,1188.0,0.38,0.5428571428571428
081212,CUSCO,QUISPICANCHI,QUIQUIJANA,SIERRA,DISTRITAL,Sierra con Población urbana de hasta 10 mil habitantes,11739.0,3737.0,8002.0,0.46,0.6571428571428573
081301,CUSCO,URUBAMBA,URUBAMBA,SIERRA,PROVINCIAL,Sierra con Población urbana entre 10 mil y 50 mil habitantes,23222.0,15744.0,7478.0,0.52,0.7428571428571429
081302,CUSCO,URUBAMBA,CHINCHERO,SIERRA,DISTRITAL,Sierra con Población urbana de hasta 10 mil habitantes,12043.0,4501.0,7542.0,0.2,0.28571428571428575
081303,CUSCO,URUBAMBA,HUAYLLABAMBA,SIERRA,DISTRITAL,Sierra con Población urbana de hasta 10 mil habitantes,6192.0,2174.0,4018.0,0.437675332039757,0.6252504743425101
081304,CUSCO,URUBAMBA,MACHUPICCHU,SIERRA,DISTRITAL,Sierra con Población urbana de hasta 10 mil habitantes,5671.0,4707.0,964.0,0.6,0.8571428571428571
081305,CUSCO,URUBAMBA,MARAS,SIERRA,DISTRITAL,Sierra con Población urbana de hasta 10 mil habitantes,6729.0,1704.0,5025.0,0.37,0.5285714285714286
081306,CUSCO,URUBAMBA,OLLANTAYTAMBO,SIERRA,DISTRITAL,Sierra con Población urbana de hasta 10 mil habitantes,11642.0,3796.0,7846.0,0.59,0.842857142857143
081307,CUSCO,URUBAMBA,YUCAY,SIERRA,DISTRITAL,Sierra con Población urbana de hasta 10 mil habitantes,3378.0,3299.0,79.0,0.41,0.5857142857142857
090101,HUANCAVELICA,HUANCAVELICA,HUANCAVELICA,SIERRA,PROVINCIAL,Sierra con Población urbana entre 10 mil y 50 mil habitantes,42674.0,38252.0,4422.0,0.33826999950163206,0.4832428564309029
090102,HUANCAVELICA,HUANCAVELICA,ACOBAMBILLA,SIERRA,DISTRITAL,Sierra con Población urbana de hasta 10 mil habitantes,2027.0,362.0,1665.0,0.437675332039757,0.62525047434251
090103,HUANCAVELICA,HUANCAVELICA,ACORIA,SIERRA,DISTRITAL,Sierra con Población urbana de hasta 10 mil habitantes,18013.0,4419.0,13594.0,0.35,0.5
090104,HUANCAVELICA,HUANCAVELICA,CONAYCA,SIERRA,DISTRITAL,Sierra con Población urbana de hasta 10 mil habitantes,879.0,652.0,227.0,0.584017589590353,0.834310842271933
090105,HUANCAVELICA,HUANCAVELICA,CUENCA,SIERRA,DISTRITAL,Sierra con Población urbana de hasta 10 mil habitantes,1130.0,289.0,841.0,0.437675332039757,0.6252504743425099
090106,HUANCAVELICA,HUANCAVELICA,HUACHOCOLPA,SIERRA,DISTRITAL,Sierra con Población urbana de hasta 10 mil habitantes,1893.0,1165.0,728.0,0.2,0.28571428571428575
090107,HUANCAVELICA,HUANCAVELICA,HUAYLLAHUARA,SIERRA,DISTRITAL,Sierra con Población urbana de hasta 10 mil habitantes,681.0,467.0,214.0,0.437675332039757,0.6252504743425099
090108,HUANCAVELICA,HUANCAVELICA,IZCUCHACA,SIERRA,DISTRITAL,Sierra con Población urbana de hasta 10 mil habitantes,916.0,566.0,350.0,0.437675332039757,0.62525047434251
090109,HUANCAVELICA,HUANCAVELICA,LARIA,SIERRA,DISTRITAL,Sierra con Población urbana de hasta 10 mil habitantes,747.0,350.0,397.0,0.437675332039757,0.6252504743425101
090110,HUANCAVELICA,HUANCAVELICA,MANTA,SIERRA,DISTRITAL,Sierra con Población urbana de hasta 10 mil habitantes,962.0,220.0,742.0,0.437675332039757,0.62525047434251
090111,HUANCAVELICA,HUANCAVELICA,MARISCAL CACERES,SIERRA,DISTRITAL,Sierra con Población urbana de hasta 10 mil habitantes,514.0,443.0,71.0,0.4203505822563048,0.6005008317947211
090112,HUANCAVELICA,HUANCAVELICA,MOYA,SIERRA,DISTRITAL,Sierra con Población urbana de hasta 10 mil habitantes,966.0,333.0,633.0,0.4203505822563048,0.600500831794721
090113,HUANCAVELICA,HUANCAVELICA,NUEVO OCCORO,SIERRA,DISTRITAL,Sierra con Población urbana de hasta 10 mil habitantes,1769.0,476.0,1293.0,0.437675332039757,0.62525047434251
090114,HUANCAVELICA,HUANCAVELICA,PALCA,SIERRA,DISTRITAL,Sierra con Población urbana de hasta 10 mil habitantes,2005.0,582.0,1423.0,0.437675332039757,0.6252504743425101
090115,HUANCAVELICA,HUANCAVELICA,PILCHACA,SIERRA,DISTRITAL,Sierra con Población urbana de hasta 10 mil habitantes,528.0,344.0,184.0,0.4203505822563048,0.600500831794721
090116,HUANCAVELICA,HUANCAVELICA,VILCA,SIERRA,DISTRITAL,Sierra con Población urbana de hasta 10 mil habitantes,1922.0,155.0,1767.0,0.437675332039757,0.6252504743425099
090117,HUANCAVELICA,HUANCAVELICA,YAULI,SIERRA,DISTRITAL,Sierra con Población urbana de hasta 10 mil habitantes,20557.0,5332.0,15225.0,0.47,0.6714285714285715
090118,HUANCAVELICA,HUANCAVELICA,ASCENSION,SIERRA,DISTRITAL,Sierra con Población urbana entre 10 mil y 50 mil habitantes,17963.0,17071.0,892.0,0.47,0.6714285714285715
090119,HUANCAVELICA,HUANCAVELICA,HUANDO,SIERRA,DISTRITAL,Sierra con Población urbana de hasta 10 mil habitantes,6619.0,1940.0,4679.0,0.48,0.6857142857142857
090201,HUANCAVELICA,ACOBAMBA,ACOBAMBA,SIERRA,PROVINCIAL,Sierra con Población urbana de hasta 10 mil habitantes,9652.0,6016.0,3636.0,0.39490714390694553,0.564153062724208
090202,HUANCAVELICA,ACOBAMBA,ANDABAMBA,SIERRA,DISTRITAL,Sierra con Población urbana de hasta 10 mil habitantes,3287.0,931.0,2356.0,0.412,0.5885714285714285
090203,HUANCAVELICA,ACOBAMBA,ANTA,SIERRA,DISTRITAL,Sierra con Población urbana de hasta 10 mil habitantes,4718.0,1614.0,3104.0,0.437675332039757,0.62525047434251
090204,HUANCAVELICA,ACOBAMBA,CAJA,SIERRA,DISTRITAL,Sierra con Población urbana de hasta 10 mil habitantes,1887.0,806.0,1081.0,0.437675332039757,0.6252504743425101
090205,HUANCAVELICA,ACOBAMBA,MARCAS,SIERRA,DISTRITAL,Sierra con Población urbana de hasta 10 mil habitantes,1577.0,654.0,923.0,0.4203505822563048,0.6005008317947211
090206,HUANCAVELICA,ACOBAMBA,PAUCARA,SIERRA,DISTRITAL,Sierra con Población urbana de hasta 10 mil habitantes,9911.0,3903.0,6008.0,0.405,0.5785714285714287
090207,HUANCAVELICA,ACOBAMBA,POMACOCHA,SIERRA,DISTRITAL,Sierra con Población urbana de hasta 10 mil habitantes,2973.0,1227.0,1746.0,0.437675332039757,0.62525047434251
090208,HUANCAVELICA,ACOBAMBA,ROSARIO,SIERRA,DISTRITAL,Sierra con Población urbana de hasta 10 mil habitantes,5103.0,2107.0,2996.0,0.38,0.5428571428571428
090301,HUANCAVELICA,ANGARAES,LIRCAY,SIERRA,PROVINCIAL,Sierra con Población urbana entre 10 mil y 50 mil habitantes,25801.0,12301.0,13500.0,0.48,0.6857142857142857
090302,HUANCAVELICA,ANGARAES,ANCHONGA,SIERRA,DISTRITAL,Sierra con Población urbana de hasta 10 mil habitantes,7781.0,1481.0,6300.0,0.5,0.7142857142857143
090303,HUANCAVELICA,ANGARAES,CALLANMARCA,SIERRA,DISTRITAL,Sierra con Población urbana de hasta 10 mil habitantes,634.0,508.0,126.0,0.4203505822563048,0.6005008317947211
090304,HUANCAVELICA,ANGARAES,CCOCHACCASA,SIERRA,DISTRITAL,Sierra con Población urbana de hasta 10 mil habitantes,3216.0,1235.0,1981.0,0.21,0.29999999999999993
090305,HUANCAVELICA,ANGARAES,CHINCHO,SIERRA,DISTRITAL,Sierra con Población urbana de hasta 10 mil habitantes,991.0,80.0,911.0,0.437675332039757,0.6252504743425099
090306,HUANCAVELICA,ANGARAES,CONGALLA,SIERRA,DISTRITAL,Sierra con Población urbana de hasta 10 mil habitantes,3831.0,1187.0,2644.0,0.437675332039757,0.6252504743425099
090307,HUANCAVELICA,ANGARAES,HUANCA-HUANCA,SIERRA,DISTRITAL,Sierra con Población urbana de hasta 10 mil habitantes,1423.0,966.0,457.0,0.437675332039757,0.62525047434251
090308,HUANCAVELICA,ANGARAES,HUAYLLAY GRANDE,SIERRA,DISTRITAL,Sierra con Población urbana de hasta 10 mil habitantes,1103.0,1007.0,96.0,0.437675332039757,0.62525047434251
090309,HUANCAVELICA,ANGARAES,JULCAMARCA,SIERRA,DISTRITAL,Sierra con Población urbana de hasta 10 mil habitantes,1907.0,1189.0,718.0,0.437675332039757,0.6252504743425099
090310,HUANCAVELICA,ANGARAES,SAN ANTONIO DE ANTAPARCO,SIERRA,DISTRITAL,Sierra con Población urbana de hasta 10 mil habitantes,2474.0,396.0,2078.0,0.437675332039757,0.6252504743425099
090311,HUANCAVELICA,ANGARAES,SANTO TOMAS DE PATA,SIERRA,DISTRITAL,Sierra con Población urbana de hasta 10 mil habitantes,1536.0,452.0,1084.0,0.437675332039757,0.62525047434251
090312,HUANCAVELICA,ANGARAES,SECCLLA,SIERRA,DISTRITAL,Sierra con Población urbana de hasta 10 mil habitantes,3318.0,591.0,2727.0,0.437675332039757,0.6252504743425101
090401,HUANCAVELICA,CASTROVIRREYNA,CASTROVIRREYNA,SIERRA,PROVINCIAL,Sierra con Población urbana de hasta 10 mil habitantes,3199.0,1819.0,1380.0,0.3907043399638336,0.5581490570911909
090402,HUANCAVELICA,CASTROVIRREYNA,ARMA,SIERRA,DISTRITAL,Sierra con Población urbana de hasta 10 mil habitantes,1008.0,319.0,689.0,0.437675332039757,0.6252504743425099
090403,HUANCAVELICA,CASTROVIRREYNA,AURAHUA,SIERRA,DISTRITAL,Sierra con Población urbana de hasta 10 mil habitantes,1543.0,710.0,833.0,0.437675332039757,0.62525047434251
090404,HUANCAVELICA,CASTROVIRREYNA,CAPILLAS,SIERRA,DISTRITAL,Sierra con Población urbana de hasta 10 mil habitantes,948.0,179.0,769.0,0.437675332039757,0.62525047434251
090405,HUANCAVELICA,CASTROVIRREYNA,CHUPAMARCA,SIERRA,DISTRITAL,Sierra con Población urbana de hasta 10 mil habitantes,950.0,251.0,699.0,0.437675332039757,0.62525047434251
090406,HUANCAVELICA,CASTROVIRREYNA,COCAS,SIERRA,DISTRITAL,Sierra con Población urbana de hasta 10 mil habitantes,754.0,151.0,603.0,0.437675332039757,0.62525047434251
090407,HUANCAVELICA,CASTROVIRREYNA,HUACHOS,SIERRA,DISTRITAL,Sierra con Población urbana de hasta 10 mil habitantes,933.0,220.0,713.0,0.437675332039757,0.62525047434251
090408,HUANCAVELICA,CASTROVIRREYNA,HUAMATAMBO,SIERRA,DISTRITAL,Sierra con Población urbana de hasta 10 mil habitantes,422.0,157.0,265.0,0.4203505822563048,0.6005008317947212
090409,HUANCAVELICA,CASTROVIRREYNA,MOLLEPAMPA,SIERRA,DISTRITAL,Sierra con Población urbana de hasta 10 mil habitantes,1229.0,147.0,1082.0,0.16,0.22857142857142854
090410,HUANCAVELICA,CASTROVIRREYNA,SAN JUAN,SIERRA,DISTRITAL,Sierra con Población urbana de hasta 10 mil habitantes,758.0,242.0,516.0,0.437675332039757,0.62525047434251
090411,HUANCAVELICA,CASTROVIRREYNA,SANTA ANA,SIERRA,DISTRITAL,Sierra con Población urbana de hasta 10 mil habitantes,886.0,197.0,689.0,0.4203505822563048,0.6005008317947211
090412,HUANCAVELICA,CASTROVIRREYNA,TANTARA,SIERRA,DISTRITAL,Sierra con Población urbana de hasta 10 mil habitantes,699.0,364.0,335.0,0.437675332039757,0.62525047434251
090413,HUANCAVELICA,CASTROVIRREYNA,TICRAPO,SIERRA,DISTRITAL,Sierra con Población urbana de hasta 10 mil habitantes,1588.0,992.0,596.0,0.437675332039757,0.6252504743425101
090501,HUANCAVELICA,CHURCAMPA,CHURCAMPA,SIERRA,PROVINCIAL,Sierra con Población urbana de hasta 10 mil habitantes,5534.0,3462.0,2072.0,0.5630463351293629,0.8043519073276614
090502,HUANCAVELICA,CHURCAMPA,ANCO,SIERRA,DISTRITAL,Sierra con Población urbana de hasta 10 mil habitantes,5896.0,1148.0,4748.0,0.437675332039757,0.6252504743425101
090503,HUANCAVELICA,CHURCAMPA,CHINCHIHUASI,SIERRA,DISTRITAL,Sierra con Población urbana de hasta 10 mil habitantes,1987.0,314.0,1673.0,0.437675332039757,0.6252504743425101
090504,HUANCAVELICA,CHURCAMPA,EL CARMEN,SIERRA,DISTRITAL,Sierra con Población urbana de hasta 10 mil habitantes,2576.0,180.0,2396.0,0.437675332039757,0.6252504743425101
090505,HUANCAVELICA,CHURCAMPA,LA MERCED,SIERRA,DISTRITAL,Sierra con Población urbana de hasta 10 mil habitantes,1178.0,600.0,578.0,0.437675332039757,0.6252504743425099
090506,HUANCAVELICA,CHURCAMPA,LOCROJA,SIERRA,DISTRITAL,Sierra con Población urbana de hasta 10 mil habitantes,3534.0,966.0,2568.0,0.437675332039757,0.62525047434251
090507,HUANCAVELICA,CHURCAMPA,PAUCARBAMBA,SIERRA,DISTRITAL,Sierra con Población urbana de hasta 10 mil habitantes,4544.0,789.0,3755.0,0.437675332039757,0.62525047434251
090508,HUANCAVELICA,CHURCAMPA,SAN MIGUEL DE MAYOCC,SIERRA,DISTRITAL,Sierra con Población urbana de hasta 10 mil habitantes,777.0,534.0,243.0,0.437675332039757,0.62525047434251
090509,HUANCAVELICA,CHURCAMPA,SAN PEDRO DE CORIS,SIERRA,DISTRITAL,Sierra con Población urbana de hasta 10 mil habitantes,3604.0,2023.0,1581.0,0.25,0.35714285714285715
090510,HUANCAVELICA,CHURCAMPA,PACHAMARCA,SIERRA,DISTRITAL,Sierra con Población urbana de hasta 10 mil habitantes,1930.0,204.0,1726.0,0.437675332039757,0.62525047434251
090511,HUANCAVELICA,CHURCAMPA,COSME,SIERRA,DISTRITAL,Sierra con Población urbana de hasta 10 mil habitantes,3065.0,953.0,2112.0,0.4203505822563048,0.600500831794721
090601,HUANCAVELICA,HUAYTARA,HUAYTARA,SIERRA,PROVINCIAL,Sierra con Población urbana de hasta 10 mil habitantes,2375.0,1237.0,1138.0,0.47,0.6714285714285715
090602,HUANCAVELICA,HUAYTARA,AYAVI,SIERRA,DISTRITAL,Sierra con Población urbana de hasta 10 mil habitantes,833.0,306.0,527.0,0.437675332039757,0.6252504743425101
090603,HUANCAVELICA,HUAYTARA,CORDOVA,SIERRA,DISTRITAL,Sierra con Población urbana de hasta 10 mil habitantes,991.0,276.0,715.0,0.4203505822563048,0.600500831794721
090604,HUANCAVELICA,HUAYTARA,HUAYACUNDO ARMA,SIERRA,DISTRITAL,Sierra con Población urbana de hasta 10 mil habitantes,488.0,291.0,197.0,0.437675332039757,0.6252504743425101
090605,HUANCAVELICA,HUAYTARA,LARAMARCA,SIERRA,DISTRITAL,Sierra con Población urbana de hasta 10 mil habitantes,892.0,685.0,207.0,0.38135697827518095,0.5447956832502585
090606,HUANCAVELICA,HUAYTARA,OCOYO,SIERRA,DISTRITAL,Sierra con Población urbana de hasta 10 mil habitantes,795.0,117.0,678.0,0.437675332039757,0.62525047434251
090607,HUANCAVELICA,HUAYTARA,PILPICHACA,SIERRA,DISTRITAL,Sierra con Población urbana de hasta 10 mil habitantes,2973.0,759.0,2214.0,0.437675332039757,0.62525047434251
090608,HUANCAVELICA,HUAYTARA,QUERCO,SIERRA,DISTRITAL,Sierra con Población urbana de hasta 10 mil habitantes,1183.0,751.0,432.0,0.437675332039757,0.62525047434251
090609,HUANCAVELICA,HUAYTARA,QUITO-ARMA,SIERRA,DISTRITAL,Sierra con Población urbana de hasta 10 mil habitantes,733.0,139.0,594.0,0.437675332039757,0.6252504743425101
090610,HUANCAVELICA,HUAYTARA,SAN ANTONIO DE CUSICANCHA,SIERRA,DISTRITAL,Sierra con Población urbana de hasta 10 mil habitantes,1455.0,149.0,1306.0,0.437675332039757,0.6252504743425099
090611,HUANCAVELICA,HUAYTARA,SAN FRANCISCO DE SANGAYAICO,SIERRA,DISTRITAL,Sierra con Población urbana de hasta 10 mil habitantes,1015.0,318.0,697.0,0.437675332039757,0.62525047434251
090612,HUANCAVELICA,HUAYTARA,SAN ISIDRO,SIERRA,DISTRITAL,Sierra con Población urbana de hasta 10 mil habitantes,1150.0,371.0,779.0,0.437675332039757,0.6252504743425099
090613,HUANCAVELICA,HUAYTARA,SANTIAGO DE CHOCORVOS,SIERRA,DISTRITAL,Sierra con Población urbana de hasta 10 mil habitantes,1706.0,480.0,1226.0,0.437675332039757,0.6252504743425101
090614,HUANCAVELICA,HUAYTARA,SANTIAGO DE QUIRAHUARA,SIERRA,DISTRITAL,Sierra con Población urbana de hasta 10 mil habitantes,377.0,217.0,160.0,0.437675332039757,0.6252504743425099
090615,HUANCAVELICA,HUAYTARA,SANTO DOMINGO DE CAPILLAS,SIERRA,DISTRITAL,Sierra con Población urbana de hasta 10 mil habitantes,778.0,170.0,608.0,0.437675332039757,0.6252504743425099
090616,HUANCAVELICA,HUAYTARA,TAMBO,SIERRA,DISTRITAL,Sierra con Población urbana de hasta 10 mil habitantes,785.0,330.0,455.0,0.437675332039757,0.6252504743425099
090701,HUANCAVELICA,TAYACAJA,PAMPAS,SIERRA,PROVINCIAL,Sierra con Población urbana de hasta 10 mil habitantes,11101.0,8790.0,2311.0,0.5367653278617248,0.7668076112310355
090702,HUANCAVELICA,TAYACAJA,ACOSTAMBO,SIERRA,DISTRITAL,Sierra con Población urbana de hasta 10 mil habitantes,3453.0,934.0,2519.0,0.437675332039757,0.6252504743425099
090703,HUANCAVELICA,TAYACAJA,ACRAQUIA,SIERRA,DISTRITAL,Sierra con Población urbana de hasta 10 mil habitantes,3664.0,912.0,2752.0,0.41,0.5857142857142857
090704,HUANCAVELICA,TAYACAJA,AHUAYCHA,SIERRA,DISTRITAL,Sierra con Población urbana de hasta 10 mil habitantes,4071.0,863.0,3208.0,0.437675332039757,0.6252504743425101
090705,HUANCAVELICA,TAYACAJA,COLCABAMBA,SIERRA,DISTRITAL,Sierra con Población urbana de hasta 10 mil habitantes,12112.0,2984.0,9128.0,0.34,0.4857142857142858
090706,HUANCAVELICA,TAYACAJA,DANIEL HERNANDEZ,SIERRA,DISTRITAL,Sierra con Población urbana de hasta 10 mil habitantes,9996.0,5723.0,4273.0,0.47,0.6714285714285715
090707,HUANCAVELICA,TAYACAJA,HUACHOCOLPA,SIERRA,DISTRITAL,Sierra con Población urbana de hasta 10 mil habitantes,3320.0,953.0,2367.0,0.437675332039757,0.6252504743425099
090709,HUANCAVELICA,TAYACAJA,HUARIBAMBA,SIERRA,DISTRITAL,Sierra con Población urbana de hasta 10 mil habitantes,3141.0,537.0,2604.0,0.437675332039757,0.6252504743425101
090710,HUANCAVELICA,TAYACAJA,ÑAHUIMPUQUIO,SIERRA,DISTRITAL,Sierra con Población urbana de hasta 10 mil habitantes,1527.0,1140.0,387.0,0.2618699428958576,0.3740999184226536
090711,HUANCAVELICA,TAYACAJA,PAZOS,SIERRA,DISTRITAL,Sierra con Población urbana de hasta 10 mil habitantes,5361.0,2941.0,2420.0,0.437675332039757,0.6252504743425101
090713,HUANCAVELICA,TAYACAJA,QUISHUAR,SIERRA,DISTRITAL,Sierra con Población urbana de hasta 10 mil habitantes,767.0,676.0,91.0,0.437675332039757,0.62525047434251
090714,HUANCAVELICA,TAYACAJA,SALCABAMBA,SIERRA,DISTRITAL,Sierra con Población urbana de hasta 10 mil habitantes,4090.0,250.0,3840.0,0.125,0.17857142857142858
090715,HUANCAVELICA,TAYACAJA,SALCAHUASI,SIERRA,DISTRITAL,Sierra con Población urbana de hasta 10 mil habitantes,2813.0,265.0,2548.0,0.24,0.34285714285714275
090716,HUANCAVELICA,TAYACAJA,SAN MARCOS DE ROCCHAC,SIERRA,DISTRITAL,Sierra con Población urbana de hasta 10 mil habitantes,1875.0,277.0,1598.0,0.437675332039757,0.62525047434251
090717,HUANCAVELICA,TAYACAJA,SURCUBAMBA,SIERRA,DISTRITAL,Sierra con Población urbana de hasta 10 mil habitantes,5104.0,604.0,4500.0,0.437675332039757,0.62525047434251
090718,HUANCAVELICA,TAYACAJA,TINTAY PUNCU,SIERRA,DISTRITAL,Sierra con Población urbana de hasta 10 mil habitantes,3057.0,480.0,2577.0,0.437675332039757,0.6252504743425101
090719,HUANCAVELICA,TAYACAJA,QUICHUAS,SIERRA,DISTRITAL,Sierra con Población urbana de hasta 10 mil habitantes,4301.0,719.0,3582.0,0.4,0.5714285714285715
090720,HUANCAVELICA,TAYACAJA,ANDAYMARCA,SIERRA,DISTRITAL,Sierra con Población urbana de hasta 10 mil habitantes,2650.0,486.0,2164.0,0.437675332039757,0.6252504743425099
090721,HUANCAVELICA,TAYACAJA,ROBLE,SIERRA,DISTRITAL,Sierra con Población urbana de hasta 10 mil habitantes,1294.0,523.0,771.0,0.437675332039757,0.6252504743425099
090722,HUANCAVELICA,TAYACAJA,PICHOS,SIERRA,DISTRITAL,Sierra con Población urbana de hasta 10 mil habitantes,1986.0,968.0,1018.0,0.44,0.6285714285714287
090723,HUANCAVELICA,TAYACAJA,SANTIAGO DE TUCUMA,SIERRA,DISTRITAL,Sierra con Población urbana de hasta 10 mil habitantes,1618.0,605.0,1013.0,0.437675332039757,0.6252504743425101
100101,HUANUCO,HUANUCO,HUANUCO,SIERRA,PROVINCIAL,Sierra con Población urbana de más de 50 mil habitantes,94200.0,88102.0,6098.0,0.45158279185437183,0.645118274077674
100102,HUANUCO,HUANUCO,AMARILIS,SIERRA,DISTRITAL,Sierra con Población urbana de más de 50 mil habitantes,87373.0,80909.0,6464.0,0.55,0.785714285714286
100103,HUANUCO,HUANUCO,CHINCHAO,SELVA,DISTRITAL,Selva con Población urbana de hasta 10 mil habitantes,13262.0,3022.0,10240.0,0.29,0.41428571428571437
100104,HUANUCO,HUANUCO,CHURUBAMBA,SIERRA,DISTRITAL,Sierra con Población urbana de hasta 10 mil habitantes,16080.0,2382.0,13698.0,0.437675332039757,0.6252504743425099
100105,HUANUCO,HUANUCO,MARGOS,SIERRA,DISTRITAL,Sierra con Población urbana de hasta 10 mil habitantes,4312.0,1875.0,2437.0,0.437675332039757,0.62525047434251
100106,HUANUCO,HUANUCO,QUISQUI,SIERRA,DISTRITAL,Sierra con Población urbana de hasta 10 mil habitantes,3454.0,472.0,2982.0,0.4203505822563048,0.6005008317947212
100107,HUANUCO,HUANUCO,SAN FRANCISCO DE CAYRAN,SIERRA,DISTRITAL,Sierra con Población urbana de hasta 10 mil habitantes,4881.0,533.0,4348.0,0.41,0.5857142857142857
100108,HUANUCO,HUANUCO,SAN PEDRO DE CHAULAN,SIERRA,DISTRITAL,Sierra con Población urbana de hasta 10 mil habitantes,3074.0,585.0,2489.0,0.437675332039757,0.6252504743425099
100109,HUANUCO,HUANUCO,SANTA MARIA DEL VALLE,SIERRA,DISTRITAL,Sierra con Población urbana de hasta 10 mil habitantes,21672.0,1887.0,19785.0,0.28,0.4000000000000001
100110,HUANUCO,HUANUCO,YARUMAYO,SIERRA,DISTRITAL,Sierra con Población urbana de hasta 10 mil habitantes,1588.0,292.0,1296.0,0.4203505822563048,0.6005008317947211
100111,HUANUCO,HUANUCO,PILLCO MARCA,SIERRA,DISTRITAL,Sierra con Población urbana entre 10 mil y 50 mil habitantes,48775.0,45147.0,3628.0,0.52,0.7428571428571429
100112,HUANUCO,HUANUCO,YACUS,SIERRA,DISTRITAL,Sierra con Población urbana de hasta 10 mil habitantes,5200.0,1801.0,3399.0,0.437675332039757,0.62525047434251
100113,HUANUCO,HUANUCO,SAN PABLO DE PILLAO,SIERRA,DISTRITAL,Sierra con Población urbana de hasta 10 mil habitantes,8330.0,1069.0,7261.0,0.33,0.4714285714285715
100201,HUANUCO,AMBO,AMBO,SIERRA,PROVINCIAL,Sierra con Población urbana entre 10 mil y 50 mil habitantes,22746.0,15715.0,7031.0,0.5121682648700505,0.731668949814358
100202,HUANUCO,AMBO,CAYNA,SIERRA,DISTRITAL,Sierra con Población urbana de hasta 10 mil habitantes,2486.0,1178.0,1308.0,0.66,0.9428571428571431
100203,HUANUCO,AMBO,COLPAS,SIERRA,DISTRITAL,Sierra con Población urbana de hasta 10 mil habitantes,1700.0,424.0,1276.0,0.437675332039757,0.62525047434251
100204,HUANUCO,AMBO,CONCHAMARCA,SIERRA,DISTRITAL,Sierra con Población urbana de hasta 10 mil habitantes,4533.0,858.0,3675.0,0.437675332039757,0.6252504743425101
100205,HUANUCO,AMBO,HUACAR,SIERRA,DISTRITAL,Sierra con Población urbana de hasta 10 mil habitantes,8090.0,2026.0,6064.0,0.4203505822563048,0.600500831794721
100206,HUANUCO,AMBO,SAN FRANCISCO,SIERRA,DISTRITAL,Sierra con Población urbana de hasta 10 mil habitantes,1467.0,676.0,791.0,0.206,0.29428571428571426
100207,HUANUCO,AMBO,SAN RAFAEL,SIERRA,DISTRITAL,Sierra con Población urbana de hasta 10 mil habitantes,9009.0,2866.0,6143.0,0.437675332039757,0.6252504743425099
100208,HUANUCO,AMBO,TOMAY KICHWA,SIERRA,DISTRITAL,Sierra con Población urbana de hasta 10 mil habitantes,3443.0,1908.0,1535.0,0.331,0.4728571428571429
100301,HUANUCO,DOS DE MAYO,LA UNION,SIERRA,PROVINCIAL,Sierra con Población urbana de hasta 10 mil habitantes,7056.0,5647.0,1409.0,0.4509558373978523,0.6442226248540746
100307,HUANUCO,DOS DE MAYO,CHUQUIS,SIERRA,DISTRITAL,Sierra con Población urbana de hasta 10 mil habitantes,3262.0,1236.0,2026.0,0.4203505822563048,0.600500831794721
100311,HUANUCO,DOS DE MAYO,MARIAS,SELVA,DISTRITAL,Selva con Población urbana de hasta 10 mil habitantes,5714.0,2016.0,3698.0,0.5413538747534213,0.7733626782191735
100313,HUANUCO,DOS DE MAYO,PACHAS,SIERRA,DISTRITAL,Sierra con Población urbana de hasta 10 mil habitantes,5179.0,1831.0,3348.0,0.437675332039757,0.62525047434251
100316,HUANUCO,DOS DE MAYO,QUIVILLA,SIERRA,DISTRITAL,Sierra con Población urbana de hasta 10 mil habitantes,1156.0,634.0,522.0,0.437675332039757,0.62525047434251
100317,HUANUCO,DOS DE MAYO,RIPAN,SIERRA,DISTRITAL,Sierra con Población urbana de hasta 10 mil habitantes,5422.0,3114.0,2308.0,0.437675332039757,0.62525047434251
100321,HUANUCO,DOS DE MAYO,SHUNQUI,SIERRA,DISTRITAL,Sierra con Población urbana de hasta 10 mil habitantes,1636.0,456.0,1180.0,0.437675332039757,0.6252504743425099
100322,HUANUCO,DOS DE MAYO,SILLAPATA,SIERRA,DISTRITAL,Sierra con Población urbana de hasta 10 mil habitantes,1744.0,449.0,1295.0,0.437675332039757,0.62525047434251
100323,HUANUCO,DOS DE MAYO,YANAS,SIERRA,DISTRITAL,Sierra con Población urbana de hasta 10 mil habitantes,2267.0,814.0,1453.0,0.437675332039757,0.62525047434251
100401,HUANUCO,HUACAYBAMBA,HUACAYBAMBA,SIERRA,PROVINCIAL,Sierra con Población urbana de hasta 10 mil habitantes,5888.0,2535.0,3353.0,0.4454466910220878,0.6363524157458397
100402,HUANUCO,HUACAYBAMBA,CANCHABAMBA,SIERRA,DISTRITAL,Sierra con Población urbana de hasta 10 mil habitantes,2754.0,519.0,2235.0,0.437675332039757,0.62525047434251
100403,HUANUCO,HUACAYBAMBA,COCHABAMBA,SIERRA,DISTRITAL,Sierra con Población urbana de hasta 10 mil habitantes,1533.0,447.0,1086.0,0.437675332039757,0.6252504743425099
100404,HUANUCO,HUACAYBAMBA,PINRA,SIERRA,DISTRITAL,Sierra con Población urbana de hasta 10 mil habitantes,6502.0,593.0,5909.0,0.437675332039757,0.6252504743425101
100501,HUANUCO,HUAMALIES,LLATA,SIERRA,PROVINCIAL,Sierra con Población urbana de hasta 10 mil habitantes,13842.0,8048.0,5794.0,0.46037223901906443,0.6576746271700921
100502,HUANUCO,HUAMALIES,ARANCAY,SIERRA,DISTRITAL,Sierra con Población urbana de hasta 10 mil habitantes,1351.0,350.0,1001.0,0.437675332039757,0.6252504743425101
100503,HUANUCO,HUAMALIES,CHAVIN DE PARIARCA,SIERRA,DISTRITAL,Sierra con Población urbana de hasta 10 mil habitantes,3908.0,1826.0,2082.0,0.4,0.5714285714285715
100504,HUANUCO,HUAMALIES,JACAS GRANDE,SIERRA,DISTRITAL,Sierra con Población urbana de hasta 10 mil habitantes,5958.0,1050.0,4908.0,0.4203505822563048,0.6005008317947211
100505,HUANUCO,HUAMALIES,JIRCAN,SELVA,DISTRITAL,Selva con Población urbana de hasta 10 mil habitantes,1338.0,290.0,1048.0,0.5413538747534213,0.7733626782191734
100506,HUANUCO,HUAMALIES,MIRAFLORES,SIERRA,DISTRITAL,Sierra con Población urbana de hasta 10 mil habitantes,3156.0,1997.0,1159.0,0.437675332039757,0.62525047434251
100507,HUANUCO,HUAMALIES,MONZON,SELVA,DISTRITAL,Selva con Población urbana de hasta 10 mil habitantes,12540.0,6336.0,6204.0,0.52,0.7428571428571429
100508,HUANUCO,HUAMALIES,PUNCHAO,SIERRA,DISTRITAL,Sierra con Población urbana de hasta 10 mil habitantes,2006.0,1582.0,424.0,0.37555170828494,0.5365024404070572
100509,HUANUCO,HUAMALIES,PUÑOS,SIERRA,DISTRITAL,Sierra con Población urbana de hasta 10 mil habitantes,4199.0,1172.0,3027.0,0.437675332039757,0.6252504743425099
100510,HUANUCO,HUAMALIES,SINGA,SIERRA,DISTRITAL,Sierra con Población urbana de hasta 10 mil habitantes,3115.0,1060.0,2055.0,0.437675332039757,0.62525047434251
100511,HUANUCO,HUAMALIES,TANTAMAYO,SIERRA,DISTRITAL,Sierra con Población urbana de hasta 10 mil habitantes,1755.0,205.0,1550.0,0.437675332039757,0.6252504743425101
100601,HUANUCO,LEONCIO PRADO,RUPA-RUPA,SELVA,PROVINCIAL,Selva con Población urbana de más de 50 mil habitantes,57034.0,54838.0,2196.0,0.5110471379027803,0.7300673398611148
100602,HUANUCO,LEONCIO PRADO,DANIEL ALOMIA ROBLES,SELVA,DISTRITAL,Selva con Población urbana de hasta 10 mil habitantes,6867.0,1068.0,5799.0,0.58,0.8285714285714286
100603,HUANUCO,LEONCIO PRADO,HERMILIO VALDIZAN,SELVA,DISTRITAL,Selva con Población urbana de hasta 10 mil habitantes,3704.0,293.0,3411.0,0.5413538747534213,0.7733626782191734
100604,HUANUCO,LEONCIO PRADO,JOSE CRESPO Y CASTILLO,SELVA,DISTRITAL,Selva con Población urbana entre 10 mil y 50 mil habitantes,23581.0,17580.0,6001.0,0.6018945592816883,0.859849370402412
100605,HUANUCO,LEONCIO PRADO,LUYANDO,SELVA,DISTRITAL,Selva con Población urbana de hasta 10 mil habitantes,9424.0,4912.0,4512.0,0.47,0.6714285714285715
100606,HUANUCO,LEONCIO PRADO,MARIANO DAMASO BERAUN,SELVA,DISTRITAL,Selva con Población urbana de hasta 10 mil habitantes,11042.0,4402.0,6640.0,0.58,0.8285714285714286
100607,HUANUCO,LEONCIO PRADO,PUCAYACU,SELVA,DISTRITAL,Selva con Población urbana de hasta 10 mil habitantes,3920.0,854.0,3066.0,0.52,0.7428571428571428
100608,HUANUCO,LEONCIO PRADO,CASTILLO GRANDE,SELVA,DISTRITAL,Selva con Población urbana entre 10 mil y 50 mil habitantes,13904.0,12615.0,1289.0,0.45,0.6428571428571429
100609,HUANUCO,LEONCIO PRADO,PUEBLO NUEVO,SELVA,DISTRITAL,Selva con Población urbana de hasta 10 mil habitantes,4433.0,688.0,3745.0,0.5413538747534213,0.7733626782191734
100610,HUANUCO,LEONCIO PRADO,SANTO DOMINGO DE ANDA,SELVA,DISTRITAL,Selva con Población urbana de hasta 10 mil habitantes,2700.0,305.0,2395.0,0.5413538747534213,0.7733626782191734
100701,HUANUCO,MARAÑON,HUACRACHUCO,SIERRA,PROVINCIAL,Sierra con Población urbana de hasta 10 mil habitantes,15142.0,5775.0,9367.0,0.3,0.42857142857142855
100702,HUANUCO,MARAÑON,CHOLON,SELVA,DISTRITAL,Selva con Población urbana de hasta 10 mil habitantes,5722.0,2274.0,3448.0,0.5413538747534213,0.7733626782191734
100703,HUANUCO,MARAÑON,SAN BUENAVENTURA,SIERRA,DISTRITAL,Sierra con Población urbana de hasta 10 mil habitantes,2139.0,409.0,1730.0,0.437675332039757,0.6252504743425101
100704,HUANUCO,MARAÑON,LA MORADA,SIERRA,DISTRITAL,Sierra con Población urbana de hasta 10 mil habitantes,3415.0,1372.0,2043.0,0.437675332039757,0.62525047434251
100705,HUANUCO,MARAÑON,SANTA ROSA DE ALTO YANAJANCA,SIERRA,DISTRITAL,Sierra con Población urbana de hasta 10 mil habitantes,2560.0,1156.0,1404.0,0.437675332039757,0.6252504743425099
100801,HUANUCO,PACHITEA,PANAO,SIERRA,PROVINCIAL,Sierra con Población urbana de hasta 10 mil habitantes,18291.0,4754.0,13537.0,0.37883048941798947,0.5411864134542707
100802,HUANUCO,PACHITEA,CHAGLLA,SELVA,DISTRITAL,Selva con Población urbana de hasta 10 mil habitantes,10518.0,4237.0,6281.0,0.28,0.4000000000000001
100803,HUANUCO,PACHITEA,MOLINO,SIERRA,DISTRITAL,Sierra con Población urbana de hasta 10 mil habitantes,11030.0,4237.0,6793.0,0.4203505822563048,0.6005008317947211
100804,HUANUCO,PACHITEA,UMARI,SIERRA,DISTRITAL,Sierra con Población urbana de hasta 10 mil habitantes,11204.0,557.0,10647.0,0.63,0.9000000000000001
100901,HUANUCO,PUERTO INCA,PUERTO INCA,SELVA,PROVINCIAL,Selva con Población urbana de hasta 10 mil habitantes,10505.0,5228.0,5277.0,0.38686731485046844,0.5526675926435264
100902,HUANUCO,PUERTO INCA,CODO DEL POZUZO,SELVA,DISTRITAL,Selva con Población urbana de hasta 10 mil habitantes,8065.0,2439.0,5626.0,0.55,0.7857142857142858
100903,HUANUCO,PUERTO INCA,HONORIA,SELVA,DISTRITAL,Selva con Población urbana de hasta 10 mil habitantes,4856.0,1399.0,3457.0,0.5413538747534213,0.7733626782191734
100904,HUANUCO,PUERTO INCA,TOURNAVISTA,SELVA,DISTRITAL,Selva con Población urbana de hasta 10 mil habitantes,6420.0,1509.0,4911.0,0.74,1.0571428571428572
100905,HUANUCO,PUERTO INCA,YUYAPICHIS,SELVA,DISTRITAL,Selva con Población urbana de hasta 10 mil habitantes,6704.0,1363.0,5341.0,0.5413538747534213,0.7733626782191734
101001,HUANUCO,LAURICOCHA,JESUS,SIERRA,PROVINCIAL,Sierra con Población urbana de hasta 10 mil habitantes,4084.0,2186.0,1898.0,0.32,0.45714285714285713
101002,HUANUCO,LAURICOCHA,BAÑOS,SIERRA,DISTRITAL,Sierra con Población urbana de hasta 10 mil habitantes,1776.0,815.0,961.0,0.437675332039757,0.62525047434251
101003,HUANUCO,LAURICOCHA,JIVIA,SIERRA,DISTRITAL,Sierra con Población urbana de hasta 10 mil habitantes,1120.0,367.0,753.0,0.437675332039757,0.6252504743425101
101004,HUANUCO,LAURICOCHA,QUEROPALCA,SIERRA,DISTRITAL,Sierra con Población urbana de hasta 10 mil habitantes,972.0,711.0,261.0,0.31787435530949976,0.4541062218707141
101005,HUANUCO,LAURICOCHA,RONDOS,SIERRA,DISTRITAL,Sierra con Población urbana de hasta 10 mil habitantes,3589.0,1127.0,2462.0,0.437675332039757,0.62525047434251
101006,HUANUCO,LAURICOCHA,SAN FRANCISCO DE ASIS,SIERRA,DISTRITAL,Sierra con Población urbana de hasta 10 mil habitantes,1227.0,688.0,539.0,0.437675332039757,0.6252504743425099
101007,HUANUCO,LAURICOCHA,SAN MIGUEL DE CAURI,SIERRA,DISTRITAL,Sierra con Población urbana de hasta 10 mil habitantes,5385.0,1528.0,3857.0,0.437675332039757,0.6252504743425099
101101,HUANUCO,YAROWILCA,CHAVINILLO,SIERRA,PROVINCIAL,Sierra con Población urbana de hasta 10 mil habitantes,4736.0,1939.0,2797.0,0.51,0.7285714285714284
101102,HUANUCO,YAROWILCA,CAHUAC,SIERRA,DISTRITAL,Sierra con Población urbana de hasta 10 mil habitantes,1032.0,582.0,450.0,0.437675332039757,0.6252504743425101
101103,HUANUCO,YAROWILCA,CHACABAMBA,SIERRA,DISTRITAL,Sierra con Población urbana de hasta 10 mil habitantes,991.0,206.0,785.0,0.437675332039757,0.62525047434251
101104,HUANUCO,YAROWILCA,APARICIO POMARES,SIERRA,DISTRITAL,Sierra con Población urbana de hasta 10 mil habitantes,4857.0,1323.0,3534.0,0.437675332039757,0.6252504743425101
101105,HUANUCO,YAROWILCA,JACAS CHICO,SIERRA,DISTRITAL,Sierra con Población urbana de hasta 10 mil habitantes,1062.0,366.0,696.0,0.362,0.5171428571428572
101106,HUANUCO,YAROWILCA,OBAS,SIERRA,DISTRITAL,Sierra con Población urbana de hasta 10 mil habitantes,3846.0,1190.0,2656.0,0.437675332039757,0.6252504743425101
101107,HUANUCO,YAROWILCA,PAMPAMARCA,SIERRA,DISTRITAL,Sierra con Población urbana de hasta 10 mil habitantes,1067.0,317.0,750.0,0.437675332039757,0.62525047434251
101108,HUANUCO,YAROWILCA,CHORAS,SIERRA,DISTRITAL,Sierra con Población urbana de hasta 10 mil habitantes,1971.0,489.0,1482.0,0.437675332039757,0.62525047434251
110101,ICA,ICA,ICA,COSTA,PROVINCIAL,Costa con Población urbana de más de 50 mil habitantes,164698.0,163951.0,747.0,0.5856243123146693,0.8366061604495275
110102,ICA,ICA,LA TINGUIÑA,COSTA,DISTRITAL,Costa con Población urbana entre 10 mil y 50 mil habitantes,44689.0,41903.0,2786.0,0.53,0.7571428571428571
110103,ICA,ICA,LOS AQUIJES,COSTA,DISTRITAL,Costa con Población urbana entre 10 mil y 50 mil habitantes,24761.0,22514.0,2247.0,0.44,0.6285714285714286
110104,ICA,ICA,OCUCAJE,COSTA,DISTRITAL,Costa con Población urbana de hasta 10 mil habitantes,4998.0,3236.0,1762.0,1,1.4285714285714286
110105,ICA,ICA,PACHACUTEC,COSTA,DISTRITAL,Costa con Población urbana de hasta 10 mil habitantes,8070.0,7741.0,329.0,0.6330350121700052,0.9043357316714362
110106,ICA,ICA,PARCONA,COSTA,DISTRITAL,Costa con Población urbana de más de 50 mil habitantes,59294.0,58283.0,1011.0,0.59,0.8428571428571427
110107,ICA,ICA,PUEBLO NUEVO,COSTA,DISTRITAL,Costa con Población urbana de hasta 10 mil habitantes,7220.0,4815.0,2405.0,0.49965038738600104,0.7137862676942872
110108,ICA,ICA,SALAS,COSTA,DISTRITAL,Costa con Población urbana entre 10 mil y 50 mil habitantes,29202.0,28555.0,647.0,0.58,0.8285714285714286
110109,ICA,ICA,SAN JOSE DE LOS MOLINOS,SIERRA,DISTRITAL,Sierra con Población urbana de hasta 10 mil habitantes,7811.0,6296.0,1515.0,0.4887141156462586,0.698163022351798
110110,ICA,ICA,SAN JUAN BAUTISTA,COSTA,DISTRITAL,Costa con Población urbana entre 10 mil y 50 mil habitantes,15246.0,13391.0,1855.0,0.62,0.8857142857142859
110111,ICA,ICA,SANTIAGO,COSTA,DISTRITAL,Costa con Población urbana entre 10 mil y 50 mil habitantes,30262.0,22500.0,7762.0,0.4960079188275973,0.7085827411822819
110112,ICA,ICA,SUBTANJALLA,COSTA,DISTRITAL,Costa con Población urbana entre 10 mil y 50 mil habitantes,31277.0,30951.0,326.0,0.41,0.5857142857142857
110113,ICA,ICA,TATE,COSTA,DISTRITAL,Costa con Población urbana de hasta 10 mil habitantes,5085.0,4836.0,249.0,0.584017589590353,0.834310842271933
110114,ICA,ICA,YAUCA DEL ROSARIO,SIERRA,DISTRITAL,Sierra con Población urbana de hasta 10 mil habitantes,1247.0,102.0,1145.0,0.437675332039757,0.62525047434251
110201,ICA,CHINCHA,CHINCHA ALTA,COSTA,PROVINCIAL,Costa con Población urbana de más de 50 mil habitantes,75486.0,75486.0,0.0,0.5799631220643018,0.8285187458061457
110202,ICA,CHINCHA,ALTO LARAN,COSTA,DISTRITAL,Costa con Población urbana de hasta 10 mil habitantes,8639.0,6254.0,2385.0,0.5055651927437641,0.7222359896339487
110203,ICA,CHINCHA,CHAVIN,SIERRA,DISTRITAL,Sierra con Población urbana de hasta 10 mil habitantes,2455.0,161.0,2294.0,0.437675332039757,0.62525047434251
110204,ICA,CHINCHA,CHINCHA BAJA,COSTA,DISTRITAL,Costa con Población urbana entre 10 mil y 50 mil habitantes,14401.0,10005.0,4396.0,0.46,0.6571428571428574
110205,ICA,CHINCHA,EL CARMEN,COSTA,DISTRITAL,Costa con Población urbana de hasta 10 mil habitantes,13745.0,9232.0,4513.0,0.45,0.642857142857143
110206,ICA,CHINCHA,GROCIO PRADO,COSTA,DISTRITAL,Costa con Población urbana entre 10 mil y 50 mil habitantes,28264.0,26820.0,1444.0,0.27,0.3857142857142858
110207,ICA,CHINCHA,PUEBLO NUEVO,COSTA,DISTRITAL,Costa con Población urbana de más de 50 mil habitantes,71511.0,71511.0,0.0,0.44,0.6285714285714287
110208,ICA,CHINCHA,SAN JUAN DE YANAC,SIERRA,DISTRITAL,Sierra con Población urbana de hasta 10 mil habitantes,1511.0,443.0,1068.0,0.437675332039757,0.6252504743425101
110209,ICA,CHINCHA,SAN PEDRO DE HUACARPANA,SIERRA,DISTRITAL,Sierra con Población urbana de hasta 10 mil habitantes,1069.0,302.0,767.0,0.437675332039757,0.62525047434251
110210,ICA,CHINCHA,SUNAMPE,COSTA,DISTRITAL,Costa con Población urbana entre 10 mil y 50 mil habitantes,32204.0,31547.0,657.0,0.75,1.0714285714285716
110211,ICA,CHINCHA,TAMBO DE MORA,COSTA,DISTRITAL,Costa con Población urbana de hasta 10 mil habitantes,6402.0,6024.0,378.0,0.509343387961245,0.7276334113732073
110301,ICA,NAZCA,NASCA,COSTA,PROVINCIAL,Costa con Población urbana entre 10 mil y 50 mil habitantes,29473.0,26777.0,2696.0,0.6,0.8571428571428571
110302,ICA,NAZCA,CHANGUILLO,COSTA,DISTRITAL,Costa con Población urbana de hasta 10 mil habitantes,2155.0,1137.0,1018.0,0.49965038738600104,0.7137862676942873
110303,ICA,NAZCA,EL INGENIO,COSTA,DISTRITAL,Costa con Población urbana de hasta 10 mil habitantes,3527.0,2181.0,1346.0,0.49965038738600104,0.7137862676942873
110304,ICA,NAZCA,MARCONA,COSTA,DISTRITAL,Costa con Población urbana entre 10 mil y 50 mil habitantes,17563.0,17503.0,60.0,0.65,0.9285714285714288
110305,ICA,NAZCA,VISTA ALEGRE,COSTA,DISTRITAL,Costa con Población urbana entre 10 mil y 50 mil habitantes,23763.0,22120.0,1643.0,0.49,0.7
110401,ICA,PALPA,PALPA,SIERRA,PROVINCIAL,Sierra con Población urbana de hasta 10 mil habitantes,8589.0,7599.0,990.0,0.5174149376417232,0.7391641966310333
110402,ICA,PALPA,LLIPATA,SIERRA,DISTRITAL,Sierra con Población urbana de hasta 10 mil habitantes,1732.0,1259.0,473.0,0.437675332039757,0.6252504743425099
110403,ICA,PALPA,RIO GRANDE,SIERRA,DISTRITAL,Sierra con Población urbana de hasta 10 mil habitantes,2926.0,1519.0,1407.0,0.437675332039757,0.62525047434251
110404,ICA,PALPA,SANTA CRUZ,SIERRA,DISTRITAL,Sierra con Población urbana de hasta 10 mil habitantes,1039.0,445.0,594.0,0.437675332039757,0.62525047434251
110405,ICA,PALPA,TIBILLO,SIERRA,DISTRITAL,Sierra con Población urbana de hasta 10 mil habitantes,366.0,247.0,119.0,0.437675332039757,0.6252504743425101
110501,ICA,PISCO,PISCO,COSTA,PROVINCIAL,Costa con Población urbana de más de 50 mil habitantes,76406.0,76307.0,99.0,0.4067106842737094,0.5810152632481562
110502,ICA,PISCO,HUANCANO,SIERRA,DISTRITAL,Sierra con Población urbana de hasta 10 mil habitantes,1474.0,460.0,1014.0,0.437675332039757,0.6252504743425101
110503,ICA,PISCO,HUMAY,COSTA,DISTRITAL,Costa con Población urbana de hasta 10 mil habitantes,5811.0,3529.0,2282.0,0.8,1.142857142857143
110504,ICA,PISCO,INDEPENDENCIA,COSTA,DISTRITAL,Costa con Población urbana de hasta 10 mil habitantes,14357.0,7342.0,7015.0,0.6,0.8571428571428572
110505,ICA,PISCO,PARACAS,COSTA,DISTRITAL,Costa con Población urbana de hasta 10 mil habitantes,8472.0,8269.0,203.0,0.4825382612150287,0.6893403731643266
110506,ICA,PISCO,SAN ANDRES,COSTA,DISTRITAL,Costa con Población urbana entre 10 mil y 50 mil habitantes,15742.0,13713.0,2029.0,0.74,1.0571428571428572
110507,ICA,PISCO,SAN CLEMENTE,COSTA,DISTRITAL,Costa con Población urbana entre 10 mil y 50 mil habitantes,27985.0,27223.0,762.0,0.37,0.5285714285714286
110508,ICA,PISCO,TUPAC AMARU INCA,COSTA,DISTRITAL,Costa con Población urbana entre 10 mil y 50 mil habitantes,19173.0,19039.0,134.0,0.37,0.5285714285714286
120101,JUNIN,HUANCAYO,HUANCAYO,SIERRA,PROVINCIAL,Sierra con Población urbana de más de 50 mil habitantes,123748.0,122089.0,1659.0,0.51,0.7285714285714286
120104,JUNIN,HUANCAYO,CARHUACALLANGA,SIERRA,DISTRITAL,Sierra con Población urbana de hasta 10 mil habitantes,492.0,492.0,0.0,0.437675332039757,0.62525047434251
120105,JUNIN,HUANCAYO,CHACAPAMPA,SIERRA,DISTRITAL,Sierra con Población urbana de hasta 10 mil habitantes,964.0,483.0,481.0,0.437675332039757,0.62525047434251
120106,JUNIN,HUANCAYO,CHICCHE,SIERRA,DISTRITAL,Sierra con Población urbana de hasta 10 mil habitantes,725.0,413.0,312.0,0.437675332039757,0.62525047434251
120107,JUNIN,HUANCAYO,CHILCA,SIERRA,DISTRITAL,Sierra con Población urbana de más de 50 mil habitantes,98573.0,98509.0,64.0,0.47,0.6714285714285714
120108,JUNIN,HUANCAYO,CHONGOS ALTO,SIERRA,DISTRITAL,Sierra con Población urbana de hasta 10 mil habitantes,1540.0,875.0,665.0,0.437675332039757,0.6252504743425101
120111,JUNIN,HUANCAYO,CHUPURO,SIERRA,DISTRITAL,Sierra con Población urbana de hasta 10 mil habitantes,2096.0,810.0,1286.0,0.437675332039757,0.6252504743425099
120112,JUNIN,HUANCAYO,COLCA,SIERRA,DISTRITAL,Sierra con Población urbana de hasta 10 mil habitantes,1047.0,636.0,411.0,0.437675332039757,0.62525047434251
120113,JUNIN,HUANCAYO,CULLHUAS,SIERRA,DISTRITAL,Sierra con Población urbana de hasta 10 mil habitantes,1351.0,680.0,671.0,0.437675332039757,0.6252504743425099
120114,JUNIN,HUANCAYO,EL TAMBO,SIERRA,DISTRITAL,Sierra con Población urbana de más de 50 mil habitantes,173882.0,165618.0,8264.0,0.79,1.1285714285714288
120116,JUNIN,HUANCAYO,HUACRAPUQUIO,SIERRA,DISTRITAL,Sierra con Población urbana de hasta 10 mil habitantes,1420.0,1344.0,76.0,0.130923862942613,0.18703408991801854
120117,JUNIN,HUANCAYO,HUALHUAS,SIERRA,DISTRITAL,Sierra con Población urbana de hasta 10 mil habitantes,5825.0,5825.0,0.0,0.21,0.3
120119,JUNIN,HUANCAYO,HUANCAN,SIERRA,DISTRITAL,Sierra con Población urbana entre 10 mil y 50 mil habitantes,28507.0,27018.0,1489.0,0.46,0.6571428571428574
120120,JUNIN,HUANCAYO,HUASICANCHA,SIERRA,DISTRITAL,Sierra con Población urbana de hasta 10 mil habitantes,855.0,634.0,221.0,0.437675332039757,0.62525047434251
120121,JUNIN,HUANCAYO,HUAYUCACHI,SIERRA,DISTRITAL,Sierra con Población urbana entre 10 mil y 50 mil habitantes,10705.0,10623.0,82.0,0.33,0.4714285714285715
120122,JUNIN,HUANCAYO,INGENIO,SIERRA,DISTRITAL,Sierra con Población urbana de hasta 10 mil habitantes,2472.0,2186.0,286.0,0.2895065889812717,0.4135808414018168
120124,JUNIN,HUANCAYO,PARIAHUANCA,SIERRA,DISTRITAL,Sierra con Población urbana de hasta 10 mil habitantes,5348.0,139.0,5209.0,0.8,1.142857142857143
120125,JUNIN,HUANCAYO,PILCOMAYO,SIERRA,DISTRITAL,Sierra con Población urbana entre 10 mil y 50 mil habitantes,23024.0,23024.0,0.0,0.29,0.41428571428571426
120126,JUNIN,HUANCAYO,PUCARA,SIERRA,DISTRITAL,Sierra con Población urbana de hasta 10 mil habitantes,4937.0,2758.0,2179.0,0.2,0.28571428571428575
120127,JUNIN,HUANCAYO,QUICHUAY,SIERRA,DISTRITAL,Sierra con Población urbana de hasta 10 mil habitantes,1937.0,1138.0,799.0,0.437675332039757,0.62525047434251
120128,JUNIN,HUANCAYO,QUILCAS,SIERRA,DISTRITAL,Sierra con Población urbana de hasta 10 mil habitantes,4060.0,3020.0,1040.0,0.2,0.2857142857142857
120129,JUNIN,HUANCAYO,SAN AGUSTIN,SIERRA,DISTRITAL,Sierra con Población urbana entre 10 mil y 50 mil habitantes,17885.0,16672.0,1213.0,0.36,0.5142857142857143
120130,JUNIN,HUANCAYO,SAN JERONIMO DE TUNAN,SIERRA,DISTRITAL,Sierra con Población urbana entre 10 mil y 50 mil habitantes,12772.0,12772.0,0.0,0.4,0.5714285714285715
120132,JUNIN,HUANCAYO,SAÑO,SIERRA,DISTRITAL,Sierra con Población urbana de hasta 10 mil habitantes,6171.0,6144.0,27.0,0.22,0.31428571428571433
120133,JUNIN,HUANCAYO,SAPALLANGA,SIERRA,DISTRITAL,Sierra con Población urbana entre 10 mil y 50 mil habitantes,24193.0,21822.0,2371.0,0.42,0.6
120134,JUNIN,HUANCAYO,SICAYA,SIERRA,DISTRITAL,Sierra con Población urbana entre 10 mil y 50 mil habitantes,20503.0,19945.0,558.0,0.2,0.2857142857142857
120135,JUNIN,HUANCAYO,SANTO DOMINGO DE ACOBAMBA,SIERRA,DISTRITAL,Sierra con Población urbana de hasta 10 mil habitantes,6547.0,359.0,6188.0,0.437675332039757,0.62525047434251
120136,JUNIN,HUANCAYO,VIQUES,SIERRA,DISTRITAL,Sierra con Población urbana de hasta 10 mil habitantes,2885.0,2824.0,61.0,0.25628127242458165,0.36611610346368817
120201,JUNIN,CONCEPCION,CONCEPCION,SIERRA,PROVINCIAL,Sierra con Población urbana entre 10 mil y 50 mil habitantes,16631.0,15026.0,1605.0,0.3581110700602077,0.5115872429431538
120202,JUNIN,CONCEPCION,ACO,SIERRA,DISTRITAL,Sierra con Población urbana de hasta 10 mil habitantes,1669.0,1471.0,198.0,0.34,0.4857142857142858
120203,JUNIN,CONCEPCION,ANDAMARCA,SIERRA,DISTRITAL,Sierra con Población urbana de hasta 10 mil habitantes,3514.0,394.0,3120.0,0.437675332039757,0.62525047434251
120204,JUNIN,CONCEPCION,CHAMBARA,SIERRA,DISTRITAL,Sierra con Población urbana de hasta 10 mil habitantes,2706.0,817.0,1889.0,0.437675332039757,0.6252504743425099
120205,JUNIN,CONCEPCION,COCHAS,SIERRA,DISTRITAL,Sierra con Población urbana de hasta 10 mil habitantes,1995.0,371.0,1624.0,0.437675332039757,0.6252504743425099
120206,JUNIN,CONCEPCION,COMAS,SIERRA,DISTRITAL,Sierra con Población urbana de hasta 10 mil habitantes,5547.0,930.0,4617.0,0.437675332039757,0.6252504743425099
120207,JUNIN,CONCEPCION,HEROINAS TOLEDO,SIERRA,DISTRITAL,Sierra con Población urbana de hasta 10 mil habitantes,983.0,125.0,858.0,0.437675332039757,0.62525047434251
120208,JUNIN,CONCEPCION,MANZANARES,SIERRA,DISTRITAL,Sierra con Población urbana de hasta 10 mil habitantes,1537.0,1429.0,108.0,0.27,0.3857142857142858
120209,JUNIN,CONCEPCION,MARISCAL CASTILLA,SIERRA,DISTRITAL,Sierra con Población urbana de hasta 10 mil habitantes,1472.0,359.0,1113.0,0.437675332039757,0.62525047434251
120210,JUNIN,CONCEPCION,MATAHUASI,SIERRA,DISTRITAL,Sierra con Población urbana de hasta 10 mil habitantes,6236.0,4599.0,1637.0,0.57,0.8142857142857143
120211,JUNIN,CONCEPCION,MITO,SIERRA,DISTRITAL,Sierra con Población urbana de hasta 10 mil habitantes,1462.0,964.0,498.0,0.29,0.4142857142857143
120212,JUNIN,CONCEPCION,NUEVE DE JULIO,SIERRA,DISTRITAL,Sierra con Población urbana de hasta 10 mil habitantes,2488.0,2167.0,321.0,0.4,0.5714285714285715
120213,JUNIN,CONCEPCION,ORCOTUNA,SIERRA,DISTRITAL,Sierra con Población urbana de hasta 10 mil habitantes,5142.0,4450.0,692.0,0.32,0.45714285714285713
120214,JUNIN,CONCEPCION,SAN JOSE DE QUERO,SIERRA,DISTRITAL,Sierra con Población urbana de hasta 10 mil habitantes,5774.0,2448.0,3326.0,0.437675332039757,0.6252504743425101
120215,JUNIN,CONCEPCION,SANTA ROSA DE OCOPA,SIERRA,DISTRITAL,Sierra con Población urbana de hasta 10 mil habitantes,2100.0,1906.0,194.0,0.26967648,0.3852521142857144
120301,JUNIN,CHANCHAMAYO,CHANCHAMAYO,SELVA,PROVINCIAL,Selva con Población urbana entre 10 mil y 50 mil habitantes,28984.0,25652.0,3332.0,0.5518046096005277,0.7882922994293253
120302,JUNIN,CHANCHAMAYO,PERENE,SELVA,DISTRITAL,Selva con Población urbana entre 10 mil y 50 mil habitantes,59984.0,36494.0,23490.0,0.79,1.1285714285714288
120303,JUNIN,CHANCHAMAYO,PICHANAQUI,SELVA,DISTRITAL,Selva con Población urbana entre 10 mil y 50 mil habitantes,43511.0,24729.0,18782.0,0.47,0.6714285714285715
120304,JUNIN,CHANCHAMAYO,SAN LUIS DE SHUARO,SELVA,DISTRITAL,Selva con Población urbana de hasta 10 mil habitantes,4151.0,1807.0,2344.0,0.5413538747534213,0.7733626782191734
120305,JUNIN,CHANCHAMAYO,SAN RAMON,SELVA,DISTRITAL,Selva con Población urbana entre 10 mil y 50 mil habitantes,29194.0,23660.0,5534.0,0.54,0.7714285714285716
120306,JUNIN,CHANCHAMAYO,VITOC,SELVA,DISTRITAL,Selva con Población urbana de hasta 10 mil habitantes,1774.0,470.0,1304.0,0.26,0.37142857142857144
120401,JUNIN,JAUJA,JAUJA,SIERRA,PROVINCIAL,Sierra con Población urbana entre 10 mil y 50 mil habitantes,19710.0,19576.0,134.0,0.54,0.7714285714285714
120402,JUNIN,JAUJA,ACOLLA,SIERRA,DISTRITAL,Sierra con Población urbana de hasta 10 mil habitantes,6267.0,4493.0,1774.0,0.5,0.7142857142857144
120403,JUNIN,JAUJA,APATA,SIERRA,DISTRITAL,Sierra con Población urbana de hasta 10 mil habitantes,4625.0,1750.0,2875.0,0.283,0.40428571428571436
120404,JUNIN,JAUJA,ATAURA,SIERRA,DISTRITAL,Sierra con Población urbana de hasta 10 mil habitantes,1376.0,1074.0,302.0,0.584017589590353,0.834310842271933
120405,JUNIN,JAUJA,CANCHAYLLO,SIERRA,DISTRITAL,Sierra con Población urbana de hasta 10 mil habitantes,1703.0,1423.0,280.0,0.437675332039757,0.62525047434251
120406,JUNIN,JAUJA,CURICACA,SIERRA,DISTRITAL,Sierra con Población urbana de hasta 10 mil habitantes,1479.0,440.0,1039.0,0.437675332039757,0.62525047434251
120407,JUNIN,JAUJA,EL MANTARO,SIERRA,DISTRITAL,Sierra con Población urbana de hasta 10 mil habitantes,2739.0,2581.0,158.0,0.27,0.3857142857142857
120408,JUNIN,JAUJA,HUAMALI,SIERRA,DISTRITAL,Sierra con Población urbana de hasta 10 mil habitantes,1685.0,1303.0,382.0,0.2909206346441018,0.4156009066344312
120409,JUNIN,JAUJA,HUARIPAMPA,SIERRA,DISTRITAL,Sierra con Población urbana de hasta 10 mil habitantes,1089.0,1059.0,30.0,0.4203505822563048,0.6005008317947212
120410,JUNIN,JAUJA,HUERTAS,SIERRA,DISTRITAL,Sierra con Población urbana de hasta 10 mil habitantes,2205.0,1594.0,611.0,0.4639281579298385,0.6627545113283408
120411,JUNIN,JAUJA,JANJAILLO,SIERRA,DISTRITAL,Sierra con Población urbana de hasta 10 mil habitantes,572.0,189.0,383.0,0.38,0.5428571428571429
120412,JUNIN,JAUJA,JULCAN,SIERRA,DISTRITAL,Sierra con Población urbana de hasta 10 mil habitantes,768.0,768.0,0.0,0.5875672486772487,0.839381783824641
120413,JUNIN,JAUJA,LEONOR ORDOÑEZ,SIERRA,DISTRITAL,Sierra con Población urbana de hasta 10 mil habitantes,1623.0,1366.0,257.0,0.2524617959549411,0.3606597085070587
120414,JUNIN,JAUJA,LLOCLLAPAMPA,SIERRA,DISTRITAL,Sierra con Población urbana de hasta 10 mil habitantes,1194.0,829.0,365.0,0.5433774281934995,0.7762534688478566
120415,JUNIN,JAUJA,MARCO,SIERRA,DISTRITAL,Sierra con Población urbana de hasta 10 mil habitantes,1491.0,1110.0,381.0,0.4810724914965986,0.6872464164237125
120416,JUNIN,JAUJA,MASMA,SIERRA,DISTRITAL,Sierra con Población urbana de hasta 10 mil habitantes,1810.0,683.0,1127.0,0.34,0.4857142857142858
120417,JUNIN,JAUJA,MASMA CHICCHE,SIERRA,DISTRITAL,Sierra con Población urbana de hasta 10 mil habitantes,756.0,240.0,516.0,0.437675332039757,0.6252504743425101
120418,JUNIN,JAUJA,MOLINOS,SIERRA,DISTRITAL,Sierra con Población urbana de hasta 10 mil habitantes,1633.0,1234.0,399.0,0.37770873015873013,0.5395839002267574
120419,JUNIN,JAUJA,MONOBAMBA,SELVA,DISTRITAL,Selva con Población urbana de hasta 10 mil habitantes,1869.0,450.0,1419.0,0.5413538747534213,0.7733626782191735
120420,JUNIN,JAUJA,MUQUI,SIERRA,DISTRITAL,Sierra con Población urbana de hasta 10 mil habitantes,1059.0,1055.0,4.0,0.44049091857730743,0.6292727408247248
120421,JUNIN,JAUJA,MUQUIYAUYO,SIERRA,DISTRITAL,Sierra con Población urbana de hasta 10 mil habitantes,2387.0,2360.0,27.0,0.38,0.5428571428571428
120422,JUNIN,JAUJA,PACA,SIERRA,DISTRITAL,Sierra con Población urbana de hasta 10 mil habitantes,903.0,595.0,308.0,0.46,0.6571428571428571
120423,JUNIN,JAUJA,PACCHA,SIERRA,DISTRITAL,Sierra con Población urbana de hasta 10 mil habitantes,1460.0,447.0,1013.0,0.437675332039757,0.6252504743425099
120424,JUNIN,JAUJA,PANCAN,SIERRA,DISTRITAL,Sierra con Población urbana de hasta 10 mil habitantes,1278.0,668.0,610.0,0.437675332039757,0.62525047434251
120425,JUNIN,JAUJA,PARCO,SIERRA,DISTRITAL,Sierra con Población urbana de hasta 10 mil habitantes,1180.0,924.0,256.0,0.26,0.37142857142857144
120426,JUNIN,JAUJA,POMACANCHA,SIERRA,DISTRITAL,Sierra con Población urbana de hasta 10 mil habitantes,1434.0,492.0,942.0,0.437675332039757,0.62525047434251
120427,JUNIN,JAUJA,RICRAN,SIERRA,DISTRITAL,Sierra con Población urbana de hasta 10 mil habitantes,1282.0,688.0,594.0,0.437675332039757,0.6252504743425099
120428,JUNIN,JAUJA,SAN LORENZO,SIERRA,DISTRITAL,Sierra con Población urbana de hasta 10 mil habitantes,2768.0,2339.0,429.0,0.1675377951180472,0.23933970731149606
120429,JUNIN,JAUJA,SAN PEDRO DE CHUNAN,SIERRA,DISTRITAL,Sierra con Población urbana de hasta 10 mil habitantes,697.0,694.0,3.0,0.5875672486772487,0.8393817838246411
120430,JUNIN,JAUJA,SAUSA,SIERRA,DISTRITAL,Sierra con Población urbana de hasta 10 mil habitantes,3321.0,3321.0,0.0,0.55,0.785714285714286
120431,JUNIN,JAUJA,SINCOS,SIERRA,DISTRITAL,Sierra con Población urbana de hasta 10 mil habitantes,4247.0,2267.0,1980.0,0.16,0.22857142857142862
120432,JUNIN,JAUJA,TUNAN MARCA,SIERRA,DISTRITAL,Sierra con Población urbana de hasta 10 mil habitantes,1029.0,892.0,137.0,0.3671788888888889,0.5245412698412698
120433,JUNIN,JAUJA,YAULI,SIERRA,DISTRITAL,Sierra con Población urbana de hasta 10 mil habitantes,1095.0,915.0,180.0,0.4360572204320327,0.6229388863314754
120434,JUNIN,JAUJA,YAUYOS,SIERRA,DISTRITAL,Sierra con Población urbana de hasta 10 mil habitantes,10017.0,9609.0,408.0,0.59,0.8428571428571427
120501,JUNIN,JUNIN,JUNIN,SIERRA,PROVINCIAL,Sierra con Población urbana entre 10 mil y 50 mil habitantes,11346.0,10472.0,874.0,0.28,0.4
120502,JUNIN,JUNIN,CARHUAMAYO,SIERRA,DISTRITAL,Sierra con Población urbana de hasta 10 mil habitantes,6699.0,6372.0,327.0,0.296089792797853,0.4229854182826473
120503,JUNIN,JUNIN,ONDORES,SIERRA,DISTRITAL,Sierra con Población urbana de hasta 10 mil habitantes,1153.0,499.0,654.0,0.29,0.4142857142857143
120504,JUNIN,JUNIN,ULCUMAYO,SIERRA,DISTRITAL,Sierra con Población urbana de hasta 10 mil habitantes,4106.0,877.0,3229.0,0.33,0.4714285714285715
120601,JUNIN,SATIPO,SATIPO,SELVA,PROVINCIAL,Selva con Población urbana entre 10 mil y 50 mil habitantes,42214.0,29403.0,12811.0,0.55,0.785714285714286
120602,JUNIN,SATIPO,COVIRIALI,SELVA,DISTRITAL,Selva con Población urbana de hasta 10 mil habitantes,6476.0,347.0,6129.0,0.39,0.5571428571428572
120603,JUNIN,SATIPO,LLAYLLA,SELVA,DISTRITAL,Selva con Población urbana de hasta 10 mil habitantes,7340.0,1712.0,5628.0,0.46,0.6571428571428571
120604,JUNIN,SATIPO,MAZAMARI,SELVA,DISTRITAL,Selva con Población urbana entre 10 mil y 50 mil habitantes,42212.0,18466.0,23746.0,0.45,0.6428571428571429
120605,JUNIN,SATIPO,PAMPA HERMOSA,SELVA,DISTRITAL,Selva con Población urbana de hasta 10 mil habitantes,3825.0,377.0,3448.0,0.4,0.5714285714285715
120606,JUNIN,SATIPO,PANGOA,SELVA,DISTRITAL,Selva con Población urbana entre 10 mil y 50 mil habitantes,63895.0,25812.0,38083.0,0.44,0.6285714285714287
120607,JUNIN,SATIPO,RIO NEGRO,SELVA,DISTRITAL,Selva con Población urbana de hasta 10 mil habitantes,33745.0,5447.0,28298.0,0.39,0.5571428571428572
120608,JUNIN,SATIPO,RIO TAMBO,SELVA,DISTRITAL,Selva con Población urbana de hasta 10 mil habitantes,30204.0,2132.0,28072.0,0.456,0.6514285714285715
120609,JUNIN,SATIPO,VIZCATAN DEL ENE,SELVA,DISTRITAL,Selva con Población urbana de hasta 10 mil habitantes,5406.0,583.0,4823.0,0.45,0.6428571428571429
120701,JUNIN,TARMA,TARMA,SIERRA,PROVINCIAL,Sierra con Población urbana entre 10 mil y 50 mil habitantes,50739.0,45348.0,5391.0,0.54,0.7714285714285716
120702,JUNIN,TARMA,ACOBAMBA,SIERRA,DISTRITAL,Sierra con Población urbana de hasta 10 mil habitantes,9683.0,5989.0,3694.0,0.357,0.5099999999999999
120703,JUNIN,TARMA,HUARICOLCA,SIERRA,DISTRITAL,Sierra con Población urbana de hasta 10 mil habitantes,1891.0,1287.0,604.0,0.437675332039757,0.62525047434251
120704,JUNIN,TARMA,HUASAHUASI,SIERRA,DISTRITAL,Sierra con Población urbana de hasta 10 mil habitantes,10157.0,4508.0,5649.0,0.45,0.6428571428571428
120705,JUNIN,TARMA,LA UNION,SIERRA,DISTRITAL,Sierra con Población urbana de hasta 10 mil habitantes,3675.0,2992.0,683.0,0.29,0.4142857142857143
120706,JUNIN,TARMA,PALCA,SIERRA,DISTRITAL,Sierra con Población urbana de hasta 10 mil habitantes,5953.0,3216.0,2737.0,0.437675332039757,0.62525047434251
120707,JUNIN,TARMA,PALCAMAYO,SIERRA,DISTRITAL,Sierra con Población urbana de hasta 10 mil habitantes,3253.0,1806.0,1447.0,0.34,0.4857142857142858
120708,JUNIN,TARMA,SAN PEDRO DE CAJAS,SIERRA,DISTRITAL,Sierra con Población urbana de hasta 10 mil habitantes,3473.0,2806.0,667.0,0.31,0.44285714285714295
120709,JUNIN,TARMA,TAPO,SIERRA,DISTRITAL,Sierra con Población urbana de hasta 10 mil habitantes,4583.0,824.0,3759.0,0.43,0.6142857142857143
120801,JUNIN,YAULI,LA OROYA,SIERRA,PROVINCIAL,Sierra con Población urbana entre 10 mil y 50 mil habitantes,14067.0,13909.0,158.0,0.5578067113576823,0.7968667305109749
120802,JUNIN,YAULI,CHACAPALPA,SIERRA,DISTRITAL,Sierra con Población urbana de hasta 10 mil habitantes,683.0,253.0,430.0,0.437675332039757,0.62525047434251
120803,JUNIN,YAULI,HUAY-HUAY,SIERRA,DISTRITAL,Sierra con Población urbana de hasta 10 mil habitantes,2134.0,2008.0,126.0,0.41,0.5857142857142857
120804,JUNIN,YAULI,MARCAPOMACOCHA,SIERRA,DISTRITAL,Sierra con Población urbana de hasta 10 mil habitantes,816.0,547.0,269.0,0.437675332039757,0.62525047434251
120805,JUNIN,YAULI,MOROCOCHA,SIERRA,DISTRITAL,Sierra con Población urbana de hasta 10 mil habitantes,5280.0,4716.0,564.0,0.3702141489399993,0.5288773556285705
120806,JUNIN,YAULI,PACCHA,SIERRA,DISTRITAL,Sierra con Población urbana de hasta 10 mil habitantes,1665.0,1233.0,432.0,0.3255951105442177,0.4651358722060253
120807,JUNIN,YAULI,SANTA BARBARA DE CARHUACAYAN,SIERRA,DISTRITAL,Sierra con Población urbana de hasta 10 mil habitantes,1057.0,596.0,461.0,0.437675332039757,0.6252504743425099
120808,JUNIN,YAULI,SANTA ROSA DE SACCO,SIERRA,DISTRITAL,Sierra con Población urbana de hasta 10 mil habitantes,8824.0,8803.0,21.0,0.69,0.9857142857142859
120809,JUNIN,YAULI,SUITUCANCHA,SIERRA,DISTRITAL,Sierra con Población urbana de hasta 10 mil habitantes,725.0,437.0,288.0,0.437675332039757,0.6252504743425099
120810,JUNIN,YAULI,YAULI,SIERRA,DISTRITAL,Sierra con Población urbana de hasta 10 mil habitantes,5512.0,4486.0,1026.0,0.302,0.4314285714285714
120901,JUNIN,CHUPACA,CHUPACA,SIERRA,PROVINCIAL,Sierra con Población urbana entre 10 mil y 50 mil habitantes,21574.0,15400.0,6174.0,0.435674844,0.6223926342857142
120902,JUNIN,CHUPACA,AHUAC,SIERRA,DISTRITAL,Sierra con Población urbana de hasta 10 mil habitantes,6754.0,3669.0,3085.0,0.26,0.37142857142857144
120903,JUNIN,CHUPACA,CHONGOS BAJO,SIERRA,DISTRITAL,Sierra con Población urbana de hasta 10 mil habitantes,4761.0,3898.0,863.0,0.33,0.4714285714285715
120904,JUNIN,CHUPACA,HUACHAC,SIERRA,DISTRITAL,Sierra con Población urbana de hasta 10 mil habitantes,3093.0,1858.0,1235.0,0.437675332039757,0.62525047434251
120905,JUNIN,CHUPACA,HUAMANCACA CHICO,SIERRA,DISTRITAL,Sierra con Población urbana de hasta 10 mil habitantes,10259.0,8599.0,1660.0,0.32,0.45714285714285713
120906,JUNIN,CHUPACA,SAN JUAN DE ISCOS,SIERRA,DISTRITAL,Sierra con Población urbana de hasta 10 mil habitantes,2325.0,1126.0,1199.0,0.2,0.28571428571428575
120907,JUNIN,CHUPACA,SAN JUAN DE JARPA,SIERRA,DISTRITAL,Sierra con Población urbana de hasta 10 mil habitantes,2680.0,1049.0,1631.0,0.437675332039757,0.6252504743425101
120908,JUNIN,CHUPACA,TRES DE DICIEMBRE,SIERRA,DISTRITAL,Sierra con Población urbana de hasta 10 mil habitantes,3007.0,3007.0,0.0,0.3338606088004823,0.4769437268578318
120909,JUNIN,CHUPACA,YANACANCHA,SIERRA,DISTRITAL,Sierra con Población urbana de hasta 10 mil habitantes,2708.0,518.0,2190.0,0.437675332039757,0.6252504743425099
130101,LA LIBERTAD,TRUJILLO,TRUJILLO,COSTA,PROVINCIAL,Costa con Población urbana de más de 50 mil habitantes,340582.0,340415.0,167.0,0.56,0.8000000000000002
130102,LA LIBERTAD,TRUJILLO,EL PORVENIR,COSTA,DISTRITAL,Costa con Población urbana de más de 50 mil habitantes,220624.0,220624.0,0.0,0.41,0.5857142857142857
130103,LA LIBERTAD,TRUJILLO,FLORENCIA DE MORA,COSTA,DISTRITAL,Costa con Población urbana entre 10 mil y 50 mil habitantes,38475.0,38475.0,0.0,0.45,0.6428571428571428
130104,LA LIBERTAD,TRUJILLO,HUANCHACO,COSTA,DISTRITAL,Costa con Población urbana de más de 50 mil habitantes,82792.0,81982.0,810.0,0.58,0.8285714285714286
130105,LA LIBERTAD,TRUJILLO,LA ESPERANZA,COSTA,DISTRITAL,Costa con Población urbana de más de 50 mil habitantes,217756.0,217756.0,0.0,0.59,0.8428571428571427
130106,LA LIBERTAD,TRUJILLO,LAREDO,COSTA,DISTRITAL,Costa con Población urbana entre 10 mil y 50 mil habitantes,42144.0,30847.0,11297.0,0.56,0.8000000000000003
130107,LA LIBERTAD,TRUJILLO,MOCHE,COSTA,DISTRITAL,Costa con Población urbana entre 10 mil y 50 mil habitantes,41610.0,35766.0,5844.0,0.52,0.7428571428571429
130108,LA LIBERTAD,TRUJILLO,POROTO,COSTA,DISTRITAL,Costa con Población urbana de hasta 10 mil habitantes,3900.0,1222.0,2678.0,0.4586851731599267,0.6552645330856096
130109,LA LIBERTAD,TRUJILLO,SALAVERRY,COSTA,DISTRITAL,Costa con Población urbana entre 10 mil y 50 mil habitantes,21866.0,21817.0,49.0,0.61,0.8714285714285713
130110,LA LIBERTAD,TRUJILLO,SIMBAL,COSTA,DISTRITAL,Costa con Población urbana de hasta 10 mil habitantes,4482.0,910.0,3572.0,0.49965038738600104,0.7137862676942873
130111,LA LIBERTAD,TRUJILLO,VICTOR LARCO HERRERA,COSTA,DISTRITAL,Costa con Población urbana de más de 50 mil habitantes,76283.0,76283.0,0.0,0.61,0.8714285714285713
130201,LA LIBERTAD,ASCOPE,ASCOPE,COSTA,PROVINCIAL,Costa con Población urbana de hasta 10 mil habitantes,6865.0,6329.0,536.0,0.52,0.7428571428571429
130202,LA LIBERTAD,ASCOPE,CHICAMA,COSTA,DISTRITAL,Costa con Población urbana entre 10 mil y 50 mil habitantes,15979.0,14618.0,1361.0,0.41,0.5857142857142857
130203,LA LIBERTAD,ASCOPE,CHOCOPE,COSTA,DISTRITAL,Costa con Población urbana de hasta 10 mil habitantes,9831.0,7549.0,2282.0,0.52,0.7428571428571428
130204,LA LIBERTAD,ASCOPE,MAGDALENA DE CAO,COSTA,DISTRITAL,Costa con Población urbana de hasta 10 mil habitantes,2685.0,2202.0,483.0,0.4586851731599267,0.6552645330856097
130205,LA LIBERTAD,ASCOPE,PAIJAN,COSTA,DISTRITAL,Costa con Población urbana entre 10 mil y 50 mil habitantes,28396.0,26675.0,1721.0,0.56,0.8000000000000002
130206,LA LIBERTAD,ASCOPE,RAZURI,COSTA,DISTRITAL,Costa con Población urbana de hasta 10 mil habitantes,9322.0,6243.0,3079.0,0.58,0.8285714285714285
130207,LA LIBERTAD,ASCOPE,SANTIAGO DE CAO,COSTA,DISTRITAL,Costa con Población urbana entre 10 mil y 50 mil habitantes,19950.0,19355.0,595.0,0.42,0.6
130208,LA LIBERTAD,ASCOPE,CASA GRANDE,COSTA,DISTRITAL,Costa con Población urbana entre 10 mil y 50 mil habitantes,29803.0,28104.0,1699.0,0.59,0.842857142857143
130301,LA LIBERTAD,BOLIVAR,BOLIVAR,SIERRA,PROVINCIAL,Sierra con Población urbana de hasta 10 mil habitantes,5006.0,1679.0,3327.0,0.437675332039757,0.62525047434251
130302,LA LIBERTAD,BOLIVAR,BAMBAMARCA,SIERRA,DISTRITAL,Sierra con Población urbana de hasta 10 mil habitantes,3187.0,663.0,2524.0,0.47,0.6714285714285714
130303,LA LIBERTAD,BOLIVAR,CONDORMARCA,SIERRA,DISTRITAL,Sierra con Población urbana de hasta 10 mil habitantes,2148.0,371.0,1777.0,0.4203505822563048,0.6005008317947211
130304,LA LIBERTAD,BOLIVAR,LONGOTEA,SIERRA,DISTRITAL,Sierra con Población urbana de hasta 10 mil habitantes,2347.0,1311.0,1036.0,0.437675332039757,0.6252504743425101
130305,LA LIBERTAD,BOLIVAR,UCHUMARCA,SIERRA,DISTRITAL,Sierra con Población urbana de hasta 10 mil habitantes,2432.0,1085.0,1347.0,0.437675332039757,0.62525047434251
130306,LA LIBERTAD,BOLIVAR,UCUNCHA,SIERRA,DISTRITAL,Sierra con Población urbana de hasta 10 mil habitantes,906.0,670.0,236.0,0.16,0.22857142857142856
130401,LA LIBERTAD,CHEPEN,CHEPEN,COSTA,PROVINCIAL,Costa con Población urbana entre 10 mil y 50 mil habitantes,48644.0,45264.0,3380.0,0.54,0.7714285714285714
130402,LA LIBERTAD,CHEPEN,PACANGA,COSTA,DISTRITAL,Costa con Población urbana entre 10 mil y 50 mil habitantes,24114.0,19474.0,4640.0,0.44,0.6285714285714286
130403,LA LIBERTAD,CHEPEN,PUEBLO NUEVO,COSTA,DISTRITAL,Costa con Población urbana de hasta 10 mil habitantes,12732.0,9549.0,3183.0,0.55,0.785714285714286
130501,LA LIBERTAD,JULCAN,JULCAN,SIERRA,PROVINCIAL,Sierra con Población urbana de hasta 10 mil habitantes,12776.0,2913.0,9863.0,0.28,0.40000000000000013
130502,LA LIBERTAD,JULCAN,CALAMARCA,SIERRA,DISTRITAL,Sierra con Población urbana de hasta 10 mil habitantes,5167.0,647.0,4520.0,0.437675332039757,0.6252504743425101
130503,LA LIBERTAD,JULCAN,CARABAMBA,SIERRA,DISTRITAL,Sierra con Población urbana de hasta 10 mil habitantes,6930.0,1321.0,5609.0,0.437675332039757,0.6252504743425101
130504,LA LIBERTAD,JULCAN,HUASO,SIERRA,DISTRITAL,Sierra con Población urbana de hasta 10 mil habitantes,6252.0,682.0,5570.0,0.437675332039757,0.62525047434251
130601,LA LIBERTAD,OTUZCO,OTUZCO,SIERRA,PROVINCIAL,Sierra con Población urbana entre 10 mil y 50 mil habitantes,26702.0,14125.0,12577.0,0.5,0.7142857142857143
130602,LA LIBERTAD,OTUZCO,AGALLPAMPA,SIERRA,DISTRITAL,Sierra con Población urbana de hasta 10 mil habitantes,10354.0,892.0,9462.0,0.437675332039757,0.62525047434251
130604,LA LIBERTAD,OTUZCO,CHARAT,SIERRA,DISTRITAL,Sierra con Población urbana de hasta 10 mil habitantes,2612.0,737.0,1875.0,0.437675332039757,0.62525047434251
130605,LA LIBERTAD,OTUZCO,HUARANCHAL,SIERRA,DISTRITAL,Sierra con Población urbana de hasta 10 mil habitantes,4190.0,2072.0,2118.0,0.437675332039757,0.6252504743425099
130606,LA LIBERTAD,OTUZCO,LA CUESTA,SIERRA,DISTRITAL,Sierra con Población urbana de hasta 10 mil habitantes,666.0,73.0,593.0,0.437675332039757,0.62525047434251
130608,LA LIBERTAD,OTUZCO,MACHE,SIERRA,DISTRITAL,Sierra con Población urbana de hasta 10 mil habitantes,2894.0,916.0,1978.0,0.437675332039757,0.6252504743425099
130610,LA LIBERTAD,OTUZCO,PARANDAY,SIERRA,DISTRITAL,Sierra con Población urbana de hasta 10 mil habitantes,551.0,140.0,411.0,0.437675332039757,0.6252504743425099
130611,LA LIBERTAD,OTUZCO,SALPO,SIERRA,DISTRITAL,Sierra con Población urbana de hasta 10 mil habitantes,6534.0,1214.0,5320.0,0.4203505822563048,0.6005008317947212
130613,LA LIBERTAD,OTUZCO,SINSICAP,SIERRA,DISTRITAL,Sierra con Población urbana de hasta 10 mil habitantes,7597.0,2234.0,5363.0,0.437675332039757,0.62525047434251
130614,LA LIBERTAD,OTUZCO,USQUIL,SIERRA,DISTRITAL,Sierra con Población urbana de hasta 10 mil habitantes,23245.0,3572.0,19673.0,0.47,0.6714285714285714
130701,LA LIBERTAD,PACASMAYO,SAN PEDRO DE LLOC,COSTA,PROVINCIAL,Costa con Población urbana entre 10 mil y 50 mil habitantes,19081.0,17972.0,1109.0,0.23,0.3285714285714287
130702,LA LIBERTAD,PACASMAYO,GUADALUPE,COSTA,DISTRITAL,Costa con Población urbana entre 10 mil y 50 mil habitantes,43508.0,39458.0,4050.0,0.66,0.942857142857143
130703,LA LIBERTAD,PACASMAYO,JEQUETEPEQUE,COSTA,DISTRITAL,Costa con Población urbana de hasta 10 mil habitantes,4498.0,4124.0,374.0,0.53,0.7571428571428572
130704,LA LIBERTAD,PACASMAYO,PACASMAYO,COSTA,DISTRITAL,Costa con Población urbana entre 10 mil y 50 mil habitantes,31619.0,31585.0,34.0,0.55,0.7857142857142857
130705,LA LIBERTAD,PACASMAYO,SAN JOSE,COSTA,DISTRITAL,Costa con Población urbana entre 10 mil y 50 mil habitantes,12604.0,11434.0,1170.0,0.45,0.6428571428571429
130801,LA LIBERTAD,PATAZ,TAYABAMBA,SIERRA,PROVINCIAL,Sierra con Población urbana de hasta 10 mil habitantes,13871.0,4075.0,9796.0,0.37,0.5285714285714286
130802,LA LIBERTAD,PATAZ,BULDIBUYO,SIERRA,DISTRITAL,Sierra con Población urbana de hasta 10 mil habitantes,4201.0,1089.0,3112.0,0.437675332039757,0.62525047434251
130803,LA LIBERTAD,PATAZ,CHILLIA,SIERRA,DISTRITAL,Sierra con Población urbana de hasta 10 mil habitantes,12978.0,2216.0,10762.0,0.437675332039757,0.62525047434251
130804,LA LIBERTAD,PATAZ,HUANCASPATA,SIERRA,DISTRITAL,Sierra con Población urbana de hasta 10 mil habitantes,6166.0,1163.0,5003.0,0.437675332039757,0.62525047434251
130805,LA LIBERTAD,PATAZ,HUAYLILLAS,SIERRA,DISTRITAL,Sierra con Población urbana de hasta 10 mil habitantes,1164.0,435.0,729.0,0.4203505822563048,0.6005008317947212
130806,LA LIBERTAD,PATAZ,HUAYO,SIERRA,DISTRITAL,Sierra con Población urbana de hasta 10 mil habitantes,3795.0,340.0,3455.0,0.437675332039757,0.6252504743425099
130807,LA LIBERTAD,PATAZ,ONGON,SIERRA,DISTRITAL,Sierra con Población urbana de hasta 10 mil habitantes,1385.0,139.0,1246.0,0.437675332039757,0.6252504743425101
130808,LA LIBERTAD,PATAZ,PARCOY,SIERRA,DISTRITAL,Sierra con Población urbana de hasta 10 mil habitantes,20753.0,8264.0,12489.0,0.56,0.8000000000000002
130809,LA LIBERTAD,PATAZ,PATAZ,SIERRA,DISTRITAL,Sierra con Población urbana de hasta 10 mil habitantes,10482.0,3432.0,7050.0,0.437675332039757,0.6252504743425101
130810,LA LIBERTAD,PATAZ,PIAS,SIERRA,DISTRITAL,Sierra con Población urbana de hasta 10 mil habitantes,1872.0,533.0,1339.0,0.437675332039757,0.62525047434251
130811,LA LIBERTAD,PATAZ,SANTIAGO DE CHALLAS,SIERRA,DISTRITAL,Sierra con Población urbana de hasta 10 mil habitantes,2330.0,1069.0,1261.0,0.4203505822563048,0.6005008317947212
130812,LA LIBERTAD,PATAZ,TAURIJA,SIERRA,DISTRITAL,Sierra con Población urbana de hasta 10 mil habitantes,3033.0,955.0,2078.0,0.437675332039757,0.6252504743425099
130813,LA LIBERTAD,PATAZ,URPAY,SIERRA,DISTRITAL,Sierra con Población urbana de hasta 10 mil habitantes,2466.0,576.0,1890.0,0.4203505822563048,0.6005008317947211
130901,LA LIBERTAD,SANCHEZ CARRION,HUAMACHUCO,SIERRA,PROVINCIAL,Sierra con Población urbana entre 10 mil y 50 mil habitantes,77443.0,47976.0,29467.0,0.64,0.9142857142857141
130902,LA LIBERTAD,SANCHEZ CARRION,CHUGAY,SIERRA,DISTRITAL,Sierra con Población urbana de hasta 10 mil habitantes,19177.0,2081.0,17096.0,0.34,0.4857142857142858
130903,LA LIBERTAD,SANCHEZ CARRION,COCHORCO,SIERRA,DISTRITAL,Sierra con Población urbana de hasta 10 mil habitantes,9948.0,1006.0,8942.0,0.437675332039757,0.62525047434251
130904,LA LIBERTAD,SANCHEZ CARRION,CURGOS,SIERRA,DISTRITAL,Sierra con Población urbana de hasta 10 mil habitantes,8748.0,1988.0,6760.0,0.437675332039757,0.62525047434251
130905,LA LIBERTAD,SANCHEZ CARRION,MARCABAL,SIERRA,DISTRITAL,Sierra con Población urbana de hasta 10 mil habitantes,11627.0,320.0,11307.0,0.437675332039757,0.6252504743425099
130906,LA LIBERTAD,SANCHEZ CARRION,SANAGORAN,SIERRA,DISTRITAL,Sierra con Población urbana de hasta 10 mil habitantes,14728.0,395.0,14333.0,0.51,0.7285714285714286
130907,LA LIBERTAD,SANCHEZ CARRION,SARIN,SIERRA,DISTRITAL,Sierra con Población urbana de hasta 10 mil habitantes,9847.0,2035.0,7812.0,0.437675332039757,0.62525047434251
130908,LA LIBERTAD,SANCHEZ CARRION,SARTIMBAMBA,SIERRA,DISTRITAL,Sierra con Población urbana de hasta 10 mil habitantes,14229.0,645.0,13584.0,0.437675332039757,0.62525047434251
131001,LA LIBERTAD,SANTIAGO DE CHUCO,SANTIAGO DE CHUCO,SIERRA,PROVINCIAL,Sierra con Población urbana de hasta 10 mil habitantes,20325.0,7689.0,12636.0,0.57,0.8142857142857143
131002,LA LIBERTAD,SANTIAGO DE CHUCO,ANGASMARCA,SIERRA,DISTRITAL,Sierra con Población urbana de hasta 10 mil habitantes,5067.0,1819.0,3248.0,0.437675332039757,0.62525047434251
131003,LA LIBERTAD,SANTIAGO DE CHUCO,CACHICADAN,SIERRA,DISTRITAL,Sierra con Población urbana de hasta 10 mil habitantes,5851.0,2630.0,3221.0,0.34,0.4857142857142857
131004,LA LIBERTAD,SANTIAGO DE CHUCO,MOLLEBAMBA,SIERRA,DISTRITAL,Sierra con Población urbana de hasta 10 mil habitantes,1854.0,990.0,864.0,0.437675332039757,0.62525047434251
131005,LA LIBERTAD,SANTIAGO DE CHUCO,MOLLEPATA,SIERRA,DISTRITAL,Sierra con Población urbana de hasta 10 mil habitantes,2464.0,159.0,2305.0,0.437675332039757,0.62525047434251
131006,LA LIBERTAD,SANTIAGO DE CHUCO,QUIRUVILCA,SIERRA,DISTRITAL,Sierra con Población urbana de hasta 10 mil habitantes,13727.0,7336.0,6391.0,0.984,1.4057142857142861
131007,LA LIBERTAD,SANTIAGO DE CHUCO,SANTA CRUZ DE CHUCA,SIERRA,DISTRITAL,Sierra con Población urbana de hasta 10 mil habitantes,3062.0,596.0,2466.0,0.437675332039757,0.6252504743425099
131008,LA LIBERTAD,SANTIAGO DE CHUCO,SITABAMBA,SIERRA,DISTRITAL,Sierra con Población urbana de hasta 10 mil habitantes,3682.0,823.0,2859.0,0.437675332039757,0.6252504743425101
131101,LA LIBERTAD,GRAN CHIMU,CASCAS,COSTA,PROVINCIAL,Costa con Población urbana de hasta 10 mil habitantes,14331.0,4628.0,9703.0,0.38,0.5428571428571429
131102,LA LIBERTAD,GRAN CHIMU,LUCMA,SIERRA,DISTRITAL,Sierra con Población urbana de hasta 10 mil habitantes,4932.0,591.0,4341.0,0.437675332039757,0.6252504743425101
131103,LA LIBERTAD,GRAN CHIMU,MARMOT,SIERRA,DISTRITAL,Sierra con Población urbana de hasta 10 mil habitantes,2555.0,521.0,2034.0,0.437675332039757,0.62525047434251
131104,LA LIBERTAD,GRAN CHIMU,SAYAPULLO,SIERRA,DISTRITAL,Sierra con Población urbana de hasta 10 mil habitantes,6620.0,1635.0,4985.0,0.437675332039757,0.62525047434251
131201,LA LIBERTAD,VIRU,VIRU,COSTA,PROVINCIAL,Costa con Población urbana entre 10 mil y 50 mil habitantes,57500.0,44564.0,12936.0,0.5150999336710964,0.7358570481015665
131202,LA LIBERTAD,VIRU,CHAO,COSTA,DISTRITAL,Costa con Población urbana entre 10 mil y 50 mil habitantes,37511.0,31672.0,5839.0,0.24,0.34285714285714286
131203,LA LIBERTAD,VIRU,GUADALUPITO,COSTA,DISTRITAL,Costa con Población urbana de hasta 10 mil habitantes,7536.0,7215.0,321.0,0.45,0.6428571428571429
140101,LAMBAYEQUE,CHICLAYO,CHICLAYO,COSTA,PROVINCIAL,Costa con Población urbana de más de 50 mil habitantes,285907.0,285602.0,305.0,0.57,0.8142857142857143
140102,LAMBAYEQUE,CHICLAYO,CHONGOYAPE,COSTA,DISTRITAL,Costa con Población urbana entre 10 mil y 50 mil habitantes,19441.0,16460.0,2981.0,0.54,0.7714285714285714
140103,LAMBAYEQUE,CHICLAYO,ETEN,COSTA,DISTRITAL,Costa con Población urbana entre 10 mil y 50 mil habitantes,12896.0,12601.0,295.0,0.71,1.0142857142857142
140104,LAMBAYEQUE,CHICLAYO,ETEN PUERTO,COSTA,DISTRITAL,Costa con Población urbana de hasta 10 mil habitantes,2422.0,2422.0,0.0,0.8,1.142857142857143
140105,LAMBAYEQUE,CHICLAYO,JOSE LEONARDO ORTIZ,COSTA,DISTRITAL,Costa con Población urbana de más de 50 mil habitantes,164974.0,164974.0,0.0,0.8,1.142857142857143
140106,LAMBAYEQUE,CHICLAYO,LA VICTORIA,COSTA,DISTRITAL,Costa con Población urbana de más de 50 mil habitantes,97223.0,91648.0,5575.0,0.67,0.9571428571428574
140107,LAMBAYEQUE,CHICLAYO,LAGUNAS,COSTA,DISTRITAL,Costa con Población urbana de hasta 10 mil habitantes,10696.0,8800.0,1896.0,0.56,0.8000000000000002
140108,LAMBAYEQUE,CHICLAYO,MONSEFU,COSTA,DISTRITAL,Costa con Población urbana entre 10 mil y 50 mil habitantes,34856.0,25514.0,9342.0,0.82,1.1714285714285715
140109,LAMBAYEQUE,CHICLAYO,NUEVA ARICA,COSTA,DISTRITAL,Costa con Población urbana de hasta 10 mil habitantes,2526.0,2246.0,280.0,0.59,0.8428571428571427
140110,LAMBAYEQUE,CHICLAYO,OYOTUN,COSTA,DISTRITAL,Costa con Población urbana de hasta 10 mil habitantes,8470.0,6793.0,1677.0,0.5,0.7142857142857143
140111,LAMBAYEQUE,CHICLAYO,PICSI,COSTA,DISTRITAL,Costa con Población urbana entre 10 mil y 50 mil habitantes,14127.0,12702.0,1425.0,0.63,0.9
140112,LAMBAYEQUE,CHICLAYO,PIMENTEL,COSTA,DISTRITAL,Costa con Población urbana entre 10 mil y 50 mil habitantes,50505.0,46228.0,4277.0,0.58,0.8285714285714286
140113,LAMBAYEQUE,CHICLAYO,REQUE,COSTA,DISTRITAL,Costa con Población urbana entre 10 mil y 50 mil habitantes,17304.0,14155.0,3149.0,0.75,1.0714285714285714
140114,LAMBAYEQUE,CHICLAYO,SANTA ROSA,COSTA,DISTRITAL,Costa con Población urbana entre 10 mil y 50 mil habitantes,13592.0,13403.0,189.0,0.59,0.842857142857143
140115,LAMBAYEQUE,CHICLAYO,SAÑA,COSTA,DISTRITAL,Costa con Población urbana entre 10 mil y 50 mil habitantes,12450.0,10004.0,2446.0,0.56,0.8000000000000002
140116,LAMBAYEQUE,CHICLAYO,CAYALTI,COSTA,DISTRITAL,Costa con Población urbana entre 10 mil y 50 mil habitantes,15446.0,13956.0,1490.0,0.48,0.6857142857142857
140117,LAMBAYEQUE,CHICLAYO,PATAPO,COSTA,DISTRITAL,Costa con Población urbana entre 10 mil y 50 mil habitantes,24648.0,21096.0,3552.0,0.64,0.9142857142857143
140118,LAMBAYEQUE,CHICLAYO,POMALCA,COSTA,DISTRITAL,Costa con Población urbana entre 10 mil y 50 mil habitantes,26664.0,23222.0,3442.0,0.49,0.7000000000000002
140119,LAMBAYEQUE,CHICLAYO,PUCALA,COSTA,DISTRITAL,Costa con Población urbana de hasta 10 mil habitantes,9035.0,7842.0,1193.0,0.61,0.8714285714285713
140120,LAMBAYEQUE,CHICLAYO,TUMAN,COSTA,DISTRITAL,Costa con Población urbana entre 10 mil y 50 mil habitantes,29619.0,27534.0,2085.0,0.51,0.7285714285714286
140201,LAMBAYEQUE,FERREÑAFE,FERREÑAFE,COSTA,PROVINCIAL,Costa con Población urbana entre 10 mil y 50 mil habitantes,37249.0,36422.0,827.0,0.57,0.8142857142857143
140202,LAMBAYEQUE,FERREÑAFE,CAÑARIS,SIERRA,DISTRITAL,Sierra con Población urbana de hasta 10 mil habitantes,12300.0,414.0,11886.0,0.437675332039757,0.6252504743425099
140203,LAMBAYEQUE,FERREÑAFE,INCAHUASI,SIERRA,DISTRITAL,Sierra con Población urbana de hasta 10 mil habitantes,15025.0,1696.0,13329.0,0.3,0.42857142857142844
140204,LAMBAYEQUE,FERREÑAFE,MANUEL ANTONIO MESONES MURO,COSTA,DISTRITAL,Costa con Población urbana de hasta 10 mil habitantes,4167.0,1943.0,2224.0,0.63,0.8999999999999998
140205,LAMBAYEQUE,FERREÑAFE,PITIPO,COSTA,DISTRITAL,Costa con Población urbana de hasta 10 mil habitantes,21797.0,8656.0,13141.0,0.553,0.79
140206,LAMBAYEQUE,FERREÑAFE,PUEBLO NUEVO,COSTA,DISTRITAL,Costa con Población urbana entre 10 mil y 50 mil habitantes,15637.0,14731.0,906.0,0.34,0.48571428571428577
140301,LAMBAYEQUE,LAMBAYEQUE,LAMBAYEQUE,COSTA,PROVINCIAL,Costa con Población urbana de más de 50 mil habitantes,78343.0,65511.0,12832.0,0.5,0.7142857142857143
140302,LAMBAYEQUE,LAMBAYEQUE,CHOCHOPE,COSTA,DISTRITAL,Costa con Población urbana de hasta 10 mil habitantes,1539.0,480.0,1059.0,0.49965038738600104,0.7137862676942873
140303,LAMBAYEQUE,LAMBAYEQUE,ILLIMO,COSTA,DISTRITAL,Costa con Población urbana de hasta 10 mil habitantes,9436.0,5292.0,4144.0,0.44,0.6285714285714286
140304,LAMBAYEQUE,LAMBAYEQUE,JAYANCA,COSTA,DISTRITAL,Costa con Población urbana entre 10 mil y 50 mil habitantes,19575.0,10269.0,9306.0,0.54,0.7714285714285714
140305,LAMBAYEQUE,LAMBAYEQUE,MOCHUMI,COSTA,DISTRITAL,Costa con Población urbana de hasta 10 mil habitantes,19596.0,8129.0,11467.0,0.53,0.7571428571428571
140306,LAMBAYEQUE,LAMBAYEQUE,MORROPE,COSTA,DISTRITAL,Costa con Población urbana entre 10 mil y 50 mil habitantes,54514.0,14022.0,40492.0,0.39,0.5571428571428572
140307,LAMBAYEQUE,LAMBAYEQUE,MOTUPE,COSTA,DISTRITAL,Costa con Población urbana entre 10 mil y 50 mil habitantes,33008.0,17802.0,15206.0,0.2,0.28571428571428575
140308,LAMBAYEQUE,LAMBAYEQUE,OLMOS,COSTA,DISTRITAL,Costa con Población urbana entre 10 mil y 50 mil habitantes,53834.0,16336.0,37498.0,0.51,0.7285714285714286
140309,LAMBAYEQUE,LAMBAYEQUE,PACORA,COSTA,DISTRITAL,Costa con Población urbana de hasta 10 mil habitantes,8641.0,4146.0,4495.0,0.37,0.5285714285714286
140310,LAMBAYEQUE,LAMBAYEQUE,SALAS,SIERRA,DISTRITAL,Sierra con Población urbana de hasta 10 mil habitantes,13522.0,4506.0,9016.0,0.43,0.6142857142857142
140311,LAMBAYEQUE,LAMBAYEQUE,SAN JOSE,COSTA,DISTRITAL,Costa con Población urbana entre 10 mil y 50 mil habitantes,17206.0,15495.0,1711.0,0.57,0.8142857142857145
140312,LAMBAYEQUE,LAMBAYEQUE,TUCUME,COSTA,DISTRITAL,Costa con Población urbana entre 10 mil y 50 mil habitantes,23915.0,10135.0,13780.0,0.33,0.4714285714285715
150101,LIMA ,LIMA,LIMA,COSTA,PROVINCIAL,Provincia de Lima y Callao ,269769.0,269769.0,0.0,0.74,1.0571428571428572
150102,LIMA ,LIMA,ANCON,COSTA,DISTRITAL,Provincia de Lima y Callao ,76357.0,76357.0,0.0,0.65,0.9285714285714286
150103,LIMA ,LIMA,ATE,COSTA,DISTRITAL,Provincia de Lima y Callao ,652900.0,652900.0,0.0,0.69,0.9857142857142855
150104,LIMA ,LIMA,BARRANCO,COSTA,DISTRITAL,Provincia de Lima y Callao ,35745.0,35745.0,0.0,0.47,0.6714285714285714
150105,LIMA ,LIMA,BREÑA,COSTA,DISTRITAL,Provincia de Lima y Callao ,92153.0,92153.0,0.0,0.74,1.0571428571428572
150106,LIMA ,LIMA,CARABAYLLO,COSTA,DISTRITAL,Provincia de Lima y Callao ,380890.0,375654.0,5236.0,0.66,0.942857142857143
150107,LIMA ,LIMA,CHACLACAYO,COSTA,DISTRITAL,Provincia de Lima y Callao ,43897.0,43897.0,0.0,0.64,0.9142857142857143
150108,LIMA ,LIMA,CHORRILLOS,COSTA,DISTRITAL,Provincia de Lima y Callao ,349855.0,349855.0,0.0,0.65,0.9285714285714286
150109,LIMA ,LIMA,CIENEGUILLA,COSTA,DISTRITAL,Provincia de Lima y Callao ,37815.0,37555.0,260.0,0.62,0.8857142857142857
150110,LIMA ,LIMA,COMAS,COSTA,DISTRITAL,Provincia de Lima y Callao ,566314.0,566314.0,0.0,0.52,0.7428571428571429
150111,LIMA ,LIMA,EL AGUSTINO,COSTA,DISTRITAL,Provincia de Lima y Callao ,218277.0,218277.0,0.0,0.69,0.9857142857142857
150112,LIMA ,LIMA,INDEPENDENCIA,COSTA,DISTRITAL,Provincia de Lima y Callao ,221551.0,221551.0,0.0,0.58,0.8285714285714285
150113,LIMA ,LIMA,JESUS MARIA,COSTA,DISTRITAL,Provincia de Lima y Callao ,80377.0,80377.0,0.0,0.46,0.6571428571428571
150114,LIMA ,LIMA,LA MOLINA,COSTA,DISTRITAL,Provincia de Lima y Callao ,157820.0,157820.0,0.0,0.68,0.9714285714285715
150115,LIMA ,LIMA,LA VICTORIA,COSTA,DISTRITAL,Provincia de Lima y Callao ,188900.0,188900.0,0.0,0.13,0.1857142857142857
150116,LIMA ,LIMA,LINCE,COSTA,DISTRITAL,Provincia de Lima y Callao ,59213.0,59213.0,0.0,0.63,0.9000000000000001
150117,LIMA ,LIMA,LOS OLIVOS,COSTA,DISTRITAL,Provincia de Lima y Callao ,349100.0,349100.0,0.0,0.68,0.9714285714285715
150118,LIMA ,LIMA,LURIGANCHO,COSTA,DISTRITAL,Provincia de Lima y Callao ,271822.0,271822.0,0.0,0.53,0.7571428571428572
150119,LIMA ,LIMA,LURIN,COSTA,DISTRITAL,Provincia de Lima y Callao ,104770.0,103053.0,1717.0,0.66,0.942857142857143
150120,LIMA ,LIMA,MAGDALENA DEL MAR,COSTA,DISTRITAL,Provincia de Lima y Callao ,63856.0,63856.0,0.0,0.66,0.942857142857143
150121,LIMA ,LIMA,PUEBLO LIBRE,COSTA,DISTRITAL,Provincia de Lima y Callao ,92250.0,92250.0,0.0,0.67,0.9571428571428574
150122,LIMA ,LIMA,MIRAFLORES,COSTA,DISTRITAL,Provincia de Lima y Callao ,106735.0,106735.0,0.0,0.62,0.8857142857142856
150123,LIMA ,LIMA,PACHACAMAC,COSTA,DISTRITAL,Provincia de Lima y Callao ,134104.0,132617.0,1487.0,0.59,0.8428571428571427
150124,LIMA ,LIMA,PUCUSANA,COSTA,DISTRITAL,Provincia de Lima y Callao ,16032.0,16032.0,0.0,0.63,0.9
150125,LIMA ,LIMA,PUENTE PIEDRA,COSTA,DISTRITAL,Provincia de Lima y Callao ,379550.0,379550.0,0.0,0.62,0.8857142857142857
150126,LIMA ,LIMA,PUNTA HERMOSA,COSTA,DISTRITAL,Provincia de Lima y Callao ,19966.0,19925.0,41.0,0.62,0.8857142857142857
150127,LIMA ,LIMA,PUNTA NEGRA,COSTA,DISTRITAL,Provincia de Lima y Callao ,7955.0,7954.0,1.0,0.53,0.7571428571428571
150128,LIMA ,LIMA,RIMAC,COSTA,DISTRITAL,Provincia de Lima y Callao ,179892.0,179892.0,0.0,0.55,0.7857142857142858
150129,LIMA ,LIMA,SAN BARTOLO,COSTA,DISTRITAL,Provincia de Lima y Callao ,8442.0,8236.0,206.0,0.54,0.7714285714285716
150130,LIMA ,LIMA,SAN BORJA,COSTA,DISTRITAL,Provincia de Lima y Callao ,125183.0,125183.0,0.0,0.59,0.8428571428571427
150131,LIMA ,LIMA,SAN ISIDRO,COSTA,DISTRITAL,Provincia de Lima y Callao ,66878.0,66878.0,0.0,0.62,0.8857142857142857
150132,LIMA ,LIMA,SAN JUAN DE LURIGANCHO,COSTA,DISTRITAL,Provincia de Lima y Callao ,1152258.0,1152258.0,0.0,0.62,0.8857142857142857
150133,LIMA ,LIMA,SAN JUAN DE MIRAFLORES,COSTA,DISTRITAL,Provincia de Lima y Callao ,408538.0,408538.0,0.0,0.58,0.8285714285714286
150134,LIMA ,LIMA,SAN LUIS,COSTA,DISTRITAL,Provincia de Lima y Callao ,55688.0,55688.0,0.0,0.71,1.0142857142857142
150135,LIMA ,LIMA,SAN MARTIN DE PORRES,COSTA,DISTRITAL,Provincia de Lima y Callao ,729268.0,729268.0,0.0,0.82,1.1714285714285715
150136,LIMA ,LIMA,SAN MIGUEL,COSTA,DISTRITAL,Provincia de Lima y Callao ,169282.0,169282.0,0.0,0.79,1.1285714285714286
150137,LIMA ,LIMA,SANTA ANITA,COSTA,DISTRITAL,Provincia de Lima y Callao ,218514.0,218514.0,0.0,0.6,0.8571428571428571
150138,LIMA ,LIMA,SANTA MARIA DEL MAR,COSTA,DISTRITAL,Provincia de Lima y Callao ,1106.0,1098.0,8.0,0.71,1.0142857142857142
150139,LIMA ,LIMA,SANTA ROSA,COSTA,DISTRITAL,Provincia de Lima y Callao ,34361.0,34361.0,0.0,0.57,0.8142857142857142
150140,LIMA ,LIMA,SANTIAGO DE SURCO,COSTA,DISTRITAL,Provincia de Lima y Callao ,397082.0,397082.0,0.0,0.63,0.9000000000000001
150141,LIMA ,LIMA,SURQUILLO,COSTA,DISTRITAL,Provincia de Lima y Callao ,99397.0,99397.0,0.0,0.68,0.9714285714285716
150142,LIMA ,LIMA,VILLA EL SALVADOR,COSTA,DISTRITAL,Provincia de Lima y Callao ,420278.0,420278.0,0.0,0.67,0.9571428571428572
150143,LIMA ,LIMA,VILLA MARIA DEL TRIUNFO,COSTA,DISTRITAL,Provincia de Lima y Callao ,432835.0,432835.0,0.0,0.7,1.0000000000000002
150201,LIMA ,BARRANCA,BARRANCA,COSTA,PROVINCIAL,Costa con Población urbana de más de 50 mil habitantes,70971.0,65518.0,5453.0,0.53,0.7571428571428571
150202,LIMA ,BARRANCA,PARAMONGA,COSTA,DISTRITAL,Costa con Población urbana entre 10 mil y 50 mil habitantes,22007.0,19636.0,2371.0,0.59,0.8428571428571431
150203,LIMA ,BARRANCA,PATIVILCA,COSTA,DISTRITAL,Costa con Población urbana entre 10 mil y 50 mil habitantes,17797.0,16206.0,1591.0,0.65,0.9285714285714286
150204,LIMA ,BARRANCA,SUPE,COSTA,DISTRITAL,Costa con Población urbana entre 10 mil y 50 mil habitantes,24930.0,18855.0,6075.0,0.5,0.7142857142857142
150205,LIMA ,BARRANCA,SUPE PUERTO,COSTA,DISTRITAL,Costa con Población urbana entre 10 mil y 50 mil habitantes,13257.0,13172.0,85.0,0.63,0.9
150301,LIMA ,CAJATAMBO,CAJATAMBO,SIERRA,PROVINCIAL,Sierra con Población urbana de hasta 10 mil habitantes,2004.0,1661.0,343.0,0.2,0.28571428571428575
150302,LIMA ,CAJATAMBO,COPA,SIERRA,DISTRITAL,Sierra con Población urbana de hasta 10 mil habitantes,854.0,848.0,6.0,0.437675332039757,0.62525047434251
150303,LIMA ,CAJATAMBO,GORGOR,SIERRA,DISTRITAL,Sierra con Población urbana de hasta 10 mil habitantes,1650.0,393.0,1257.0,0.437675332039757,0.62525047434251
150304,LIMA ,CAJATAMBO,HUANCAPON,SIERRA,DISTRITAL,Sierra con Población urbana de hasta 10 mil habitantes,960.0,642.0,318.0,0.437675332039757,0.62525047434251
150305,LIMA ,CAJATAMBO,MANAS,SIERRA,DISTRITAL,Sierra con Población urbana de hasta 10 mil habitantes,976.0,536.0,440.0,0.437675332039757,0.6252504743425101
150401,LIMA ,CANTA,CANTA,SIERRA,PROVINCIAL,Sierra con Población urbana de hasta 10 mil habitantes,2291.0,2149.0,142.0,0.55,0.785714285714286
150402,LIMA ,CANTA,ARAHUAY,SIERRA,DISTRITAL,Sierra con Población urbana de hasta 10 mil habitantes,596.0,289.0,307.0,0.437675332039757,0.6252504743425099
150403,LIMA ,CANTA,HUAMANTANGA,SIERRA,DISTRITAL,Sierra con Población urbana de hasta 10 mil habitantes,661.0,566.0,95.0,0.4203505822563048,0.6005008317947212
150404,LIMA ,CANTA,HUAROS,SIERRA,DISTRITAL,Sierra con Población urbana de hasta 10 mil habitantes,770.0,683.0,87.0,0.22,0.3142857142857143
150405,LIMA ,CANTA,LACHAQUI,SIERRA,DISTRITAL,Sierra con Población urbana de hasta 10 mil habitantes,886.0,687.0,199.0,0.2,0.28571428571428575
150406,LIMA ,CANTA,SAN BUENAVENTURA,SIERRA,DISTRITAL,Sierra con Población urbana de hasta 10 mil habitantes,585.0,546.0,39.0,0.437675332039757,0.62525047434251
150407,LIMA ,CANTA,SANTA ROSA DE QUIVES,SIERRA,DISTRITAL,Sierra con Población urbana de hasta 10 mil habitantes,5893.0,3720.0,2173.0,0.25,0.35714285714285715
150501,LIMA ,CAÑETE,SAN VICENTE DE CAÑETE,COSTA,PROVINCIAL,Costa con Población urbana de más de 50 mil habitantes,57964.0,51173.0,6791.0,0.43,0.6142857142857143
150502,LIMA ,CAÑETE,ASIA,COSTA,DISTRITAL,Costa con Población urbana de hasta 10 mil habitantes,10249.0,9069.0,1180.0,0.52,0.7428571428571428
150503,LIMA ,CAÑETE,CALANGO,COSTA,DISTRITAL,Costa con Población urbana de hasta 10 mil habitantes,2385.0,1092.0,1293.0,0.39,0.5571428571428572
150504,LIMA ,CAÑETE,CERRO AZUL,COSTA,DISTRITAL,Costa con Población urbana de hasta 10 mil habitantes,8453.0,7660.0,793.0,0.32,0.45714285714285724
150505,LIMA ,CAÑETE,CHILCA,COSTA,DISTRITAL,Costa con Población urbana entre 10 mil y 50 mil habitantes,22605.0,21854.0,751.0,0.55,0.7857142857142858
150506,LIMA ,CAÑETE,COAYLLO,COSTA,DISTRITAL,Costa con Población urbana de hasta 10 mil habitantes,1034.0,506.0,528.0,0.49965038738600104,0.7137862676942872
150507,LIMA ,CAÑETE,IMPERIAL,COSTA,DISTRITAL,Costa con Población urbana entre 10 mil y 50 mil habitantes,38239.0,36351.0,1888.0,0.59,0.842857142857143
150508,LIMA ,CAÑETE,LUNAHUANA,COSTA,DISTRITAL,Costa con Población urbana de hasta 10 mil habitantes,4103.0,3652.0,451.0,0.49965038738600104,0.7137862676942873
150509,LIMA ,CAÑETE,MALA,COSTA,DISTRITAL,Costa con Población urbana entre 10 mil y 50 mil habitantes,33062.0,31031.0,2031.0,0.53,0.7571428571428569
150510,LIMA ,CAÑETE,NUEVO IMPERIAL,COSTA,DISTRITAL,Costa con Población urbana entre 10 mil y 50 mil habitantes,27242.0,24659.0,2583.0,0.65,0.9285714285714285
150511,LIMA ,CAÑETE,PACARAN,COSTA,DISTRITAL,Costa con Población urbana de hasta 10 mil habitantes,1677.0,711.0,966.0,0.49965038738600104,0.7137862676942873
150512,LIMA ,CAÑETE,QUILMANA,COSTA,DISTRITAL,Costa con Población urbana entre 10 mil y 50 mil habitantes,15944.0,14049.0,1895.0,0.46,0.6571428571428573
150513,LIMA ,CAÑETE,SAN ANTONIO,COSTA,DISTRITAL,Costa con Población urbana de hasta 10 mil habitantes,4513.0,3755.0,758.0,0.48,0.6857142857142857
150514,LIMA ,CAÑETE,SAN LUIS,COSTA,DISTRITAL,Costa con Población urbana entre 10 mil y 50 mil habitantes,13012.0,12113.0,899.0,0.43,0.6142857142857143
150515,LIMA ,CAÑETE,SANTA CRUZ DE FLORES,COSTA,DISTRITAL,Costa con Población urbana de hasta 10 mil habitantes,3118.0,2445.0,673.0,0.47,0.6714285714285715
150516,LIMA ,CAÑETE,ZUÑIGA,COSTA,DISTRITAL,Costa con Población urbana de hasta 10 mil habitantes,1350.0,883.0,467.0,0.49965038738600104,0.7137862676942873
150601,LIMA ,HUARAL,HUARAL,COSTA,PROVINCIAL,Costa con Población urbana de más de 50 mil habitantes,103183.0,95166.0,8017.0,0.62,0.8857142857142857
150602,LIMA ,HUARAL,ATAVILLOS ALTO,SIERRA,DISTRITAL,Sierra con Población urbana de hasta 10 mil habitantes,675.0,522.0,153.0,0.437675332039757,0.62525047434251
150603,LIMA ,HUARAL,ATAVILLOS BAJO,SIERRA,DISTRITAL,Sierra con Población urbana de hasta 10 mil habitantes,865.0,841.0,24.0,0.437675332039757,0.62525047434251
150604,LIMA ,HUARAL,AUCALLAMA,COSTA,DISTRITAL,Costa con Población urbana entre 10 mil y 50 mil habitantes,20599.0,15229.0,5370.0,0.48,0.6857142857142858
150605,LIMA ,HUARAL,CHANCAY,COSTA,DISTRITAL,Costa con Población urbana de más de 50 mil habitantes,59594.0,55135.0,4459.0,0.56,0.8000000000000002
150606,LIMA ,HUARAL,IHUARI,SIERRA,DISTRITAL,Sierra con Población urbana de hasta 10 mil habitantes,2052.0,954.0,1098.0,0.437675332039757,0.62525047434251
150607,LIMA ,HUARAL,LAMPIAN,SIERRA,DISTRITAL,Sierra con Población urbana de hasta 10 mil habitantes,324.0,299.0,25.0,0.437675332039757,0.6252504743425099
150608,LIMA ,HUARAL,PACARAOS,SIERRA,DISTRITAL,Sierra con Población urbana de hasta 10 mil habitantes,1137.0,1106.0,31.0,0.437675332039757,0.62525047434251
150609,LIMA ,HUARAL,SAN MIGUEL DE ACOS,SIERRA,DISTRITAL,Sierra con Población urbana de hasta 10 mil habitantes,642.0,516.0,126.0,0.44,0.6285714285714286
150610,LIMA ,HUARAL,SANTA CRUZ DE ANDAMARCA,SIERRA,DISTRITAL,Sierra con Población urbana de hasta 10 mil habitantes,788.0,342.0,446.0,0.437675332039757,0.6252504743425101
150611,LIMA ,HUARAL,SUMBILCA,SIERRA,DISTRITAL,Sierra con Población urbana de hasta 10 mil habitantes,698.0,410.0,288.0,0.437675332039757,0.6252504743425101
150612,LIMA ,HUARAL,VEINTISIETE DE NOVIEMBRE,SIERRA,DISTRITAL,Sierra con Población urbana de hasta 10 mil habitantes,397.0,384.0,13.0,0.27,0.3857142857142858
150701,LIMA ,HUAROCHIRI,MATUCANA,SIERRA,PROVINCIAL,Sierra con Población urbana de hasta 10 mil habitantes,4057.0,3303.0,754.0,0.54,0.7714285714285716
150702,LIMA ,HUAROCHIRI,ANTIOQUIA,COSTA,DISTRITAL,Costa con Población urbana de hasta 10 mil habitantes,1246.0,410.0,836.0,0.42,0.5999999999999999
150703,LIMA ,HUAROCHIRI,CALLAHUANCA,SIERRA,DISTRITAL,Sierra con Población urbana de hasta 10 mil habitantes,718.0,588.0,130.0,0.57,0.8142857142857143
150704,LIMA ,HUAROCHIRI,CARAMPOMA,SIERRA,DISTRITAL,Sierra con Población urbana de hasta 10 mil habitantes,322.0,311.0,11.0,0.13,0.1857142857142857
150705,LIMA ,HUAROCHIRI,CHICLA,SIERRA,DISTRITAL,Sierra con Población urbana de hasta 10 mil habitantes,3439.0,2010.0,1429.0,0.57,0.8142857142857142
150706,LIMA ,HUAROCHIRI,CUENCA,SIERRA,DISTRITAL,Sierra con Población urbana de hasta 10 mil habitantes,460.0,126.0,334.0,0.65,0.9285714285714286
150707,LIMA ,HUAROCHIRI,HUACHUPAMPA,SIERRA,DISTRITAL,Sierra con Población urbana de hasta 10 mil habitantes,543.0,529.0,14.0,0.55,0.7857142857142858
150708,LIMA ,HUAROCHIRI,HUANZA,SIERRA,DISTRITAL,Sierra con Población urbana de hasta 10 mil habitantes,784.0,652.0,132.0,0.48,0.6857142857142857
150709,LIMA ,HUAROCHIRI,HUAROCHIRI,SIERRA,DISTRITAL,Sierra con Población urbana de hasta 10 mil habitantes,1282.0,1129.0,153.0,0.5,0.7142857142857143
150710,LIMA ,HUAROCHIRI,LAHUAYTAMBO,SIERRA,DISTRITAL,Sierra con Población urbana de hasta 10 mil habitantes,610.0,293.0,317.0,0.437675332039757,0.6252504743425099
150711,LIMA ,HUAROCHIRI,LANGA,SIERRA,DISTRITAL,Sierra con Población urbana de hasta 10 mil habitantes,863.0,502.0,361.0,0.437675332039757,0.62525047434251
150712,LIMA ,HUAROCHIRI,SAN PEDRO DE LARAOS,SIERRA,DISTRITAL,Sierra con Población urbana de hasta 10 mil habitantes,605.0,581.0,24.0,0.437675332039757,0.62525047434251
150713,LIMA ,HUAROCHIRI,MARIATANA,SIERRA,DISTRITAL,Sierra con Población urbana de hasta 10 mil habitantes,1415.0,282.0,1133.0,0.437675332039757,0.6252504743425099
150714,LIMA ,HUAROCHIRI,RICARDO PALMA,COSTA,DISTRITAL,Costa con Población urbana de hasta 10 mil habitantes,6573.0,6302.0,271.0,0.73,1.0428571428571427
150715,LIMA ,HUAROCHIRI,SAN ANDRES DE TUPICOCHA,SIERRA,DISTRITAL,Sierra con Población urbana de hasta 10 mil habitantes,1331.0,785.0,546.0,0.437675332039757,0.62525047434251
150716,LIMA ,HUAROCHIRI,SAN ANTONIO,COSTA,DISTRITAL,Costa con Población urbana de hasta 10 mil habitantes,5845.0,1423.0,4422.0,0.49965038738600104,0.7137862676942873
150717,LIMA ,HUAROCHIRI,SAN BARTOLOME,SIERRA,DISTRITAL,Sierra con Población urbana de hasta 10 mil habitantes,1125.0,809.0,316.0,0.42,0.6
150718,LIMA ,HUAROCHIRI,SAN DAMIAN,SIERRA,DISTRITAL,Sierra con Población urbana de hasta 10 mil habitantes,1159.0,985.0,174.0,0.437675332039757,0.6252504743425101
150719,LIMA ,HUAROCHIRI,SAN JUAN DE IRIS,SIERRA,DISTRITAL,Sierra con Población urbana de hasta 10 mil habitantes,659.0,654.0,5.0,0.437675332039757,0.6252504743425101
150720,LIMA ,HUAROCHIRI,SAN JUAN DE TANTARANCHE,SIERRA,DISTRITAL,Sierra con Población urbana de hasta 10 mil habitantes,357.0,337.0,20.0,0.4203505822563048,0.600500831794721
150721,LIMA ,HUAROCHIRI,SAN LORENZO DE QUINTI,SIERRA,DISTRITAL,Sierra con Población urbana de hasta 10 mil habitantes,1165.0,1001.0,164.0,0.2,0.28571428571428575
150722,LIMA ,HUAROCHIRI,SAN MATEO,SIERRA,DISTRITAL,Sierra con Población urbana de hasta 10 mil habitantes,4018.0,3525.0,493.0,0.3,0.4285714285714286
150723,LIMA ,HUAROCHIRI,SAN MATEO DE OTAO,SIERRA,DISTRITAL,Sierra con Población urbana de hasta 10 mil habitantes,1379.0,189.0,1190.0,0.437675332039757,0.62525047434251
150724,LIMA ,HUAROCHIRI,SAN PEDRO DE CASTA,SIERRA,DISTRITAL,Sierra con Población urbana de hasta 10 mil habitantes,916.0,709.0,207.0,0.79,1.1285714285714286
150725,LIMA ,HUAROCHIRI,SAN PEDRO DE HUANCAYRE,SIERRA,DISTRITAL,Sierra con Población urbana de hasta 10 mil habitantes,204.0,189.0,15.0,0.4203505822563048,0.6005008317947211
150726,LIMA ,HUAROCHIRI,SANGALLAYA,SIERRA,DISTRITAL,Sierra con Población urbana de hasta 10 mil habitantes,640.0,181.0,459.0,0.437675332039757,0.62525047434251
150727,LIMA ,HUAROCHIRI,SANTA CRUZ DE COCACHACRA,SIERRA,DISTRITAL,Sierra con Población urbana de hasta 10 mil habitantes,2617.0,2362.0,255.0,0.22,0.3142857142857143
150728,LIMA ,HUAROCHIRI,SANTA EULALIA,COSTA,DISTRITAL,Costa con Población urbana entre 10 mil y 50 mil habitantes,13124.0,12489.0,635.0,0.51,0.7285714285714286
150729,LIMA ,HUAROCHIRI,SANTIAGO DE ANCHUCAYA,SIERRA,DISTRITAL,Sierra con Población urbana de hasta 10 mil habitantes,299.0,295.0,4.0,0.4203505822563048,0.600500831794721
150730,LIMA ,HUAROCHIRI,SANTIAGO DE TUNA,SIERRA,DISTRITAL,Sierra con Población urbana de hasta 10 mil habitantes,399.0,322.0,77.0,0.57,0.8142857142857143
150731,LIMA ,HUAROCHIRI,SANTO DOMINGO DE LOS OLLEROS,COSTA,DISTRITAL,Costa con Población urbana de hasta 10 mil habitantes,3306.0,559.0,2747.0,0.49965038738600104,0.7137862676942872
150732,LIMA ,HUAROCHIRI,SURCO,SIERRA,DISTRITAL,Sierra con Población urbana de hasta 10 mil habitantes,1411.0,1040.0,371.0,0.437675332039757,0.62525047434251
150801,LIMA ,HUAURA,HUACHO,COSTA,PROVINCIAL,Costa con Población urbana de más de 50 mil habitantes,67213.0,66635.0,578.0,0.75,1.0714285714285716
150802,LIMA ,HUAURA,AMBAR,COSTA,DISTRITAL,Costa con Población urbana de hasta 10 mil habitantes,2107.0,402.0,1705.0,0.49965038738600104,0.7137862676942873
150803,LIMA ,HUAURA,CALETA DE CARQUIN,COSTA,DISTRITAL,Costa con Población urbana de hasta 10 mil habitantes,8233.0,8131.0,102.0,0.53,0.7571428571428571
150804,LIMA ,HUAURA,CHECRAS,SIERRA,DISTRITAL,Sierra con Población urbana de hasta 10 mil habitantes,888.0,516.0,372.0,0.437675332039757,0.62525047434251
150805,LIMA ,HUAURA,HUALMAY,COSTA,DISTRITAL,Costa con Población urbana entre 10 mil y 50 mil habitantes,28163.0,28082.0,81.0,0.51,0.7285714285714284
150806,LIMA ,HUAURA,HUAURA,COSTA,DISTRITAL,Costa con Población urbana entre 10 mil y 50 mil habitantes,35707.0,32140.0,3567.0,0.43,0.6142857142857142
150807,LIMA ,HUAURA,LEONCIO PRADO,SIERRA,DISTRITAL,Sierra con Población urbana de hasta 10 mil habitantes,1933.0,499.0,1434.0,0.41,0.5857142857142857
150808,LIMA ,HUAURA,PACCHO,SIERRA,DISTRITAL,Sierra con Población urbana de hasta 10 mil habitantes,1534.0,924.0,610.0,0.437675332039757,0.62525047434251
150809,LIMA ,HUAURA,SANTA LEONOR,SIERRA,DISTRITAL,Sierra con Población urbana de hasta 10 mil habitantes,766.0,482.0,284.0,0.437675332039757,0.62525047434251
150810,LIMA ,HUAURA,SANTA MARIA,COSTA,DISTRITAL,Costa con Población urbana entre 10 mil y 50 mil habitantes,38124.0,35646.0,2478.0,0.54,0.7714285714285714
150811,LIMA ,HUAURA,SAYAN,COSTA,DISTRITAL,Costa con Población urbana entre 10 mil y 50 mil habitantes,24094.0,16180.0,7914.0,0.65,0.9285714285714285
150812,LIMA ,HUAURA,VEGUETA,COSTA,DISTRITAL,Costa con Población urbana entre 10 mil y 50 mil habitantes,27118.0,23484.0,3634.0,0.46,0.6571428571428574
150901,LIMA ,OYON,OYON,SIERRA,PROVINCIAL,Sierra con Población urbana de hasta 10 mil habitantes,11933.0,9894.0,2039.0,0.39,0.5571428571428573
150902,LIMA ,OYON,ANDAJES,SIERRA,DISTRITAL,Sierra con Población urbana de hasta 10 mil habitantes,517.0,351.0,166.0,0.43,0.6142857142857144
150903,LIMA ,OYON,CAUJUL,SIERRA,DISTRITAL,Sierra con Población urbana de hasta 10 mil habitantes,547.0,218.0,329.0,0.437675332039757,0.62525047434251
150904,LIMA ,OYON,COCHAMARCA,SIERRA,DISTRITAL,Sierra con Población urbana de hasta 10 mil habitantes,1054.0,335.0,719.0,0.4203505822563048,0.600500831794721
150905,LIMA ,OYON,NAVAN,SIERRA,DISTRITAL,Sierra con Población urbana de hasta 10 mil habitantes,840.0,259.0,581.0,0.437675332039757,0.6252504743425099
150906,LIMA ,OYON,PACHANGARA,SIERRA,DISTRITAL,Sierra con Población urbana de hasta 10 mil habitantes,2422.0,1961.0,461.0,0.7,1
151001,LIMA ,YAUYOS,YAUYOS,SIERRA,PROVINCIAL,Sierra con Población urbana de hasta 10 mil habitantes,1353.0,1143.0,210.0,0.8,1.142857142857143
151002,LIMA ,YAUYOS,ALIS,SIERRA,DISTRITAL,Sierra con Población urbana de hasta 10 mil habitantes,1479.0,240.0,1239.0,0.437675332039757,0.6252504743425101
151003,LIMA ,YAUYOS,AYAUCA,SIERRA,DISTRITAL,Sierra con Población urbana de hasta 10 mil habitantes,1111.0,489.0,622.0,0.437675332039757,0.62525047434251
151004,LIMA ,YAUYOS,AYAVIRI,SIERRA,DISTRITAL,Sierra con Población urbana de hasta 10 mil habitantes,533.0,510.0,23.0,0.52,0.7428571428571429
151005,LIMA ,YAUYOS,AZANGARO,SIERRA,DISTRITAL,Sierra con Población urbana de hasta 10 mil habitantes,423.0,136.0,287.0,0.437675332039757,0.62525047434251
151006,LIMA ,YAUYOS,CACRA,SIERRA,DISTRITAL,Sierra con Población urbana de hasta 10 mil habitantes,523.0,212.0,311.0,0.437675332039757,0.62525047434251
151007,LIMA ,YAUYOS,CARANIA,SIERRA,DISTRITAL,Sierra con Población urbana de hasta 10 mil habitantes,160.0,122.0,38.0,1.04,1.4857142857142858
151008,LIMA ,YAUYOS,CATAHUASI,SIERRA,DISTRITAL,Sierra con Población urbana de hasta 10 mil habitantes,1074.0,727.0,347.0,0.437675332039757,0.62525047434251
151009,LIMA ,YAUYOS,CHOCOS,SIERRA,DISTRITAL,Sierra con Población urbana de hasta 10 mil habitantes,790.0,258.0,532.0,0.4203505822563048,0.6005008317947212
151010,LIMA ,YAUYOS,COCHAS,SIERRA,DISTRITAL,Sierra con Población urbana de hasta 10 mil habitantes,219.0,206.0,13.0,0.437675332039757,0.62525047434251
151011,LIMA ,YAUYOS,COLONIA,SIERRA,DISTRITAL,Sierra con Población urbana de hasta 10 mil habitantes,1112.0,424.0,688.0,0.437675332039757,0.62525047434251
151012,LIMA ,YAUYOS,HONGOS,SIERRA,DISTRITAL,Sierra con Población urbana de hasta 10 mil habitantes,327.0,294.0,33.0,0.57,0.8142857142857143
151013,LIMA ,YAUYOS,HUAMPARA,SIERRA,DISTRITAL,Sierra con Población urbana de hasta 10 mil habitantes,145.0,136.0,9.0,0.437675332039757,0.62525047434251
151014,LIMA ,YAUYOS,HUANCAYA,SIERRA,DISTRITAL,Sierra con Población urbana de hasta 10 mil habitantes,547.0,473.0,74.0,0.47,0.6714285714285714
151015,LIMA ,YAUYOS,HUANGASCAR,SIERRA,DISTRITAL,Sierra con Población urbana de hasta 10 mil habitantes,650.0,373.0,277.0,0.437675332039757,0.62525047434251
151016,LIMA ,YAUYOS,HUANTAN,SIERRA,DISTRITAL,Sierra con Población urbana de hasta 10 mil habitantes,938.0,603.0,335.0,0.437675332039757,0.62525047434251
151017,LIMA ,YAUYOS,HUAÑEC,SIERRA,DISTRITAL,Sierra con Población urbana de hasta 10 mil habitantes,442.0,412.0,30.0,0.437675332039757,0.62525047434251
151018,LIMA ,YAUYOS,LARAOS,SIERRA,DISTRITAL,Sierra con Población urbana de hasta 10 mil habitantes,546.0,386.0,160.0,0.21,0.3000000000000001
151019,LIMA ,YAUYOS,LINCHA,SIERRA,DISTRITAL,Sierra con Población urbana de hasta 10 mil habitantes,436.0,122.0,314.0,0.437675332039757,0.6252504743425099
151020,LIMA ,YAUYOS,MADEAN,SIERRA,DISTRITAL,Sierra con Población urbana de hasta 10 mil habitantes,553.0,198.0,355.0,0.437675332039757,0.6252504743425099
151021,LIMA ,YAUYOS,MIRAFLORES,SIERRA,DISTRITAL,Sierra con Población urbana de hasta 10 mil habitantes,225.0,180.0,45.0,1.15,1.6428571428571428
151022,LIMA ,YAUYOS,OMAS,SIERRA,DISTRITAL,Sierra con Población urbana de hasta 10 mil habitantes,620.0,359.0,261.0,0.437675332039757,0.62525047434251
151023,LIMA ,YAUYOS,PUTINZA,SIERRA,DISTRITAL,Sierra con Población urbana de hasta 10 mil habitantes,512.0,465.0,47.0,0.437675332039757,0.6252504743425099
151024,LIMA ,YAUYOS,QUINCHES,SIERRA,DISTRITAL,Sierra con Población urbana de hasta 10 mil habitantes,591.0,397.0,194.0,0.437675332039757,0.62525047434251
151025,LIMA ,YAUYOS,QUINOCAY,SIERRA,DISTRITAL,Sierra con Población urbana de hasta 10 mil habitantes,427.0,362.0,65.0,0.437675332039757,0.62525047434251
151026,LIMA ,YAUYOS,SAN JOAQUIN,SIERRA,DISTRITAL,Sierra con Población urbana de hasta 10 mil habitantes,163.0,137.0,26.0,0.56,0.8000000000000002
151027,LIMA ,YAUYOS,SAN PEDRO DE PILAS,SIERRA,DISTRITAL,Sierra con Población urbana de hasta 10 mil habitantes,277.0,215.0,62.0,0.437675332039757,0.62525047434251
151028,LIMA ,YAUYOS,TANTA,SIERRA,DISTRITAL,Sierra con Población urbana de hasta 10 mil habitantes,502.0,487.0,15.0,0.437675332039757,0.62525047434251
151029,LIMA ,YAUYOS,TAURIPAMPA,SIERRA,DISTRITAL,Sierra con Población urbana de hasta 10 mil habitantes,496.0,367.0,129.0,0.437675332039757,0.6252504743425101
151030,LIMA ,YAUYOS,TOMAS,SIERRA,DISTRITAL,Sierra con Población urbana de hasta 10 mil habitantes,512.0,233.0,279.0,0.437675332039757,0.6252504743425099
151031,LIMA ,YAUYOS,TUPE,SIERRA,DISTRITAL,Sierra con Población urbana de hasta 10 mil habitantes,501.0,291.0,210.0,0.437675332039757,0.6252504743425101
151032,LIMA ,YAUYOS,VIÑAC,SIERRA,DISTRITAL,Sierra con Población urbana de hasta 10 mil habitantes,1634.0,612.0,1022.0,0.437675332039757,0.6252504743425101
151033,LIMA ,YAUYOS,VITIS,SIERRA,DISTRITAL,Sierra con Población urbana de hasta 10 mil habitantes,287.0,275.0,12.0,0.35,0.5000000000000001
160101,LORETO,MAYNAS,IQUITOS,SELVA,PROVINCIAL,Selva con Población urbana de más de 50 mil habitantes,163209.0,161138.0,2071.0,0.59,0.842857142857143
160102,LORETO,MAYNAS,ALTO NANAY,SELVA,DISTRITAL,Selva con Población urbana de hasta 10 mil habitantes,3219.0,756.0,2463.0,0.5413538747534213,0.7733626782191735
160103,LORETO,MAYNAS,FERNANDO LORES,SELVA,DISTRITAL,Selva con Población urbana de hasta 10 mil habitantes,14627.0,6296.0,8331.0,0.72,1.0285714285714287
160104,LORETO,MAYNAS,INDIANA,SELVA,DISTRITAL,Selva con Población urbana de hasta 10 mil habitantes,11760.0,4369.0,7391.0,0.52,0.7428571428571428
160105,LORETO,MAYNAS,LAS AMAZONAS,SELVA,DISTRITAL,Selva con Población urbana de hasta 10 mil habitantes,8680.0,2725.0,5955.0,0.5413538747534213,0.7733626782191734
160106,LORETO,MAYNAS,MAZAN,SELVA,DISTRITAL,Selva con Población urbana de hasta 10 mil habitantes,14014.0,5293.0,8721.0,0.5413538747534213,0.7733626782191735
160107,LORETO,MAYNAS,NAPO,SELVA,DISTRITAL,Selva con Población urbana de hasta 10 mil habitantes,17379.0,4074.0,13305.0,0.5413538747534213,0.7733626782191734
160108,LORETO,MAYNAS,PUNCHANA,SELVA,DISTRITAL,Selva con Población urbana de más de 50 mil habitantes,87876.0,80753.0,7123.0,0.57,0.8142857142857143
160110,LORETO,MAYNAS,TORRES CAUSANA,SELVA,DISTRITAL,Selva con Población urbana de hasta 10 mil habitantes,5045.0,512.0,4533.0,0.5413538747534213,0.7733626782191734
160112,LORETO,MAYNAS,BELEN,SELVA,DISTRITAL,Selva con Población urbana de más de 50 mil habitantes,70855.0,62051.0,8804.0,0.67,0.9571428571428572
160113,LORETO,MAYNAS,SAN JUAN BAUTISTA,SELVA,DISTRITAL,Selva con Población urbana de más de 50 mil habitantes,147951.0,131873.0,16078.0,0.65,0.9285714285714286
160201,LORETO,ALTO AMAZONAS,YURIMAGUAS,SELVA,PROVINCIAL,Selva con Población urbana de más de 50 mil habitantes,100176.0,82505.0,17671.0,0.77,1.1
160202,LORETO,ALTO AMAZONAS,BALSAPUERTO,SELVA,DISTRITAL,Selva con Población urbana de hasta 10 mil habitantes,16738.0,1160.0,15578.0,0.5469320757800004,0.7813315368285719
160205,LORETO,ALTO AMAZONAS,JEBEROS,SELVA,DISTRITAL,Selva con Población urbana de hasta 10 mil habitantes,4620.0,2574.0,2046.0,0.5413538747534213,0.7733626782191734
160206,LORETO,ALTO AMAZONAS,LAGUNAS,SELVA,DISTRITAL,Selva con Población urbana de hasta 10 mil habitantes,13658.0,8725.0,4933.0,0.5469320757800004,0.7813315368285718
160210,LORETO,ALTO AMAZONAS,SANTA CRUZ,SELVA,DISTRITAL,Selva con Población urbana de hasta 10 mil habitantes,4260.0,894.0,3366.0,0.5413538747534213,0.7733626782191734
160211,LORETO,ALTO AMAZONAS,TENIENTE CESAR LOPEZ ROJAS,SELVA,DISTRITAL,Selva con Población urbana de hasta 10 mil habitantes,6194.0,3413.0,2781.0,0.5413538747534213,0.7733626782191735
160301,LORETO,LORETO,NAUTA,SELVA,PROVINCIAL,Selva con Población urbana entre 10 mil y 50 mil habitantes,33114.0,22633.0,10481.0,0.7528313537539557,1.0754733625056512
160302,LORETO,LORETO,PARINARI,SELVA,DISTRITAL,Selva con Población urbana de hasta 10 mil habitantes,6355.0,1520.0,4835.0,0.5413538747534213,0.7733626782191735
160303,LORETO,LORETO,TIGRE,SELVA,DISTRITAL,Selva con Población urbana de hasta 10 mil habitantes,7549.0,2130.0,5419.0,0.5413538747534213,0.7733626782191735
160304,LORETO,LORETO,TROMPETEROS,SELVA,DISTRITAL,Selva con Población urbana de hasta 10 mil habitantes,10466.0,2699.0,7767.0,0.5413538747534213,0.7733626782191734
160305,LORETO,LORETO,URARINAS,SELVA,DISTRITAL,Selva con Población urbana de hasta 10 mil habitantes,13556.0,2905.0,10651.0,0.5413538747534213,0.7733626782191733
160401,LORETO,MARISCAL RAMON CASTILLA,RAMON CASTILLA,SELVA,PROVINCIAL,Selva con Población urbana entre 10 mil y 50 mil habitantes,23378.0,12584.0,10794.0,0.7,1
160402,LORETO,MARISCAL RAMON CASTILLA,PEBAS,SELVA,DISTRITAL,Selva con Población urbana de hasta 10 mil habitantes,12771.0,4009.0,8762.0,0.635,0.9071428571428573
160403,LORETO,MARISCAL RAMON CASTILLA,YAVARI,SELVA,DISTRITAL,Selva con Población urbana de hasta 10 mil habitantes,10054.0,1933.0,8121.0,1,1.4285714285714286
160404,LORETO,MARISCAL RAMON CASTILLA,SAN PABLO,SELVA,DISTRITAL,Selva con Población urbana de hasta 10 mil habitantes,12639.0,3657.0,8982.0,0.615,0.8785714285714287
160501,LORETO,REQUENA,REQUENA,SELVA,PROVINCIAL,Selva con Población urbana entre 10 mil y 50 mil habitantes,27856.0,24922.0,2934.0,0.65,0.9285714285714288
160502,LORETO,REQUENA,ALTO TAPICHE,SELVA,DISTRITAL,Selva con Población urbana de hasta 10 mil habitantes,1654.0,677.0,977.0,0.5413538747534213,0.7733626782191734
160503,LORETO,REQUENA,CAPELO,SELVA,DISTRITAL,Selva con Población urbana de hasta 10 mil habitantes,2514.0,1679.0,835.0,0.5413538747534213,0.7733626782191734
160504,LORETO,REQUENA,EMILIO SAN MARTIN,SELVA,DISTRITAL,Selva con Población urbana de hasta 10 mil habitantes,6865.0,2934.0,3931.0,0.5413538747534213,0.7733626782191734
160505,LORETO,REQUENA,MAQUIA,SELVA,DISTRITAL,Selva con Población urbana de hasta 10 mil habitantes,8608.0,2780.0,5828.0,0.5413538747534213,0.7733626782191734
160506,LORETO,REQUENA,PUINAHUA,SELVA,DISTRITAL,Selva con Población urbana de hasta 10 mil habitantes,4670.0,2476.0,2194.0,0.5469320757800004,0.7813315368285719
160507,LORETO,REQUENA,SAQUENA,SELVA,DISTRITAL,Selva con Población urbana de hasta 10 mil habitantes,3344.0,1054.0,2290.0,0.5413538747534213,0.7733626782191734
160508,LORETO,REQUENA,SOPLIN,SELVA,DISTRITAL,Selva con Población urbana de hasta 10 mil habitantes,688.0,236.0,452.0,0.5413538747534213,0.7733626782191735
160509,LORETO,REQUENA,TAPICHE,SELVA,DISTRITAL,Selva con Población urbana de hasta 10 mil habitantes,959.0,516.0,443.0,0.5413538747534213,0.7733626782191735
160510,LORETO,REQUENA,JENARO HERRERA,SELVA,DISTRITAL,Selva con Población urbana de hasta 10 mil habitantes,5095.0,3963.0,1132.0,0.26152826510721244,0.3736118072960177
160511,LORETO,REQUENA,YAQUERANA,SELVA,DISTRITAL,Selva con Población urbana de hasta 10 mil habitantes,2274.0,834.0,1440.0,0.5413538747534213,0.7733626782191734
160601,LORETO,UCAYALI,CONTAMANA,SELVA,PROVINCIAL,Selva con Población urbana entre 10 mil y 50 mil habitantes,27856.0,19927.0,7929.0,0.8,1.142857142857143
160602,LORETO,UCAYALI,INAHUAYA,SELVA,DISTRITAL,Selva con Población urbana de hasta 10 mil habitantes,1768.0,1024.0,744.0,0.5413538747534213,0.7733626782191734
160603,LORETO,UCAYALI,PADRE MARQUEZ,SELVA,DISTRITAL,Selva con Población urbana de hasta 10 mil habitantes,3637.0,1462.0,2175.0,0.5413538747534213,0.7733626782191734
160604,LORETO,UCAYALI,PAMPA HERMOSA,SELVA,DISTRITAL,Selva con Población urbana de hasta 10 mil habitantes,6286.0,1760.0,4526.0,0.5413538747534213,0.7733626782191734
160605,LORETO,UCAYALI,SARAYACU,SELVA,DISTRITAL,Selva con Población urbana de hasta 10 mil habitantes,15251.0,5851.0,9400.0,0.5413538747534213,0.7733626782191734
160606,LORETO,UCAYALI,VARGAS GUERRA,SELVA,DISTRITAL,Selva con Población urbana de hasta 10 mil habitantes,7597.0,6321.0,1276.0,0.39,0.5571428571428572
160701,LORETO,DATEM DEL MARAÑON ,BARRANCA,SELVA,PROVINCIAL,Selva con Población urbana entre 10 mil y 50 mil habitantes,15600.0,10411.0,5189.0,0.6330956499387772,0.9044223570553961
160702,LORETO,DATEM DEL MARAÑON ,CAHUAPANAS,SELVA,DISTRITAL,Selva con Población urbana de hasta 10 mil habitantes,7857.0,989.0,6868.0,0.5413538747534213,0.7733626782191734
160703,LORETO,DATEM DEL MARAÑON ,MANSERICHE,SELVA,DISTRITAL,Selva con Población urbana de hasta 10 mil habitantes,9428.0,3072.0,6356.0,0.5413538747534213,0.7733626782191735
160704,LORETO,DATEM DEL MARAÑON ,MORONA,SELVA,DISTRITAL,Selva con Población urbana de hasta 10 mil habitantes,4690.0,2053.0,2637.0,0.67,0.9571428571428572
160705,LORETO,DATEM DEL MARAÑON ,PASTAZA,SELVA,DISTRITAL,Selva con Población urbana de hasta 10 mil habitantes,6176.0,2263.0,3913.0,0.5469320757800004,0.7813315368285718
160706,LORETO,DATEM DEL MARAÑON ,ANDOAS,SELVA,DISTRITAL,Selva con Población urbana de hasta 10 mil habitantes,15198.0,1824.0,13374.0,0.5413538747534213,0.7733626782191735
160801,LORETO,PUTUMAYO  ,PUTUMAYO,SELVA,PROVINCIAL,Selva con Población urbana de hasta 10 mil habitantes,4346.0,3599.0,747.0,0.7211545209591506,1.0302207442273579
160802,LORETO,PUTUMAYO   ,ROSA PANDURO,SELVA,DISTRITAL,Selva con Población urbana de hasta 10 mil habitantes,615.0,289.0,326.0,0.5413538747534213,0.7733626782191735
160803,LORETO,PUTUMAYO   ,TENIENTE MANUEL CLAVERO,SELVA,DISTRITAL,Selva con Población urbana de hasta 10 mil habitantes,2710.0,610.0,2100.0,0.5413538747534213,0.7733626782191734
160804,LORETO,PUTUMAYO,YAGUAS,SELVA,DISTRITAL,Selva con Población urbana de hasta 10 mil habitantes,1527.0,220.0,1307.0,0.5413538747534213,0.7733626782191734
170101,MADRE DE DIOS,TAMBOPATA,TAMBOPATA,SELVA,PROVINCIAL,Selva con Población urbana de más de 50 mil habitantes,96463.0,92745.0,3718.0,0.54,0.7714285714285716
170102,MADRE DE DIOS,TAMBOPATA,INAMBARI,SELVA,DISTRITAL,Selva con Población urbana de hasta 10 mil habitantes,14442.0,9559.0,4883.0,0.435,0.6214285714285714
170103,MADRE DE DIOS,TAMBOPATA,LAS PIEDRAS,SELVA,DISTRITAL,Selva con Población urbana entre 10 mil y 50 mil habitantes,16939.0,14632.0,2307.0,0.5508039826103847,0.7868628323005498
170104,MADRE DE DIOS,TAMBOPATA,LABERINTO,SELVA,DISTRITAL,Selva con Población urbana de hasta 10 mil habitantes,6384.0,5068.0,1316.0,0.39,0.5571428571428572
170201,MADRE DE DIOS,MANU,MANU,SELVA,PROVINCIAL,Selva con Población urbana de hasta 10 mil habitantes,2403.0,1245.0,1158.0,0.32,0.45714285714285724
170202,MADRE DE DIOS,MANU,FITZCARRALD,SELVA,DISTRITAL,Selva con Población urbana de hasta 10 mil habitantes,1528.0,159.0,1369.0,0.5413538747534213,0.7733626782191734
170203,MADRE DE DIOS,MANU,MADRE DE DIOS,SELVA,DISTRITAL,Selva con Población urbana de hasta 10 mil habitantes,6790.0,2323.0,4467.0,0.5413538747534213,0.7733626782191735
170204,MADRE DE DIOS,MANU,HUEPETUHE,SELVA,DISTRITAL,Selva con Población urbana de hasta 10 mil habitantes,10375.0,7784.0,2591.0,0.74,1.0571428571428572
170301,MADRE DE DIOS,TAHUAMANU,IÑAPARI,SELVA,PROVINCIAL,Selva con Población urbana de hasta 10 mil habitantes,3030.0,2349.0,681.0,0.33,0.4714285714285715
170302,MADRE DE DIOS,TAHUAMANU,IBERIA,SELVA,DISTRITAL,Selva con Población urbana de hasta 10 mil habitantes,5900.0,5622.0,278.0,0.42,0.5999999999999999
170303,MADRE DE DIOS,TAHUAMANU,TAHUAMANU,SELVA,DISTRITAL,Selva con Población urbana de hasta 10 mil habitantes,3420.0,1805.0,1615.0,0.31,0.44285714285714295
180101,MOQUEGUA,MARISCAL NIETO,MOQUEGUA,COSTA,PROVINCIAL,Costa con Población urbana de más de 50 mil habitantes,72538.0,70225.0,2313.0,0.5,0.7142857142857143
180102,MOQUEGUA,MARISCAL NIETO,CARUMAS,SIERRA,DISTRITAL,Sierra con Población urbana de hasta 10 mil habitantes,2322.0,1362.0,960.0,0.437675332039757,0.6252504743425099
180103,MOQUEGUA,MARISCAL NIETO,CUCHUMBAYA,SIERRA,DISTRITAL,Sierra con Población urbana de hasta 10 mil habitantes,756.0,587.0,169.0,0.437675332039757,0.62525047434251
180104,MOQUEGUA,MARISCAL NIETO,SAMEGUA,COSTA,DISTRITAL,Costa con Población urbana de hasta 10 mil habitantes,9528.0,8813.0,715.0,0.49,0.7
180105,MOQUEGUA,MARISCAL NIETO,SAN CRISTOBAL,SIERRA,DISTRITAL,Sierra con Población urbana de hasta 10 mil habitantes,1668.0,1592.0,76.0,0.437675332039757,0.62525047434251
180106,MOQUEGUA,MARISCAL NIETO,TORATA,SIERRA,DISTRITAL,Sierra con Población urbana de hasta 10 mil habitantes,6757.0,3401.0,3356.0,0.437675332039757,0.6252504743425101
180201,MOQUEGUA,GENERAL SANCHEZ CERRO,OMATE,SIERRA,PROVINCIAL,Sierra con Población urbana de hasta 10 mil habitantes,3198.0,2257.0,941.0,0.45,0.6428571428571429
180202,MOQUEGUA,GENERAL SANCHEZ CERRO,CHOJATA,SIERRA,DISTRITAL,Sierra con Población urbana de hasta 10 mil habitantes,644.0,309.0,335.0,0.437675332039757,0.62525047434251
180203,MOQUEGUA,GENERAL SANCHEZ CERRO,COALAQUE,SIERRA,DISTRITAL,Sierra con Población urbana de hasta 10 mil habitantes,996.0,354.0,642.0,0.437675332039757,0.62525047434251
180204,MOQUEGUA,GENERAL SANCHEZ CERRO,ICHUÑA,SIERRA,DISTRITAL,Sierra con Población urbana de hasta 10 mil habitantes,3111.0,826.0,2285.0,0.437675332039757,0.62525047434251
180205,MOQUEGUA,GENERAL SANCHEZ CERRO,LA CAPILLA,SIERRA,DISTRITAL,Sierra con Población urbana de hasta 10 mil habitantes,600.0,111.0,489.0,0.437675332039757,0.62525047434251
180206,MOQUEGUA,GENERAL SANCHEZ CERRO,LLOQUE,SIERRA,DISTRITAL,Sierra con Población urbana de hasta 10 mil habitantes,538.0,467.0,71.0,0.437675332039757,0.6252504743425099
180207,MOQUEGUA,GENERAL SANCHEZ CERRO,MATALAQUE,SIERRA,DISTRITAL,Sierra con Población urbana de hasta 10 mil habitantes,436.0,167.0,269.0,0.437675332039757,0.62525047434251
180208,MOQUEGUA,GENERAL SANCHEZ CERRO,PUQUINA,SIERRA,DISTRITAL,Sierra con Población urbana de hasta 10 mil habitantes,2568.0,1918.0,650.0,0.437675332039757,0.62525047434251
180209,MOQUEGUA,GENERAL SANCHEZ CERRO,QUINISTAQUILLAS,SIERRA,DISTRITAL,Sierra con Población urbana de hasta 10 mil habitantes,513.0,316.0,197.0,0.437675332039757,0.6252504743425101
180210,MOQUEGUA,GENERAL SANCHEZ CERRO,UBINAS,SIERRA,DISTRITAL,Sierra con Población urbana de hasta 10 mil habitantes,1697.0,938.0,759.0,0.437675332039757,0.6252504743425099
180211,MOQUEGUA,GENERAL SANCHEZ CERRO,YUNGA,SIERRA,DISTRITAL,Sierra con Población urbana de hasta 10 mil habitantes,874.0,530.0,344.0,0.437675332039757,0.62525047434251
180301,MOQUEGUA,ILO,ILO,COSTA,PROVINCIAL,Costa con Población urbana de más de 50 mil habitantes,70640.0,70230.0,410.0,0.42,0.5999999999999999
180302,MOQUEGUA,ILO,EL ALGARROBAL,COSTA,DISTRITAL,Costa con Población urbana de hasta 10 mil habitantes,5690.0,5651.0,39.0,0.4,0.5714285714285715
180303,MOQUEGUA,ILO,PACOCHA,COSTA,DISTRITAL,Costa con Población urbana de hasta 10 mil habitantes,4707.0,4689.0,18.0,0.45,0.6428571428571429
190101,PASCO,PASCO,CHAUPIMARCA,SIERRA,PROVINCIAL,Sierra con Población urbana entre 10 mil y 50 mil habitantes,27139.0,27108.0,31.0,0.27,0.3857142857142858
190102,PASCO,PASCO,HUACHON,SIERRA,DISTRITAL,Sierra con Población urbana de hasta 10 mil habitantes,4621.0,3024.0,1597.0,0.54,0.7714285714285714
190103,PASCO,PASCO,HUARIACA,SIERRA,DISTRITAL,Sierra con Población urbana de hasta 10 mil habitantes,7037.0,6487.0,550.0,0.44,0.6285714285714287
190104,PASCO,PASCO,HUAYLLAY,SIERRA,DISTRITAL,Sierra con Población urbana de hasta 10 mil habitantes,9585.0,7046.0,2539.0,0.26,0.3714285714285714
190105,PASCO,PASCO,NINACACA,SIERRA,DISTRITAL,Sierra con Población urbana de hasta 10 mil habitantes,4132.0,2920.0,1212.0,0.21,0.3
190106,PASCO,PASCO,PALLANCHACRA,SIERRA,DISTRITAL,Sierra con Población urbana de hasta 10 mil habitantes,1655.0,619.0,1036.0,0.4203505822563048,0.6005008317947211
190107,PASCO,PASCO,PAUCARTAMBO,SIERRA,DISTRITAL,Sierra con Población urbana de hasta 10 mil habitantes,10520.0,7493.0,3027.0,0.593,0.8471428571428573
190108,PASCO,PASCO,SAN FRANCISCO DE ASIS DE YARUSYACAN,SIERRA,DISTRITAL,Sierra con Población urbana de hasta 10 mil habitantes,4155.0,2203.0,1952.0,0.404,0.5771428571428572
190109,PASCO,PASCO,SIMON BOLIVAR,SIERRA,DISTRITAL,Sierra con Población urbana entre 10 mil y 50 mil habitantes,12846.0,11961.0,885.0,0.33,0.4714285714285715
190110,PASCO,PASCO,TICLACAYAN,SIERRA,DISTRITAL,Sierra con Población urbana de hasta 10 mil habitantes,3069.0,1079.0,1990.0,0.3,0.4285714285714286
190111,PASCO,PASCO,TINYAHUARCO,SIERRA,DISTRITAL,Sierra con Población urbana de hasta 10 mil habitantes,7196.0,7108.0,88.0,0.316,0.4514285714285715
190112,PASCO,PASCO,VICCO,SIERRA,DISTRITAL,Sierra con Población urbana de hasta 10 mil habitantes,3714.0,3510.0,204.0,0.2,0.2857142857142857
190113,PASCO,PASCO,YANACANCHA,SIERRA,DISTRITAL,Sierra con Población urbana entre 10 mil y 50 mil habitantes,31302.0,29247.0,2055.0,0.33,0.4714285714285715
190201,PASCO,DANIEL ALCIDES CARRION,YANAHUANCA,SIERRA,PROVINCIAL,Sierra con Población urbana de hasta 10 mil habitantes,11718.0,9030.0,2688.0,0.39,0.5571428571428572
190202,PASCO,DANIEL ALCIDES CARRION,CHACAYAN,SIERRA,DISTRITAL,Sierra con Población urbana de hasta 10 mil habitantes,1935.0,1483.0,452.0,0.44,0.6285714285714287
190203,PASCO,DANIEL ALCIDES CARRION,GOYLLARISQUIZGA,SIERRA,DISTRITAL,Sierra con Población urbana de hasta 10 mil habitantes,1509.0,1311.0,198.0,0.49,0.7
190204,PASCO,DANIEL ALCIDES CARRION,PAUCAR,SIERRA,DISTRITAL,Sierra con Población urbana de hasta 10 mil habitantes,1815.0,1447.0,368.0,0.18,0.2571428571428571
190205,PASCO,DANIEL ALCIDES CARRION,SAN PEDRO DE PILLAO,SIERRA,DISTRITAL,Sierra con Población urbana de hasta 10 mil habitantes,1403.0,1154.0,249.0,0.22,0.3142857142857143
190206,PASCO,DANIEL ALCIDES CARRION,SANTA ANA DE TUSI,SIERRA,DISTRITAL,Sierra con Población urbana de hasta 10 mil habitantes,23495.0,4425.0,19070.0,0.22,0.31428571428571433
190207,PASCO,DANIEL ALCIDES CARRION,TAPUC,SIERRA,DISTRITAL,Sierra con Población urbana de hasta 10 mil habitantes,2288.0,2151.0,137.0,0.32,0.45714285714285724
190208,PASCO,DANIEL ALCIDES CARRION,VILCABAMBA,SIERRA,DISTRITAL,Sierra con Población urbana de hasta 10 mil habitantes,2085.0,1491.0,594.0,0.437675332039757,0.62525047434251
190301,PASCO,OXAPAMPA,OXAPAMPA,SELVA,PROVINCIAL,Selva con Población urbana entre 10 mil y 50 mil habitantes,17006.0,11738.0,5268.0,0.43,0.6142857142857144
190302,PASCO,OXAPAMPA,CHONTABAMBA,SELVA,DISTRITAL,Selva con Población urbana de hasta 10 mil habitantes,6110.0,3011.0,3099.0,0.5469320757800004,0.7813315368285719
190303,PASCO,OXAPAMPA,HUANCABAMBA,SELVA,DISTRITAL,Selva con Población urbana de hasta 10 mil habitantes,6986.0,3092.0,3894.0,0.41,0.5857142857142857
190304,PASCO,OXAPAMPA,PALCAZU,SELVA,DISTRITAL,Selva con Población urbana de hasta 10 mil habitantes,8156.0,2047.0,6109.0,0.5413538747534213,0.7733626782191734
190305,PASCO,OXAPAMPA,POZUZO,SELVA,DISTRITAL,Selva con Población urbana de hasta 10 mil habitantes,4789.0,1541.0,3248.0,0.5413538747534213,0.7733626782191735
190306,PASCO,OXAPAMPA,PUERTO BERMUDEZ,SELVA,DISTRITAL,Selva con Población urbana de hasta 10 mil habitantes,20825.0,7415.0,13410.0,0.5413538747534213,0.7733626782191734
190307,PASCO,OXAPAMPA,VILLA RICA,SELVA,DISTRITAL,Selva con Población urbana entre 10 mil y 50 mil habitantes,18692.0,13798.0,4894.0,0.5,0.7142857142857143
190308,PASCO,OXAPAMPA,CONSTITUCION,SELVA,DISTRITAL,Selva con Población urbana de hasta 10 mil habitantes,16374.0,9006.0,7368.0,0.74,1.0571428571428572
200101,PIURA,PIURA,PIURA,COSTA,PROVINCIAL,Costa con Población urbana de más de 50 mil habitantes,173672.0,166309.0,7363.0,0.53,0.7571428571428572
200104,PIURA,PIURA,CASTILLA,COSTA,DISTRITAL,Costa con Población urbana de más de 50 mil habitantes,178066.0,176475.0,1591.0,0.59,0.842857142857143
200105,PIURA,PIURA,CATACAOS,COSTA,DISTRITAL,Costa con Población urbana de más de 50 mil habitantes,79681.0,76985.0,2696.0,0.49,0.7000000000000002
200107,PIURA,PIURA,CURA MORI,COSTA,DISTRITAL,Costa con Población urbana entre 10 mil y 50 mil habitantes,19794.0,18806.0,988.0,1.0749892020300178,1.5356988600428825
200108,PIURA,PIURA,EL TALLAN,COSTA,DISTRITAL,Costa con Población urbana de hasta 10 mil habitantes,5594.0,5241.0,353.0,0.5972007244456227,0.8531438920651754
200109,PIURA,PIURA,LA ARENA,COSTA,DISTRITAL,Costa con Población urbana entre 10 mil y 50 mil habitantes,40706.0,37180.0,3526.0,0.17,0.24285714285714288
200110,PIURA,PIURA,LA UNION,COSTA,DISTRITAL,Costa con Población urbana entre 10 mil y 50 mil habitantes,43624.0,42717.0,907.0,0.5,0.7142857142857143
200111,PIURA,PIURA,LAS LOMAS,COSTA,DISTRITAL,Costa con Población urbana entre 10 mil y 50 mil habitantes,29047.0,12555.0,16492.0,0.498,0.7114285714285716
200114,PIURA,PIURA,TAMBO GRANDE,COSTA,DISTRITAL,Costa con Población urbana entre 10 mil y 50 mil habitantes,121568.0,45812.0,75756.0,0.42,0.6000000000000001
200115,PIURA,PIURA,VEINTISEIS DE OCTUBRE,COSTA,DISTRITAL,Costa con Población urbana de más de 50 mil habitantes,182102.0,182012.0,90.0,0.54,0.7714285714285716
200201,PIURA,AYABACA,AYABACA,COSTA,PROVINCIAL,Costa con Población urbana de hasta 10 mil habitantes,33313.0,5865.0,27448.0,0.33,0.4714285714285715
200202,PIURA,AYABACA,FRIAS,COSTA,DISTRITAL,Costa con Población urbana de hasta 10 mil habitantes,21490.0,2276.0,19214.0,0.48,0.6857142857142858
200203,PIURA,AYABACA,JILILI,COSTA,DISTRITAL,Costa con Población urbana de hasta 10 mil habitantes,2695.0,219.0,2476.0,0.49965038738600104,0.7137862676942873
200204,PIURA,AYABACA,LAGUNAS,COSTA,DISTRITAL,Costa con Población urbana de hasta 10 mil habitantes,5876.0,343.0,5533.0,0.49965038738600104,0.7137862676942872
200205,PIURA,AYABACA,MONTERO,COSTA,DISTRITAL,Costa con Población urbana de hasta 10 mil habitantes,6680.0,1108.0,5572.0,0.51,0.7285714285714284
200206,PIURA,AYABACA,PACAIPAMPA,COSTA,DISTRITAL,Costa con Población urbana de hasta 10 mil habitantes,23373.0,1466.0,21907.0,0.49965038738600104,0.7137862676942873
200207,PIURA,AYABACA,PAIMAS,COSTA,DISTRITAL,Costa con Población urbana de hasta 10 mil habitantes,10319.0,3269.0,7050.0,0.58,0.8285714285714287
200208,PIURA,AYABACA,SAPILLICA,COSTA,DISTRITAL,Costa con Población urbana de hasta 10 mil habitantes,11068.0,1032.0,10036.0,0.4586851731599267,0.6552645330856096
200209,PIURA,AYABACA,SICCHEZ,COSTA,DISTRITAL,Costa con Población urbana de hasta 10 mil habitantes,1685.0,875.0,810.0,0.49965038738600104,0.7137862676942873
200210,PIURA,AYABACA,SUYO,COSTA,DISTRITAL,Costa con Población urbana de hasta 10 mil habitantes,12001.0,3552.0,8449.0,0.44,0.6285714285714286
200301,PIURA,HUANCABAMBA,HUANCABAMBA,SIERRA,PROVINCIAL,Sierra con Población urbana de hasta 10 mil habitantes,29490.0,8921.0,20569.0,0.46276247165532874,0.6610892452218983
200302,PIURA,HUANCABAMBA,CANCHAQUE,COSTA,DISTRITAL,Costa con Población urbana de hasta 10 mil habitantes,7723.0,2320.0,5403.0,0.44,0.6285714285714286
200303,PIURA,HUANCABAMBA,EL CARMEN DE LA FRONTERA,SIERRA,DISTRITAL,Sierra con Población urbana de hasta 10 mil habitantes,11860.0,552.0,11308.0,0.437675332039757,0.62525047434251
200304,PIURA,HUANCABAMBA,HUARMACA,SIERRA,DISTRITAL,Sierra con Población urbana de hasta 10 mil habitantes,37627.0,3431.0,34196.0,0.437675332039757,0.6252504743425099
200305,PIURA,HUANCABAMBA,LALAQUIZ,COSTA,DISTRITAL,Costa con Población urbana de hasta 10 mil habitantes,4247.0,1388.0,2859.0,0.4586851731599267,0.6552645330856096
200306,PIURA,HUANCABAMBA,SAN MIGUEL DE EL FAIQUE,COSTA,DISTRITAL,Costa con Población urbana de hasta 10 mil habitantes,9369.0,2274.0,7095.0,0.4586851731599267,0.6552645330856094
200307,PIURA,HUANCABAMBA,SONDOR,SIERRA,DISTRITAL,Sierra con Población urbana de hasta 10 mil habitantes,7496.0,1342.0,6154.0,0.437675332039757,0.62525047434251
200308,PIURA,HUANCABAMBA,SONDORILLO,SIERRA,DISTRITAL,Sierra con Población urbana de hasta 10 mil habitantes,11115.0,660.0,10455.0,0.437675332039757,0.6252504743425099
200401,PIURA,MORROPON,CHULUCANAS,COSTA,PROVINCIAL,Costa con Población urbana de más de 50 mil habitantes,88596.0,66060.0,22536.0,0.64,0.9142857142857145
200402,PIURA,MORROPON,BUENOS AIRES,COSTA,DISTRITAL,Costa con Población urbana de hasta 10 mil habitantes,10086.0,8170.0,1916.0,0.43684030158730136,0.6240575736961449
200403,PIURA,MORROPON,CHALACO,COSTA,DISTRITAL,Costa con Población urbana de hasta 10 mil habitantes,7888.0,1147.0,6741.0,0.4586851731599267,0.6552645330856097
200404,PIURA,MORROPON,LA MATANZA,COSTA,DISTRITAL,Costa con Población urbana de hasta 10 mil habitantes,14863.0,9430.0,5433.0,0.42,0.6
200405,PIURA,MORROPON,MORROPON,COSTA,DISTRITAL,Costa con Población urbana entre 10 mil y 50 mil habitantes,15915.0,12444.0,3471.0,0.529450262721576,0.75635751817368
200406,PIURA,MORROPON,SALITRAL,COSTA,DISTRITAL,Costa con Población urbana de hasta 10 mil habitantes,9039.0,6350.0,2689.0,0.49965038738600104,0.7137862676942873
200407,PIURA,MORROPON,SAN JUAN DE BIGOTE,COSTA,DISTRITAL,Costa con Población urbana de hasta 10 mil habitantes,6730.0,3993.0,2737.0,0.49965038738600104,0.7137862676942872
200408,PIURA,MORROPON,SANTA CATALINA DE MOSSA,COSTA,DISTRITAL,Costa con Población urbana de hasta 10 mil habitantes,3849.0,1615.0,2234.0,0.4586851731599267,0.6552645330856095
200409,PIURA,MORROPON,SANTO DOMINGO,COSTA,DISTRITAL,Costa con Población urbana de hasta 10 mil habitantes,6164.0,1066.0,5098.0,0.49965038738600104,0.7137862676942873
200410,PIURA,MORROPON,YAMANGO,COSTA,DISTRITAL,Costa con Población urbana de hasta 10 mil habitantes,8855.0,1902.0,6953.0,0.49965038738600104,0.7137862676942873
200501,PIURA,PAITA,PAITA,COSTA,PROVINCIAL,Costa con Población urbana de más de 50 mil habitantes,99150.0,99143.0,7.0,0.21272124555309255,0.3038874936472751
200502,PIURA,PAITA,AMOTAPE,COSTA,DISTRITAL,Costa con Población urbana de hasta 10 mil habitantes,2507.0,2423.0,84.0,0.46,0.6571428571428573
200503,PIURA,PAITA,ARENAL,COSTA,DISTRITAL,Costa con Población urbana de hasta 10 mil habitantes,1235.0,1000.0,235.0,0.4,0.5714285714285715
200504,PIURA,PAITA,COLAN,COSTA,DISTRITAL,Costa con Población urbana entre 10 mil y 50 mil habitantes,16522.0,14838.0,1684.0,0.3174422501605536,0.45348892880079095
200505,PIURA,PAITA,LA HUACA,COSTA,DISTRITAL,Costa con Población urbana entre 10 mil y 50 mil habitantes,13868.0,12830.0,1038.0,0.5070814553093964,0.7244020790134235
200506,PIURA,PAITA,TAMARINDO,COSTA,DISTRITAL,Costa con Población urbana de hasta 10 mil habitantes,5246.0,5148.0,98.0,0.28927520760233916,0.41325029657477025
200507,PIURA,PAITA,VICHAYAL,COSTA,DISTRITAL,Costa con Población urbana de hasta 10 mil habitantes,6053.0,4468.0,1585.0,0.4,0.5714285714285716
200601,PIURA,SULLANA,SULLANA,COSTA,PROVINCIAL,Costa con Población urbana de más de 50 mil habitantes,186434.0,177259.0,9175.0,0.65,0.9285714285714286
200602,PIURA,SULLANA,BELLAVISTA,COSTA,DISTRITAL,Costa con Población urbana entre 10 mil y 50 mil habitantes,38655.0,38655.0,0.0,0.53,0.7571428571428571
200603,PIURA,SULLANA,IGNACIO ESCUDERO,COSTA,DISTRITAL,Costa con Población urbana entre 10 mil y 50 mil habitantes,21335.0,21153.0,182.0,0.2,0.28571428571428575
200604,PIURA,SULLANA,LANCONES,COSTA,DISTRITAL,Costa con Población urbana de hasta 10 mil habitantes,13266.0,548.0,12718.0,0.49965038738600104,0.7137862676942874
200605,PIURA,SULLANA,MARCAVELICA,COSTA,DISTRITAL,Costa con Población urbana entre 10 mil y 50 mil habitantes,31705.0,29552.0,2153.0,0.5754214271427142,0.8220306102038775
200606,PIURA,SULLANA,MIGUEL CHECA,COSTA,DISTRITAL,Costa con Población urbana de hasta 10 mil habitantes,9952.0,9696.0,256.0,0.52,0.7428571428571428
200607,PIURA,SULLANA,QUERECOTILLO,COSTA,DISTRITAL,Costa con Población urbana entre 10 mil y 50 mil habitantes,27805.0,25330.0,2475.0,0.49,0.7
200608,PIURA,SULLANA,SALITRAL,COSTA,DISTRITAL,Costa con Población urbana de hasta 10 mil habitantes,7526.0,6911.0,615.0,0.52,0.7428571428571429
200701,PIURA,TALARA,PARIÑAS,COSTA,PROVINCIAL,Costa con Población urbana de más de 50 mil habitantes,103472.0,102891.0,581.0,0.5138307221489993,0.7340438887842848
200702,PIURA,TALARA,EL ALTO,COSTA,DISTRITAL,Costa con Población urbana de hasta 10 mil habitantes,8803.0,8803.0,0.0,0.584017589590353,0.8343108422719328
200703,PIURA,TALARA,LA BREA,COSTA,DISTRITAL,Costa con Población urbana entre 10 mil y 50 mil habitantes,13129.0,12896.0,233.0,0.4710199284842141,0.6728856121203058
200704,PIURA,TALARA,LOBITOS,COSTA,DISTRITAL,Costa con Población urbana de hasta 10 mil habitantes,1392.0,1347.0,45.0,0.31,0.44285714285714284
200705,PIURA,TALARA,LOS ORGANOS,COSTA,DISTRITAL,Costa con Población urbana entre 10 mil y 50 mil habitantes,11453.0,11393.0,60.0,0.6135807266637543,0.8765438952339346
200706,PIURA,TALARA,MANCORA,COSTA,DISTRITAL,Costa con Población urbana entre 10 mil y 50 mil habitantes,13788.0,13633.0,155.0,0.4338169670617387,0.6197385243739125
200801,PIURA,SECHURA,SECHURA,COSTA,PROVINCIAL,Costa con Población urbana entre 10 mil y 50 mil habitantes,49156.0,47497.0,1659.0,0.6083695790816324,0.8690993986880463
200802,PIURA,SECHURA,BELLAVISTA DE LA UNION,COSTA,DISTRITAL,Costa con Población urbana de hasta 10 mil habitantes,5096.0,4895.0,201.0,0.49965038738600104,0.7137862676942873
200803,PIURA,SECHURA,BERNAL,COSTA,DISTRITAL,Costa con Población urbana de hasta 10 mil habitantes,7524.0,7015.0,509.0,0.584017589590353,0.834310842271933
200804,PIURA,SECHURA,CRISTO NOS VALGA,COSTA,DISTRITAL,Costa con Población urbana de hasta 10 mil habitantes,4798.0,2854.0,1944.0,0.49965038738600104,0.7137862676942873
200805,PIURA,SECHURA,VICE,COSTA,DISTRITAL,Costa con Población urbana entre 10 mil y 50 mil habitantes,17264.0,16803.0,461.0,0.31,0.44285714285714295
200806,PIURA,SECHURA,RINCONADA LLICUAR,COSTA,DISTRITAL,Costa con Población urbana de hasta 10 mil habitantes,3117.0,3111.0,6.0,0.49965038738600104,0.7137862676942873
210101,PUNO,PUNO,PUNO,SIERRA,PROVINCIAL,Sierra con Población urbana de más de 50 mil habitantes,142691.0,135400.0,7291.0,0.66,0.942857142857143
210102,PUNO,PUNO,ACORA,SIERRA,DISTRITAL,Sierra con Población urbana de hasta 10 mil habitantes,23858.0,3212.0,20646.0,0.437675332039757,0.62525047434251
210103,PUNO,PUNO,AMANTANI,SIERRA,DISTRITAL,Sierra con Población urbana de hasta 10 mil habitantes,3494.0,340.0,3154.0,0.437675332039757,0.6252504743425099
210104,PUNO,PUNO,ATUNCOLLA,SIERRA,DISTRITAL,Sierra con Población urbana de hasta 10 mil habitantes,4791.0,283.0,4508.0,0.4203505822563048,0.6005008317947212
210105,PUNO,PUNO,CAPACHICA,SIERRA,DISTRITAL,Sierra con Población urbana de hasta 10 mil habitantes,7448.0,903.0,6545.0,0.4203505822563048,0.6005008317947211
210106,PUNO,PUNO,CHUCUITO,SIERRA,DISTRITAL,Sierra con Población urbana de hasta 10 mil habitantes,7433.0,976.0,6457.0,0.437675332039757,0.6252504743425099
210107,PUNO,PUNO,COATA,SIERRA,DISTRITAL,Sierra con Población urbana de hasta 10 mil habitantes,6947.0,1663.0,5284.0,0.437675332039757,0.6252504743425101
210108,PUNO,PUNO,HUATA,SIERRA,DISTRITAL,Sierra con Población urbana de hasta 10 mil habitantes,3058.0,293.0,2765.0,0.437675332039757,0.6252504743425099
210109,PUNO,PUNO,MAÑAZO,SIERRA,DISTRITAL,Sierra con Población urbana de hasta 10 mil habitantes,5362.0,2371.0,2991.0,0.38,0.5428571428571429
210110,PUNO,PUNO,PAUCARCOLLA,SIERRA,DISTRITAL,Sierra con Población urbana de hasta 10 mil habitantes,4413.0,525.0,3888.0,0.4203505822563048,0.6005008317947211
210111,PUNO,PUNO,PICHACANI,SIERRA,DISTRITAL,Sierra con Población urbana de hasta 10 mil habitantes,6000.0,2190.0,3810.0,0.36,0.5142857142857143
210112,PUNO,PUNO,PLATERIA,SIERRA,DISTRITAL,Sierra con Población urbana de hasta 10 mil habitantes,7426.0,429.0,6997.0,0.437675332039757,0.6252504743425101
210113,PUNO,PUNO,SAN ANTONIO,SIERRA,DISTRITAL,Sierra con Población urbana de hasta 10 mil habitantes,2690.0,257.0,2433.0,0.437675332039757,0.62525047434251
210114,PUNO,PUNO,TIQUILLACA,SIERRA,DISTRITAL,Sierra con Población urbana de hasta 10 mil habitantes,1654.0,304.0,1350.0,0.437675332039757,0.6252504743425101
210115,PUNO,PUNO,VILQUE,SIERRA,DISTRITAL,Sierra con Población urbana de hasta 10 mil habitantes,3008.0,789.0,2219.0,0.437675332039757,0.62525047434251
210201,PUNO,AZANGARO,AZANGARO,SIERRA,PROVINCIAL,Sierra con Población urbana entre 10 mil y 50 mil habitantes,31427.0,20722.0,10705.0,0.51,0.7285714285714286
210202,PUNO,AZANGARO,ACHAYA,SIERRA,DISTRITAL,Sierra con Población urbana de hasta 10 mil habitantes,2870.0,71.0,2799.0,0.18,0.2571428571428572
210203,PUNO,AZANGARO,ARAPA,SIERRA,DISTRITAL,Sierra con Población urbana de hasta 10 mil habitantes,7252.0,1437.0,5815.0,0.437675332039757,0.62525047434251
210204,PUNO,AZANGARO,ASILLO,SIERRA,DISTRITAL,Sierra con Población urbana de hasta 10 mil habitantes,14984.0,3855.0,11129.0,0.53,0.7571428571428572
210205,PUNO,AZANGARO,CAMINACA,SIERRA,DISTRITAL,Sierra con Población urbana de hasta 10 mil habitantes,3046.0,123.0,2923.0,0.437675332039757,0.62525047434251
210206,PUNO,AZANGARO,CHUPA,SIERRA,DISTRITAL,Sierra con Población urbana de hasta 10 mil habitantes,6177.0,730.0,5447.0,0.15,0.2142857142857143
210207,PUNO,AZANGARO,JOSE DOMINGO CHOQUEHUANCA,SIERRA,DISTRITAL,Sierra con Población urbana de hasta 10 mil habitantes,4814.0,3136.0,1678.0,0.39,0.5571428571428572
210208,PUNO,AZANGARO,MUÑANI,SIERRA,DISTRITAL,Sierra con Población urbana de hasta 10 mil habitantes,6943.0,1946.0,4997.0,0.25,0.35714285714285715
210209,PUNO,AZANGARO,POTONI,SIERRA,DISTRITAL,Sierra con Población urbana de hasta 10 mil habitantes,3824.0,1831.0,1993.0,0.36,0.5142857142857142
210210,PUNO,AZANGARO,SAMAN,SIERRA,DISTRITAL,Sierra con Población urbana de hasta 10 mil habitantes,9588.0,406.0,9182.0,0.437675332039757,0.62525047434251
210211,PUNO,AZANGARO,SAN ANTON,SIERRA,DISTRITAL,Sierra con Población urbana de hasta 10 mil habitantes,7503.0,3463.0,4040.0,0.46,0.6571428571428573
210212,PUNO,AZANGARO,SAN JOSE,SIERRA,DISTRITAL,Sierra con Población urbana de hasta 10 mil habitantes,5015.0,2082.0,2933.0,0.437675332039757,0.62525047434251
210213,PUNO,AZANGARO,SAN JUAN DE SALINAS,SIERRA,DISTRITAL,Sierra con Población urbana de hasta 10 mil habitantes,2962.0,153.0,2809.0,0.437675332039757,0.6252504743425101
210214,PUNO,AZANGARO,SANTIAGO DE PUPUJA,SIERRA,DISTRITAL,Sierra con Población urbana de hasta 10 mil habitantes,4613.0,153.0,4460.0,0.437675332039757,0.6252504743425101
210215,PUNO,AZANGARO,TIRAPATA,SIERRA,DISTRITAL,Sierra con Población urbana de hasta 10 mil habitantes,2989.0,615.0,2374.0,0.437675332039757,0.6252504743425101
210301,PUNO,CARABAYA,MACUSANI,SIERRA,PROVINCIAL,Sierra con Población urbana entre 10 mil y 50 mil habitantes,14035.0,12167.0,1868.0,0.44,0.6285714285714287
210302,PUNO,CARABAYA,AJOYANI,SIERRA,DISTRITAL,Sierra con Población urbana de hasta 10 mil habitantes,2441.0,1547.0,894.0,0.437675332039757,0.6252504743425099
210303,PUNO,CARABAYA,AYAPATA,SELVA,DISTRITAL,Selva con Población urbana de hasta 10 mil habitantes,9626.0,2529.0,7097.0,0.29,0.41428571428571437
210304,PUNO,CARABAYA,COASA,SELVA,DISTRITAL,Selva con Población urbana de hasta 10 mil habitantes,6310.0,3256.0,3054.0,0.25,0.3571428571428571
210305,PUNO,CARABAYA,CORANI,SIERRA,DISTRITAL,Sierra con Población urbana de hasta 10 mil habitantes,4659.0,2616.0,2043.0,0.437675332039757,0.6252504743425101
210306,PUNO,CARABAYA,CRUCERO,SIERRA,DISTRITAL,Sierra con Población urbana de hasta 10 mil habitantes,10008.0,7520.0,2488.0,0.49,0.7
210307,PUNO,CARABAYA,ITUATA,SELVA,DISTRITAL,Selva con Población urbana de hasta 10 mil habitantes,8385.0,833.0,7552.0,0.5413538747534213,0.7733626782191735
210308,PUNO,CARABAYA,OLLACHEA,SIERRA,DISTRITAL,Sierra con Población urbana de hasta 10 mil habitantes,6432.0,2709.0,3723.0,0.4203505822563048,0.6005008317947212
210309,PUNO,CARABAYA,SAN GABAN,SELVA,DISTRITAL,Selva con Población urbana de hasta 10 mil habitantes,7743.0,1714.0,6029.0,0.5413538747534213,0.7733626782191734
210310,PUNO,CARABAYA,USICAYOS,SELVA,DISTRITAL,Selva con Población urbana de hasta 10 mil habitantes,8872.0,3499.0,5373.0,0.5413538747534213,0.7733626782191735
210401,PUNO,CHUCUITO,JULI,SIERRA,PROVINCIAL,Sierra con Población urbana de hasta 10 mil habitantes,20740.0,8189.0,12551.0,0.34,0.4857142857142858
210402,PUNO,CHUCUITO,DESAGUADERO,SIERRA,DISTRITAL,Sierra con Población urbana de hasta 10 mil habitantes,13621.0,8065.0,5556.0,0.51,0.7285714285714284
210403,PUNO,CHUCUITO,HUACULLANI,SIERRA,DISTRITAL,Sierra con Población urbana de hasta 10 mil habitantes,9044.0,2226.0,6818.0,0.437675332039757,0.62525047434251
210404,PUNO,CHUCUITO,KELLUYO,SIERRA,DISTRITAL,Sierra con Población urbana de hasta 10 mil habitantes,6975.0,779.0,6196.0,0.437675332039757,0.6252504743425101
210405,PUNO,CHUCUITO,PISACOMA,SIERRA,DISTRITAL,Sierra con Población urbana de hasta 10 mil habitantes,8404.0,1198.0,7206.0,0.437675332039757,0.62525047434251
210406,PUNO,CHUCUITO,POMATA,SIERRA,DISTRITAL,Sierra con Población urbana de hasta 10 mil habitantes,14314.0,2698.0,11616.0,0.38,0.5428571428571428
210407,PUNO,CHUCUITO,ZEPITA,SIERRA,DISTRITAL,Sierra con Población urbana de hasta 10 mil habitantes,17644.0,2089.0,15555.0,0.48,0.6857142857142855
210501,PUNO,EL COLLAO,ILAVE,SIERRA,PROVINCIAL,Sierra con Población urbana entre 10 mil y 50 mil habitantes,49234.0,22331.0,26903.0,0.43,0.6142857142857143
210502,PUNO,EL COLLAO,CAPAZO,SIERRA,DISTRITAL,Sierra con Población urbana de hasta 10 mil habitantes,1152.0,104.0,1048.0,0.437675332039757,0.6252504743425099
210503,PUNO,EL COLLAO,PILCUYO,SIERRA,DISTRITAL,Sierra con Población urbana de hasta 10 mil habitantes,11059.0,1328.0,9731.0,0.4203505822563048,0.600500831794721
210504,PUNO,EL COLLAO,SANTA ROSA,SIERRA,DISTRITAL,Sierra con Población urbana de hasta 10 mil habitantes,3412.0,1108.0,2304.0,0.29,0.41428571428571437
210505,PUNO,EL COLLAO,CONDURIRI,SIERRA,DISTRITAL,Sierra con Población urbana de hasta 10 mil habitantes,2535.0,569.0,1966.0,0.437675332039757,0.62525047434251
210601,PUNO,HUANCANE,HUANCANE,SIERRA,PROVINCIAL,Sierra con Población urbana de hasta 10 mil habitantes,19222.0,7470.0,11752.0,0.24,0.34285714285714286
210602,PUNO,HUANCANE,COJATA,SIERRA,DISTRITAL,Sierra con Población urbana de hasta 10 mil habitantes,4037.0,1440.0,2597.0,0.46,0.6571428571428573
210603,PUNO,HUANCANE,HUATASANI,SIERRA,DISTRITAL,Sierra con Población urbana de hasta 10 mil habitantes,3213.0,1335.0,1878.0,0.437675332039757,0.6252504743425101
210604,PUNO,HUANCANE,INCHUPALLA,SIERRA,DISTRITAL,Sierra con Población urbana de hasta 10 mil habitantes,2668.0,159.0,2509.0,0.437675332039757,0.62525047434251
210605,PUNO,HUANCANE,PUSI,SIERRA,DISTRITAL,Sierra con Población urbana de hasta 10 mil habitantes,5201.0,852.0,4349.0,0.437675332039757,0.62525047434251
210606,PUNO,HUANCANE,ROSASPATA,SIERRA,DISTRITAL,Sierra con Población urbana de hasta 10 mil habitantes,4151.0,468.0,3683.0,0.437675332039757,0.62525047434251
210607,PUNO,HUANCANE,TARACO,SIERRA,DISTRITAL,Sierra con Población urbana de hasta 10 mil habitantes,13636.0,1779.0,11857.0,0.17,0.24285714285714288
210608,PUNO,HUANCANE,VILQUE CHICO,SIERRA,DISTRITAL,Sierra con Población urbana de hasta 10 mil habitantes,7641.0,877.0,6764.0,0.437675332039757,0.6252504743425099
210701,PUNO,LAMPA,LAMPA,SIERRA,PROVINCIAL,Sierra con Población urbana de hasta 10 mil habitantes,11786.0,5606.0,6180.0,0.38,0.542857142857143
210702,PUNO,LAMPA,CABANILLA,SIERRA,DISTRITAL,Sierra con Población urbana de hasta 10 mil habitantes,5943.0,1164.0,4779.0,0.437675332039757,0.6252504743425101
210703,PUNO,LAMPA,CALAPUJA,SIERRA,DISTRITAL,Sierra con Población urbana de hasta 10 mil habitantes,1739.0,501.0,1238.0,0.437675332039757,0.62525047434251
210704,PUNO,LAMPA,NICASIO,SIERRA,DISTRITAL,Sierra con Población urbana de hasta 10 mil habitantes,2451.0,514.0,1937.0,0.437675332039757,0.62525047434251
210705,PUNO,LAMPA,OCUVIRI,SIERRA,DISTRITAL,Sierra con Población urbana de hasta 10 mil habitantes,2404.0,687.0,1717.0,0.437675332039757,0.6252504743425099
210706,PUNO,LAMPA,PALCA,SIERRA,DISTRITAL,Sierra con Población urbana de hasta 10 mil habitantes,1810.0,645.0,1165.0,0.437675332039757,0.62525047434251
210707,PUNO,LAMPA,PARATIA,SIERRA,DISTRITAL,Sierra con Población urbana de hasta 10 mil habitantes,2666.0,922.0,1744.0,0.437675332039757,0.6252504743425101
210708,PUNO,LAMPA,PUCARA,SIERRA,DISTRITAL,Sierra con Población urbana de hasta 10 mil habitantes,5505.0,2121.0,3384.0,0.437675332039757,0.62525047434251
210709,PUNO,LAMPA,SANTA LUCIA,SIERRA,DISTRITAL,Sierra con Población urbana de hasta 10 mil habitantes,7486.0,5646.0,1840.0,0.4,0.5714285714285715
210710,PUNO,LAMPA,VILAVILA,SIERRA,DISTRITAL,Sierra con Población urbana de hasta 10 mil habitantes,1206.0,457.0,749.0,0.437675332039757,0.62525047434251
210801,PUNO,MELGAR,AYAVIRI,SIERRA,PROVINCIAL,Sierra con Población urbana entre 10 mil y 50 mil habitantes,25708.0,22579.0,3129.0,0.52,0.7428571428571428
210802,PUNO,MELGAR,ANTAUTA,SIERRA,DISTRITAL,Sierra con Población urbana de hasta 10 mil habitantes,5711.0,3714.0,1997.0,0.6,0.8571428571428572
210803,PUNO,MELGAR,CUPI,SIERRA,DISTRITAL,Sierra con Población urbana de hasta 10 mil habitantes,2073.0,296.0,1777.0,0.437675332039757,0.6252504743425101
210804,PUNO,MELGAR,LLALLI,SIERRA,DISTRITAL,Sierra con Población urbana de hasta 10 mil habitantes,2608.0,1718.0,890.0,0.437675332039757,0.6252504743425101
210805,PUNO,MELGAR,MACARI,SIERRA,DISTRITAL,Sierra con Población urbana de hasta 10 mil habitantes,7334.0,3199.0,4135.0,0.33,0.4714285714285715
210806,PUNO,MELGAR,NUÑOA,SIERRA,DISTRITAL,Sierra con Población urbana de hasta 10 mil habitantes,8581.0,4408.0,4173.0,0.29,0.4142857142857143
210807,PUNO,MELGAR,ORURILLO,SIERRA,DISTRITAL,Sierra con Población urbana de hasta 10 mil habitantes,7790.0,1049.0,6741.0,0.4203505822563048,0.6005008317947212
210808,PUNO,MELGAR,SANTA ROSA,SIERRA,DISTRITAL,Sierra con Población urbana de hasta 10 mil habitantes,6408.0,2968.0,3440.0,0.19,0.2714285714285714
210809,PUNO,MELGAR,UMACHIRI,SIERRA,DISTRITAL,Sierra con Población urbana de hasta 10 mil habitantes,3906.0,726.0,3180.0,0.437675332039757,0.6252504743425099
210901,PUNO,MOHO,MOHO,SIERRA,PROVINCIAL,Sierra con Población urbana de hasta 10 mil habitantes,11334.0,3000.0,8334.0,0.39,0.5571428571428572
210902,PUNO,MOHO,CONIMA,SIERRA,DISTRITAL,Sierra con Población urbana de hasta 10 mil habitantes,3289.0,892.0,2397.0,0.4203505822563048,0.6005008317947212
210903,PUNO,MOHO,HUAYRAPATA,SIERRA,DISTRITAL,Sierra con Población urbana de hasta 10 mil habitantes,2594.0,920.0,1674.0,0.437675332039757,0.6252504743425101
210904,PUNO,MOHO,TILALI,SIERRA,DISTRITAL,Sierra con Población urbana de hasta 10 mil habitantes,2559.0,756.0,1803.0,0.437675332039757,0.62525047434251
211001,PUNO,SAN ANTONIO DE PUTINA,PUTINA,SIERRA,PROVINCIAL,Sierra con Población urbana entre 10 mil y 50 mil habitantes,14367.0,10237.0,4130.0,0.31,0.44285714285714284
211002,PUNO,SAN ANTONIO DE PUTINA,ANANEA,SIERRA,DISTRITAL,Sierra con Población urbana entre 10 mil y 50 mil habitantes,12129.0,10795.0,1334.0,0.73,1.0428571428571427
211003,PUNO,SAN ANTONIO DE PUTINA,PEDRO VILCA APAZA,SIERRA,DISTRITAL,Sierra con Población urbana de hasta 10 mil habitantes,1963.0,676.0,1287.0,0.437675332039757,0.62525047434251
211004,PUNO,SAN ANTONIO DE PUTINA,QUILCAPUNCU,SIERRA,DISTRITAL,Sierra con Población urbana de hasta 10 mil habitantes,5528.0,2346.0,3182.0,0.33,0.47142857142857153
211005,PUNO,SAN ANTONIO DE PUTINA,SINA,SIERRA,DISTRITAL,Sierra con Población urbana de hasta 10 mil habitantes,1816.0,592.0,1224.0,0.437675332039757,0.6252504743425101
211101,PUNO,SAN ROMAN,JULIACA,SIERRA,PROVINCIAL,Sierra con Población urbana de más de 50 mil habitantes,246970.0,233328.0,13642.0,0.53,0.7571428571428572
211102,PUNO,SAN ROMAN,CABANA,SIERRA,DISTRITAL,Sierra con Población urbana de hasta 10 mil habitantes,5412.0,983.0,4429.0,0.28,0.4
211103,PUNO,SAN ROMAN,CABANILLAS,SIERRA,DISTRITAL,Sierra con Población urbana de hasta 10 mil habitantes,4606.0,2297.0,2309.0,0.437675332039757,0.62525047434251
211104,PUNO,SAN ROMAN,CARACOTO,SIERRA,DISTRITAL,Sierra con Población urbana de hasta 10 mil habitantes,7374.0,1234.0,6140.0,0.22,0.3142857142857143
211105,PUNO,SAN ROMAN,SAN MIGUEL,SIERRA,DISTRITAL,Sierra con Población urbana de más de 50 mil habitantes,70831.0,65520.0,5311.0,0.55,0.785714285714286
211201,PUNO,SANDIA,SANDIA,SELVA,PROVINCIAL,Selva con Población urbana de hasta 10 mil habitantes,11490.0,4147.0,7343.0,0.52,0.7428571428571428
211202,PUNO,SANDIA,CUYOCUYO,SIERRA,DISTRITAL,Sierra con Población urbana de hasta 10 mil habitantes,5636.0,2054.0,3582.0,0.437675332039757,0.6252504743425101
211203,PUNO,SANDIA,LIMBANI,SELVA,DISTRITAL,Selva con Población urbana de hasta 10 mil habitantes,3319.0,1624.0,1695.0,0.5413538747534213,0.7733626782191734
211204,PUNO,SANDIA,PATAMBUCO,SIERRA,DISTRITAL,Sierra con Población urbana de hasta 10 mil habitantes,4236.0,445.0,3791.0,0.461,0.6585714285714287
211205,PUNO,SANDIA,PHARA,SELVA,DISTRITAL,Selva con Población urbana de hasta 10 mil habitantes,6061.0,1511.0,4550.0,0.5413538747534213,0.7733626782191734
211206,PUNO,SANDIA,QUIACA,SIERRA,DISTRITAL,Sierra con Población urbana de hasta 10 mil habitantes,2312.0,345.0,1967.0,0.437675332039757,0.6252504743425099
211207,PUNO,SANDIA,SAN JUAN DEL ORO,SELVA,DISTRITAL,Selva con Población urbana de hasta 10 mil habitantes,3543.0,1861.0,1682.0,0.5413538747534213,0.7733626782191733
211208,PUNO,SANDIA,YANAHUAYA,SELVA,DISTRITAL,Selva con Población urbana de hasta 10 mil habitantes,2155.0,1024.0,1131.0,0.5413538747534213,0.7733626782191734
211209,PUNO,SANDIA,ALTO INAMBARI,SELVA,DISTRITAL,Selva con Población urbana de hasta 10 mil habitantes,7517.0,1582.0,5935.0,0.5413538747534213,0.7733626782191734
211210,PUNO,SANDIA,SAN PEDRO DE PUTINA PUNCO,SELVA,DISTRITAL,Selva con Población urbana de hasta 10 mil habitantes,10306.0,1881.0,8425.0,0.5413538747534213,0.7733626782191734
211301,PUNO,YUNGUYO,YUNGUYO,SIERRA,PROVINCIAL,Sierra con Población urbana entre 10 mil y 50 mil habitantes,25159.0,11485.0,13674.0,0.37,0.5285714285714286
211302,PUNO,YUNGUYO,ANAPIA,SIERRA,DISTRITAL,Sierra con Población urbana de hasta 10 mil habitantes,1787.0,1523.0,264.0,0.437675332039757,0.62525047434251
211303,PUNO,YUNGUYO,COPANI,SIERRA,DISTRITAL,Sierra con Población urbana de hasta 10 mil habitantes,4985.0,589.0,4396.0,0.437675332039757,0.6252504743425101
211304,PUNO,YUNGUYO,CUTURAPI,SIERRA,DISTRITAL,Sierra con Población urbana de hasta 10 mil habitantes,1366.0,880.0,486.0,0.437675332039757,0.62525047434251
211305,PUNO,YUNGUYO,OLLARAYA,SIERRA,DISTRITAL,Sierra con Población urbana de hasta 10 mil habitantes,2710.0,380.0,2330.0,0.27,0.3857142857142858
211306,PUNO,YUNGUYO,TINICACHI,SIERRA,DISTRITAL,Sierra con Población urbana de hasta 10 mil habitantes,917.0,559.0,358.0,0.437675332039757,0.62525047434251
211307,PUNO,YUNGUYO,UNICACHI,SIERRA,DISTRITAL,Sierra con Población urbana de hasta 10 mil habitantes,942.0,378.0,564.0,0.437675332039757,0.62525047434251
220101,SAN MARTIN,MOYOBAMBA,MOYOBAMBA,SELVA,PROVINCIAL,Selva con Población urbana de más de 50 mil habitantes,83623.0,62131.0,21492.0,0.54,0.7714285714285716
220102,SAN MARTIN,MOYOBAMBA,CALZADA,SELVA,DISTRITAL,Selva con Población urbana de hasta 10 mil habitantes,4729.0,4161.0,568.0,0.42,0.6000000000000001
220103,SAN MARTIN,MOYOBAMBA,HABANA,SELVA,DISTRITAL,Selva con Población urbana de hasta 10 mil habitantes,1681.0,1325.0,356.0,0.52,0.7428571428571428
220104,SAN MARTIN,MOYOBAMBA,JEPELACIO,SELVA,DISTRITAL,Selva con Población urbana de hasta 10 mil habitantes,16165.0,6432.0,9733.0,0.45,0.642857142857143
220105,SAN MARTIN,MOYOBAMBA,SORITOR,SELVA,DISTRITAL,Selva con Población urbana entre 10 mil y 50 mil habitantes,22947.0,16168.0,6779.0,0.53,0.7571428571428571
220106,SAN MARTIN,MOYOBAMBA,YANTALO,SELVA,DISTRITAL,Selva con Población urbana de hasta 10 mil habitantes,2905.0,2249.0,656.0,0.44,0.6285714285714287
220201,SAN MARTIN,BELLAVISTA,BELLAVISTA,SELVA,PROVINCIAL,Selva con Población urbana entre 10 mil y 50 mil habitantes,18244.0,17390.0,854.0,0.67,0.9571428571428574
220202,SAN MARTIN,BELLAVISTA,ALTO BIAVO,SELVA,DISTRITAL,Selva con Población urbana de hasta 10 mil habitantes,9243.0,4370.0,4873.0,0.46,0.6571428571428574
220203,SAN MARTIN,BELLAVISTA,BAJO BIAVO,SELVA,DISTRITAL,Selva con Población urbana de hasta 10 mil habitantes,14762.0,2473.0,12289.0,0.57,0.8142857142857143
220204,SAN MARTIN,BELLAVISTA,HUALLAGA,SELVA,DISTRITAL,Selva con Población urbana de hasta 10 mil habitantes,2741.0,1012.0,1729.0,0.5413538747534213,0.7733626782191735
220205,SAN MARTIN,BELLAVISTA,SAN PABLO,SELVA,DISTRITAL,Selva con Población urbana de hasta 10 mil habitantes,8668.0,6343.0,2325.0,0.52,0.7428571428571428
220206,SAN MARTIN,BELLAVISTA,SAN RAFAEL,SELVA,DISTRITAL,Selva con Población urbana de hasta 10 mil habitantes,6209.0,5401.0,808.0,0.77,1.1
220301,SAN MARTIN,EL DORADO,SAN JOSE DE SISA,SELVA,PROVINCIAL,Selva con Población urbana entre 10 mil y 50 mil habitantes,16664.0,12064.0,4600.0,0.55,0.785714285714286
220302,SAN MARTIN,EL DORADO,AGUA BLANCA,SELVA,DISTRITAL,Selva con Población urbana de hasta 10 mil habitantes,2375.0,1383.0,992.0,0.47,0.6714285714285714
220303,SAN MARTIN,EL DORADO,SAN MARTIN,SELVA,DISTRITAL,Selva con Población urbana de hasta 10 mil habitantes,12750.0,3269.0,9481.0,0.52,0.7428571428571428
220304,SAN MARTIN,EL DORADO,SANTA ROSA,SELVA,DISTRITAL,Selva con Población urbana de hasta 10 mil habitantes,7185.0,2287.0,4898.0,0.5413538747534213,0.7733626782191735
220305,SAN MARTIN,EL DORADO,SHATOJA,SELVA,DISTRITAL,Selva con Población urbana de hasta 10 mil habitantes,3171.0,1401.0,1770.0,0.5413538747534213,0.7733626782191734
220401,SAN MARTIN,HUALLAGA,SAPOSOA,SELVA,PROVINCIAL,Selva con Población urbana de hasta 10 mil habitantes,14585.0,8742.0,5843.0,0.662,0.945714285714286
220402,SAN MARTIN,HUALLAGA,ALTO SAPOSOA,SELVA,DISTRITAL,Selva con Población urbana de hasta 10 mil habitantes,5098.0,3025.0,2073.0,0.5413538747534213,0.7733626782191734
220403,SAN MARTIN,HUALLAGA,EL ESLABON,SELVA,DISTRITAL,Selva con Población urbana de hasta 10 mil habitantes,2051.0,1209.0,842.0,0.5413538747534213,0.7733626782191734
220404,SAN MARTIN,HUALLAGA,PISCOYACU,SELVA,DISTRITAL,Selva con Población urbana de hasta 10 mil habitantes,4619.0,2253.0,2366.0,0.5469320757800004,0.7813315368285718
220405,SAN MARTIN,HUALLAGA,SACANCHE,SELVA,DISTRITAL,Selva con Población urbana de hasta 10 mil habitantes,2425.0,1193.0,1232.0,0.5413538747534213,0.7733626782191734
220406,SAN MARTIN,HUALLAGA,TINGO DE SAPOSOA,SELVA,DISTRITAL,Selva con Población urbana de hasta 10 mil habitantes,819.0,751.0,68.0,0.642,0.9171428571428571
220501,SAN MARTIN,LAMAS,LAMAS,SELVA,PROVINCIAL,Selva con Población urbana entre 10 mil y 50 mil habitantes,15288.0,13505.0,1783.0,0.68,0.9714285714285715
220502,SAN MARTIN,LAMAS,ALONSO DE ALVARADO,SELVA,DISTRITAL,Selva con Población urbana de hasta 10 mil habitantes,14532.0,6671.0,7861.0,0.56,0.8000000000000003
220503,SAN MARTIN,LAMAS,BARRANQUITA,SELVA,DISTRITAL,Selva con Población urbana de hasta 10 mil habitantes,7245.0,3956.0,3289.0,0.5469320757800004,0.7813315368285719
220504,SAN MARTIN,LAMAS,CAYNARACHI,SELVA,DISTRITAL,Selva con Población urbana de hasta 10 mil habitantes,10787.0,6365.0,4422.0,0.65,0.9285714285714285
220505,SAN MARTIN,LAMAS,CUÑUMBUQUI,SELVA,DISTRITAL,Selva con Población urbana de hasta 10 mil habitantes,3191.0,1949.0,1242.0,0.63,0.9000000000000001
220506,SAN MARTIN,LAMAS,PINTO RECODO,SELVA,DISTRITAL,Selva con Población urbana de hasta 10 mil habitantes,9156.0,2386.0,6770.0,0.5413538747534213,0.7733626782191734
220507,SAN MARTIN,LAMAS,RUMISAPA,SELVA,DISTRITAL,Selva con Población urbana de hasta 10 mil habitantes,3725.0,1889.0,1836.0,0.3,0.4285714285714286
220508,SAN MARTIN,LAMAS,SAN ROQUE DE CUMBAZA,SELVA,DISTRITAL,Selva con Población urbana de hasta 10 mil habitantes,1700.0,765.0,935.0,0.5413538747534213,0.7733626782191734
220509,SAN MARTIN,LAMAS,SHANAO,SELVA,DISTRITAL,Selva con Población urbana de hasta 10 mil habitantes,1963.0,967.0,996.0,0.58,0.8285714285714286
220510,SAN MARTIN,LAMAS,TABALOSOS,SELVA,DISTRITAL,Selva con Población urbana entre 10 mil y 50 mil habitantes,14440.0,10029.0,4411.0,0.5469320757800004,0.7813315368285719
220511,SAN MARTIN,LAMAS,ZAPATERO,SELVA,DISTRITAL,Selva con Población urbana de hasta 10 mil habitantes,5789.0,2273.0,3516.0,0.5469320757800004,0.7813315368285719
220601,SAN MARTIN,MARISCAL CACERES,JUANJUI,SELVA,PROVINCIAL,Selva con Población urbana entre 10 mil y 50 mil habitantes,33472.0,30172.0,3300.0,0.742,1.06
220602,SAN MARTIN,MARISCAL CACERES,CAMPANILLA,SELVA,DISTRITAL,Selva con Población urbana de hasta 10 mil habitantes,16221.0,5010.0,11211.0,0.79,1.1285714285714286
220603,SAN MARTIN,MARISCAL CACERES,HUICUNGO,SELVA,DISTRITAL,Selva con Población urbana de hasta 10 mil habitantes,9113.0,4814.0,4299.0,0.58,0.8285714285714286
220604,SAN MARTIN,MARISCAL CACERES,PACHIZA,SELVA,DISTRITAL,Selva con Población urbana de hasta 10 mil habitantes,6529.0,3723.0,2806.0,0.5469320757800004,0.7813315368285718
220605,SAN MARTIN,MARISCAL CACERES,PAJARILLO,SELVA,DISTRITAL,Selva con Población urbana de hasta 10 mil habitantes,5765.0,1479.0,4286.0,0.53,0.7571428571428571
220701,SAN MARTIN,PICOTA,PICOTA,SELVA,PROVINCIAL,Selva con Población urbana de hasta 10 mil habitantes,11162.0,9981.0,1181.0,0.66,0.942857142857143
220702,SAN MARTIN,PICOTA,BUENOS AIRES,SELVA,DISTRITAL,Selva con Población urbana de hasta 10 mil habitantes,3035.0,1311.0,1724.0,0.5413538747534213,0.7733626782191735
220703,SAN MARTIN,PICOTA,CASPISAPA,SELVA,DISTRITAL,Selva con Población urbana de hasta 10 mil habitantes,2165.0,1753.0,412.0,0.74,1.0571428571428572
220704,SAN MARTIN,PICOTA,PILLUANA,SELVA,DISTRITAL,Selva con Población urbana de hasta 10 mil habitantes,882.0,843.0,39.0,0.5413538747534213,0.7733626782191734
220705,SAN MARTIN,PICOTA,PUCACACA,SELVA,DISTRITAL,Selva con Población urbana de hasta 10 mil habitantes,3008.0,2814.0,194.0,0.5413538747534213,0.7733626782191734
220706,SAN MARTIN,PICOTA,SAN CRISTOBAL,SELVA,DISTRITAL,Selva con Población urbana de hasta 10 mil habitantes,1207.0,1207.0,0.0,0.64,0.9142857142857145
220707,SAN MARTIN,PICOTA,SAN HILARION,SELVA,DISTRITAL,Selva con Población urbana de hasta 10 mil habitantes,3867.0,2780.0,1087.0,0.5,0.7142857142857143
220708,SAN MARTIN,PICOTA,SHAMBOYACU,SELVA,DISTRITAL,Selva con Población urbana de hasta 10 mil habitantes,10134.0,2821.0,7313.0,0.62,0.8857142857142857
220709,SAN MARTIN,PICOTA,TINGO DE PONASA,SELVA,DISTRITAL,Selva con Población urbana de hasta 10 mil habitantes,3897.0,2517.0,1380.0,0.5413538747534213,0.7733626782191735
220710,SAN MARTIN,PICOTA,TRES UNIDOS,SELVA,DISTRITAL,Selva con Población urbana de hasta 10 mil habitantes,4134.0,1900.0,2234.0,0.5413538747534213,0.7733626782191733
220801,SAN MARTIN,RIOJA,RIOJA,SELVA,PROVINCIAL,Selva con Población urbana entre 10 mil y 50 mil habitantes,26323.0,24251.0,2072.0,0.57,0.8142857142857143
220802,SAN MARTIN,RIOJA,AWAJUN,SELVA,DISTRITAL,Selva con Población urbana de hasta 10 mil habitantes,7925.0,2956.0,4969.0,0.77,1.1
220803,SAN MARTIN,RIOJA,ELIAS SOPLIN VARGAS,SELVA,DISTRITAL,Selva con Población urbana entre 10 mil y 50 mil habitantes,19703.0,16528.0,3175.0,0.44,0.6285714285714287
220804,SAN MARTIN,RIOJA,NUEVA CAJAMARCA,SELVA,DISTRITAL,Selva con Población urbana entre 10 mil y 50 mil habitantes,45934.0,38458.0,7476.0,0.53,0.7571428571428572
220805,SAN MARTIN,RIOJA,PARDO MIGUEL,SELVA,DISTRITAL,Selva con Población urbana de hasta 10 mil habitantes,17206.0,9751.0,7455.0,0.65,0.9285714285714286
220806,SAN MARTIN,RIOJA,POSIC,SELVA,DISTRITAL,Selva con Población urbana de hasta 10 mil habitantes,2031.0,1761.0,270.0,0.76,1.085714285714286
220807,SAN MARTIN,RIOJA,SAN FERNANDO,SELVA,DISTRITAL,Selva con Población urbana de hasta 10 mil habitantes,3694.0,2370.0,1324.0,0.39,0.5571428571428572
220808,SAN MARTIN,RIOJA,YORONGOS,SELVA,DISTRITAL,Selva con Población urbana de hasta 10 mil habitantes,2617.0,2089.0,528.0,0.41,0.5857142857142856
220809,SAN MARTIN,RIOJA,YURACYACU,SELVA,DISTRITAL,Selva con Población urbana de hasta 10 mil habitantes,3827.0,3398.0,429.0,0.4,0.5714285714285715
220901,SAN MARTIN,SAN MARTIN,TARAPOTO,SELVA,PROVINCIAL,Selva con Población urbana de más de 50 mil habitantes,81787.0,81100.0,687.0,0.63,0.9
220902,SAN MARTIN,SAN MARTIN,ALBERTO LEVEAU,SELVA,DISTRITAL,Selva con Población urbana de hasta 10 mil habitantes,910.0,557.0,353.0,0.5413538747534213,0.7733626782191735
220903,SAN MARTIN,SAN MARTIN,CACATACHI,SELVA,DISTRITAL,Selva con Población urbana de hasta 10 mil habitantes,3714.0,3087.0,627.0,0.58,0.8285714285714286
220904,SAN MARTIN,SAN MARTIN,CHAZUTA,SELVA,DISTRITAL,Selva con Población urbana de hasta 10 mil habitantes,10422.0,6790.0,3632.0,0.5413538747534213,0.7733626782191735
220905,SAN MARTIN,SAN MARTIN,CHIPURANA,SELVA,DISTRITAL,Selva con Población urbana de hasta 10 mil habitantes,2364.0,1922.0,442.0,0.5413538747534213,0.7733626782191735
220906,SAN MARTIN,SAN MARTIN,EL PORVENIR,SELVA,DISTRITAL,Selva con Población urbana de hasta 10 mil habitantes,2514.0,1781.0,733.0,0.59,0.842857142857143
220907,SAN MARTIN,SAN MARTIN,HUIMBAYOC,SELVA,DISTRITAL,Selva con Población urbana de hasta 10 mil habitantes,5446.0,2424.0,3022.0,0.5413538747534213,0.7733626782191735
220908,SAN MARTIN,SAN MARTIN,JUAN GUERRA,SELVA,DISTRITAL,Selva con Población urbana de hasta 10 mil habitantes,4072.0,3898.0,174.0,0.53,0.7571428571428571
220909,SAN MARTIN,SAN MARTIN,LA BANDA DE SHILCAYO,SELVA,DISTRITAL,Selva con Población urbana entre 10 mil y 50 mil habitantes,47438.0,43186.0,4252.0,0.58,0.8285714285714285
220910,SAN MARTIN,SAN MARTIN,MORALES,SELVA,DISTRITAL,Selva con Población urbana entre 10 mil y 50 mil habitantes,41348.0,38284.0,3064.0,0.77,1.1
220911,SAN MARTIN,SAN MARTIN,PAPAPLAYA,SELVA,DISTRITAL,Selva con Población urbana de hasta 10 mil habitantes,2068.0,1230.0,838.0,0.5413538747534213,0.7733626782191734
220912,SAN MARTIN,SAN MARTIN,SAN ANTONIO,SELVA,DISTRITAL,Selva con Población urbana de hasta 10 mil habitantes,1714.0,1671.0,43.0,0.54,0.7714285714285716
220913,SAN MARTIN,SAN MARTIN,SAUCE,SELVA,DISTRITAL,Selva con Población urbana de hasta 10 mil habitantes,7050.0,5456.0,1594.0,0.51,0.7285714285714286
220914,SAN MARTIN,SAN MARTIN,SHAPAJA,SELVA,DISTRITAL,Selva con Población urbana de hasta 10 mil habitantes,2010.0,1772.0,238.0,0.75,1.0714285714285714
221001,SAN MARTIN,TOCACHE,TOCACHE,SELVA,PROVINCIAL,Selva con Población urbana entre 10 mil y 50 mil habitantes,30203.0,20932.0,9271.0,0.57,0.8142857142857143
221002,SAN MARTIN,TOCACHE,NUEVO PROGRESO,SELVA,DISTRITAL,Selva con Población urbana de hasta 10 mil habitantes,12414.0,4846.0,7568.0,0.53,0.7571428571428572
221003,SAN MARTIN,TOCACHE,POLVORA,SELVA,DISTRITAL,Selva con Población urbana de hasta 10 mil habitantes,11056.0,3159.0,7897.0,0.64,0.9142857142857143
221004,SAN MARTIN,TOCACHE,SHUNTE,SELVA,DISTRITAL,Selva con Población urbana de hasta 10 mil habitantes,1355.0,432.0,923.0,0.64,0.9142857142857143
221005,SAN MARTIN,TOCACHE,UCHIZA,SELVA,DISTRITAL,Selva con Población urbana entre 10 mil y 50 mil habitantes,21072.0,12707.0,8365.0,0.53,0.7571428571428569
230101,TACNA,TACNA,TACNA,COSTA,PROVINCIAL,Costa con Población urbana de más de 50 mil habitantes,103125.0,102341.0,784.0,0.55,0.7857142857142858
230102,TACNA,TACNA,ALTO DE LA ALIANZA,COSTA,DISTRITAL,Costa con Población urbana entre 10 mil y 50 mil habitantes,35319.0,35198.0,121.0,0.49,0.7
230103,TACNA,TACNA,CALANA,COSTA,DISTRITAL,Costa con Población urbana de hasta 10 mil habitantes,3355.0,1160.0,2195.0,0.48,0.6857142857142858
230104,TACNA,TACNA,CIUDAD NUEVA,COSTA,DISTRITAL,Costa con Población urbana entre 10 mil y 50 mil habitantes,32991.0,32875.0,116.0,0.3,0.4285714285714287
230105,TACNA,TACNA,INCLAN,COSTA,DISTRITAL,Costa con Población urbana de hasta 10 mil habitantes,2779.0,1162.0,1617.0,0.49965038738600104,0.7137862676942872
230106,TACNA,TACNA,PACHIA,COSTA,DISTRITAL,Costa con Población urbana de hasta 10 mil habitantes,2251.0,1441.0,810.0,0.49965038738600104,0.7137862676942873
230107,TACNA,TACNA,PALCA,SIERRA,DISTRITAL,Sierra con Población urbana de hasta 10 mil habitantes,2150.0,713.0,1437.0,0.4203505822563048,0.6005008317947212
230108,TACNA,TACNA,POCOLLAY,COSTA,DISTRITAL,Costa con Población urbana entre 10 mil y 50 mil habitantes,19240.0,18466.0,774.0,0.3,0.4285714285714287
230109,TACNA,TACNA,SAMA,COSTA,DISTRITAL,Costa con Población urbana de hasta 10 mil habitantes,3564.0,2862.0,702.0,0.49965038738600104,0.7137862676942872
230110,TACNA,TACNA,CORONEL GREGORIO ALBARRACIN LANCHIPA,COSTA,DISTRITAL,Costa con Población urbana de más de 50 mil habitantes,127017.0,126596.0,421.0,0.36,0.5142857142857143
230111,TACNA,TACNA,LA YARADA LOS PALOS,COSTA,DISTRITAL,Costa con Población urbana de hasta 10 mil habitantes,6630.0,226.0,6404.0,0.47,0.6714285714285715
230201,TACNA,CANDARAVE,CANDARAVE,SIERRA,PROVINCIAL,Sierra con Población urbana de hasta 10 mil habitantes,2420.0,1635.0,785.0,0.2,0.28571428571428575
230202,TACNA,CANDARAVE,CAIRANI,SIERRA,DISTRITAL,Sierra con Población urbana de hasta 10 mil habitantes,997.0,978.0,19.0,0.437675332039757,0.62525047434251
230203,TACNA,CANDARAVE,CAMILACA,SIERRA,DISTRITAL,Sierra con Población urbana de hasta 10 mil habitantes,1161.0,1061.0,100.0,0.437675332039757,0.62525047434251
230204,TACNA,CANDARAVE,CURIBAYA,SIERRA,DISTRITAL,Sierra con Población urbana de hasta 10 mil habitantes,449.0,341.0,108.0,0.4203505822563048,0.6005008317947211
230205,TACNA,CANDARAVE,HUANUARA,SIERRA,DISTRITAL,Sierra con Población urbana de hasta 10 mil habitantes,503.0,466.0,37.0,0.58,0.8285714285714286
230206,TACNA,CANDARAVE,QUILAHUANI,SIERRA,DISTRITAL,Sierra con Población urbana de hasta 10 mil habitantes,712.0,601.0,111.0,0.22,0.31428571428571433
230301,TACNA,JORGE BASADRE,LOCUMBA,COSTA,PROVINCIAL,Costa con Población urbana de hasta 10 mil habitantes,2620.0,1389.0,1231.0,0.49,0.7000000000000002
230302,TACNA,JORGE BASADRE,ILABAYA,COSTA,DISTRITAL,Costa con Población urbana de hasta 10 mil habitantes,6452.0,5725.0,727.0,0.46,0.6571428571428574
230303,TACNA,JORGE BASADRE,ITE,COSTA,DISTRITAL,Costa con Población urbana de hasta 10 mil habitantes,3223.0,2095.0,1128.0,0.49965038738600104,0.7137862676942872
230401,TACNA,TARATA,TARATA,SIERRA,PROVINCIAL,Sierra con Población urbana de hasta 10 mil habitantes,3593.0,2718.0,875.0,0.271,0.3871428571428572
230402,TACNA,TARATA,HEROES ALBARRACIN,COSTA,DISTRITAL,Costa con Población urbana de hasta 10 mil habitantes,310.0,130.0,180.0,0.49965038738600104,0.7137862676942873
230403,TACNA,TARATA,ESTIQUE,COSTA,DISTRITAL,Costa con Población urbana de hasta 10 mil habitantes,234.0,209.0,25.0,0.49965038738600104,0.7137862676942873
230404,TACNA,TARATA,ESTIQUE-PAMPA,COSTA,DISTRITAL,Costa con Población urbana de hasta 10 mil habitantes,332.0,325.0,7.0,0.49965038738600104,0.7137862676942873
230405,TACNA,TARATA,SITAJARA,SIERRA,DISTRITAL,Sierra con Población urbana de hasta 10 mil habitantes,348.0,345.0,3.0,0.81,1.1571428571428575
230406,TACNA,TARATA,SUSAPAYA,SIERRA,DISTRITAL,Sierra con Población urbana de hasta 10 mil habitantes,510.0,437.0,73.0,0.437675332039757,0.6252504743425099
230407,TACNA,TARATA,TARUCACHI,SIERRA,DISTRITAL,Sierra con Población urbana de hasta 10 mil habitantes,322.0,301.0,21.0,0.32,0.45714285714285724
230408,TACNA,TARATA,TICACO,SIERRA,DISTRITAL,Sierra con Población urbana de hasta 10 mil habitantes,598.0,554.0,44.0,0.5,0.7142857142857144
240101,TUMBES,TUMBES,TUMBES,COSTA,PROVINCIAL,Costa con Población urbana de más de 50 mil habitantes,111761.0,110285.0,1476.0,0.5492192924367386,0.7845989891953409
240102,TUMBES,TUMBES,CORRALES,COSTA,DISTRITAL,Costa con Población urbana entre 10 mil y 50 mil habitantes,25242.0,24244.0,998.0,0.53,0.7571428571428572
240103,TUMBES,TUMBES,LA CRUZ,COSTA,DISTRITAL,Costa con Población urbana de hasta 10 mil habitantes,10434.0,9852.0,582.0,0.46,0.6571428571428574
240104,TUMBES,TUMBES,PAMPAS DE HOSPITAL,COSTA,DISTRITAL,Costa con Población urbana de hasta 10 mil habitantes,7460.0,3975.0,3485.0,0.44,0.6285714285714287
240105,TUMBES,TUMBES,SAN JACINTO,COSTA,DISTRITAL,Costa con Población urbana de hasta 10 mil habitantes,8936.0,7351.0,1585.0,0.43784393268010563,0.6254913324001511
240106,TUMBES,TUMBES,SAN JUAN DE LA VIRGEN,COSTA,DISTRITAL,Costa con Población urbana de hasta 10 mil habitantes,4826.0,4732.0,94.0,0.5489965566473503,0.7842807952105004
240201,TUMBES,CONTRALMIRANTE VILLAR,ZORRITOS,COSTA,PROVINCIAL,Costa con Población urbana entre 10 mil y 50 mil habitantes,13476.0,12931.0,545.0,0.2,0.28571428571428575
240202,TUMBES,CONTRALMIRANTE VILLAR,CASITAS,COSTA,DISTRITAL,Costa con Población urbana de hasta 10 mil habitantes,2658.0,411.0,2247.0,0.4586851731599267,0.6552645330856097
240203,TUMBES,CONTRALMIRANTE VILLAR,CANOAS DE PUNTA SAL,COSTA,DISTRITAL,Costa con Población urbana de hasta 10 mil habitantes,7297.0,5905.0,1392.0,0.32,0.45714285714285713
240301,TUMBES,ZARUMILLA,ZARUMILLA,COSTA,PROVINCIAL,Costa con Población urbana entre 10 mil y 50 mil habitantes,24756.0,24366.0,390.0,0.6365089369080967,0.9092984812972812
240302,TUMBES,ZARUMILLA,AGUAS VERDES,COSTA,DISTRITAL,Costa con Población urbana entre 10 mil y 50 mil habitantes,18931.0,18625.0,306.0,0.54,0.7714285714285714
240303,TUMBES,ZARUMILLA,MATAPALO,COSTA,DISTRITAL,Costa con Población urbana de hasta 10 mil habitantes,3991.0,3333.0,658.0,0.49965038738600104,0.7137862676942873
240304,TUMBES,ZARUMILLA,PAPAYAL,COSTA,DISTRITAL,Costa con Población urbana de hasta 10 mil habitantes,6931.0,4737.0,2194.0,0.41,0.5857142857142857
250101,UCAYALI,CORONEL PORTILLO,CALLERIA,SELVA,PROVINCIAL,Selva con Población urbana de más de 50 mil habitantes,168924.0,161553.0,7371.0,0.5814678052516723,0.8306682932166748
250102,UCAYALI,CORONEL PORTILLO,CAMPOVERDE,SELVA,DISTRITAL,Selva con Población urbana de hasta 10 mil habitantes,19029.0,7667.0,11362.0,0.74,1.0571428571428572
250103,UCAYALI,CORONEL PORTILLO,IPARIA,SELVA,DISTRITAL,Selva con Población urbana de hasta 10 mil habitantes,12217.0,1436.0,10781.0,0.5469320757800004,0.7813315368285719
250104,UCAYALI,CORONEL PORTILLO,MASISEA,SELVA,DISTRITAL,Selva con Población urbana de hasta 10 mil habitantes,11937.0,3401.0,8536.0,0.65,0.9285714285714288
250105,UCAYALI,CORONEL PORTILLO,YARINACOCHA,SELVA,DISTRITAL,Selva con Población urbana de más de 50 mil habitantes,115625.0,109712.0,5913.0,0.62,0.8857142857142859
250106,UCAYALI,CORONEL PORTILLO,NUEVA REQUENA,SELVA,DISTRITAL,Selva con Población urbana de hasta 10 mil habitantes,5690.0,2614.0,3076.0,0.61,0.8714285714285716
250107,UCAYALI,CORONEL PORTILLO,MANANTAY,SELVA,DISTRITAL,Selva con Población urbana de más de 50 mil habitantes,103880.0,101465.0,2415.0,0.62,0.8857142857142859
250201,UCAYALI,ATALAYA,RAYMONDI,SELVA,PROVINCIAL,Selva con Población urbana entre 10 mil y 50 mil habitantes,38611.0,18119.0,20492.0,0.6192186904761902,0.8845981292517004
250202,UCAYALI,ATALAYA,SEPAHUA,SELVA,DISTRITAL,Selva con Población urbana de hasta 10 mil habitantes,8123.0,3781.0,4342.0,0.6,0.8571428571428571
250203,UCAYALI,ATALAYA,TAHUANIA,SELVA,DISTRITAL,Selva con Población urbana de hasta 10 mil habitantes,10303.0,2723.0,7580.0,0.8,1.142857142857143
250204,UCAYALI,ATALAYA,YURUA,SELVA,DISTRITAL,Selva con Población urbana de hasta 10 mil habitantes,2359.0,641.0,1718.0,0.5469320757800004,0.7813315368285718
250301,UCAYALI,PADRE ABAD,PADRE ABAD,SELVA,PROVINCIAL,Selva con Población urbana entre 10 mil y 50 mil habitantes,36918.0,28667.0,8251.0,0.6,0.8571428571428574
250302,UCAYALI,PADRE ABAD,IRAZOLA,SELVA,DISTRITAL,Selva con Población urbana de hasta 10 mil habitantes,11656.0,7363.0,4293.0,0.44,0.6285714285714286
250303,UCAYALI,PADRE ABAD,CURIMANA,SELVA,DISTRITAL,Selva con Población urbana de hasta 10 mil habitantes,9803.0,4622.0,5181.0,0.54,0.7714285714285714
250304,UCAYALI,PADRE ABAD,NESHUYA,SELVA,DISTRITAL,Selva con Población urbana de hasta 10 mil habitantes,10080.0,5049.0,5031.0,0.49,0.7
250305,UCAYALI,PADRE ABAD,ALEXANDER VON HUMBOLDT,SELVA,DISTRITAL,Selva con Población urbana de hasta 10 mil habitantes,6037.0,4524.0,1513.0,0.428,0.6114285714285714
250401,UCAYALI,PURUS,PURUS,SELVA,PROVINCIAL,Selva con Población urbana de hasta 10 mil habitantes,3317.0,1389.0,1928.0,0.5413538747534213,0.7733626782191734
