UBIGEO,DEPARTAMENTO,PROVINCIA,DISTRITO,REGION_NATURAL,TIPO_MUNI,CLASIFICACION,POB_TOTAL_2022,POB_URBANA_2022,POB_RURAL_2022,GPC_DOM_2022,GENERACION_NO_DOM_T_DIA_2022,GENERACION_DOM_T_ANIO_2022
010101,AMAZONAS,CHACHAPOYAS,CHACHAPOYAS,SELVA,PROVINCIAL,Selva con Población urbana entre 10 mil y 50 mil habitantes,40274,39322,952,0.39,15.33558,5597.4867
010102,AMAZONAS,CHACHAPOYAS,ASUNCION,SELVA,DISTRITAL,Selva con Población urbana de hasta 10 mil habitantes,276,132,144,0.5188473382439173,0.06848784864819707,24.99806475659193
010103,AMAZONAS,CHACHAPOYAS,BALSAS,SIERRA,DISTRITAL,Sierra con Población urbana de hasta 10 mil habitantes,1158,281,877,0.4452923055521492,0.12512713786015392,45.67140531895618
010104,AMAZONAS,CHACHAPOYAS,CHETO,SIERRA,DISTRITAL,Sierra con Población urbana de hasta 10 mil habitantes,707,444,263,0.4452923055521492,0.19770978366515424,72.1640710377813
010105,AMAZONAS,CHACHAPOYAS,CHILIQUIN,SIERRA,DISTRITAL,Sierra con Población urbana de hasta 10 mil habitantes,575,148,427,0.4452923055521492,0.06590326122171808,24.0546903459271
010106,AMAZONAS,CHACHAPOYAS,CHUQUIBAMBA,SIERRA,DISTRITAL,Sierra con Población urbana de hasta 10 mil habitantes,1910,443,1467,0.4452923055521492,0.19726449135960208,72.00153934625476
010107,AMAZONAS,CHACHAPOYAS,GRANADA,SELVA,DISTRITAL,Selva con Población urbana de hasta 10 mil habitantes,543,164,379,0.5188473382439173,0.08509096347200243,31.058201667280887
010108,AMAZONAS,CHACHAPOYAS,HUANCAS,SIERRA,DISTRITAL,Sierra con Población urbana de hasta 10 mil habitantes,1500,1428,72,0.4839367527862208,0.6910616829787233,252.237514287234
010109,AMAZONAS,CHACHAPOYAS,LA JALCA,SELVA,DISTRITAL,Selva con Población urbana de hasta 10 mil habitantes,3697,1922,1775,0.5188473382439173,0.997224584104809,363.98697319825527
010110,AMAZONAS,CHACHAPOYAS,LEIMEBAMBA,SELVA,DISTRITAL,Selva con Población urbana de hasta 10 mil habitantes,3781,2672,1109,0.27,0.7214400000000001,263.3256
010111,AMAZONAS,CHACHAPOYAS,LEVANTO,SIERRA,DISTRITAL,Sierra con Población urbana de hasta 10 mil habitantes,789,397,392,0.4452923055521492,0.17678104530420324,64.52508153603418
010112,AMAZONAS,CHACHAPOYAS,MAGDALENA,SELVA,DISTRITAL,Selva con Población urbana de hasta 10 mil habitantes,906,697,209,0.5188473382439173,0.3616365947560103,131.99735708594375
010113,AMAZONAS,CHACHAPOYAS,MARISCAL CASTILLA,SELVA,DISTRITAL,Selva con Población urbana de hasta 10 mil habitantes,1586,1025,561,0.47561988783608683,0.487510385031989,177.94129053667598
010114,AMAZONAS,CHACHAPOYAS,MOLINOPAMPA,SIERRA,DISTRITAL,Sierra con Población urbana de hasta 10 mil habitantes,2235,535,1700,0.4452923055521492,0.23823138347039982,86.95445496669593
010115,AMAZONAS,CHACHAPOYAS,MONTEVIDEO,SELVA,DISTRITAL,Selva con Población urbana de hasta 10 mil habitantes,472,426,46,0.4458122266763847,0.18991600856413987,69.31934312591105
010116,AMAZONAS,CHACHAPOYAS,OLLEROS,SELVA,DISTRITAL,Selva con Población urbana de hasta 10 mil habitantes,441,127,314,0.5188473382439173,0.06589361195697749,24.05116836429678
010117,AMAZONAS,CHACHAPOYAS,QUINJALCA,SELVA,DISTRITAL,Selva con Población urbana de hasta 10 mil habitantes,778,77,701,0.5188473382439173,0.039951245044781626,14.582204441345294
010118,AMAZONAS,CHACHAPOYAS,SAN FRANCISCO DE DAGUAS,SELVA,DISTRITAL,Selva con Población urbana de hasta 10 mil habitantes,326,227,99,0.41,0.09307,33.97055
010119,AMAZONAS,CHACHAPOYAS,SAN ISIDRO DE MAINO,SELVA,DISTRITAL,Selva con Población urbana de hasta 10 mil habitantes,581,392,189,0.4,0.15680000000000002,57.232000000000006
010120,AMAZONAS,CHACHAPOYAS,SOLOCO,SELVA,DISTRITAL,Selva con Población urbana de hasta 10 mil habitantes,1243,180,1063,0.5188473382439173,0.09339252088390511,34.08827012262537
010121,AMAZONAS,CHACHAPOYAS,SONCHE,SELVA,DISTRITAL,Selva con Población urbana de hasta 10 mil habitantes,280,97,183,0.5188473382439173,0.05032819180965998,18.369790010525893
010201,AMAZONAS,BAGUA,BAGUA,SELVA,PROVINCIAL,Selva con Población urbana entre 10 mil y 50 mil habitantes,30479,27620,2859,0.54,6.67717,
010202,AMAZONAS,BAGUA,ARAMANGO,SELVA,DISTRITAL,Selva con Población urbana de hasta 10 mil habitantes,9919,2685,7234,0.8,2.148,784.0200000000001
010203,AMAZONAS,BAGUA,COPALLIN,SELVA,DISTRITAL,Selva con Población urbana de hasta 10 mil habitantes,4452,2158,2294,0.45,0.9711000000000001,354.4515
010204,AMAZONAS,BAGUA,EL PARCO,SELVA,DISTRITAL,Selva con Población urbana de hasta 10 mil habitantes,1273,646,627,0.54,0.34884000000000004,127.32660000000001
010205,AMAZONAS,BAGUA,IMAZA,SELVA,DISTRITAL,Selva con Población urbana de hasta 10 mil habitantes,33338,5781,27557,0.53,3.0639300000000005,1118.3344500000003
010206,AMAZONAS,BAGUA,LA PECA,SELVA,DISTRITAL,Selva con Población urbana de hasta 10 mil habitantes,6374,3871,2503,0.37,1.43227,522.77855
010301,AMAZONAS,BONGARA,JUMBILLA,SELVA,PROVINCIAL,Selva con Población urbana de hasta 10 mil habitantes,1283,1046,237,0.5188473382439173,0.5427143158031374,198.09072526814518
010302,AMAZONAS,BONGARA,CHISQUILLA,SELVA,DISTRITAL,Selva con Población urbana de hasta 10 mil habitantes,313,118,195,0.5188473382439173,0.06122398591278224,22.346754858165518
010303,AMAZONAS,BONGARA,CHURUJA,SELVA,DISTRITAL,Selva con Población urbana de hasta 10 mil habitantes,298,287,11,0.52,0.14924,54.47260000000001
010304,AMAZONAS,BONGARA,COROSHA,SELVA,DISTRITAL,Selva con Población urbana de hasta 10 mil habitantes,835,79,756,0.5188473382439173,0.04098893972126947,14.960962998263357
010305,AMAZONAS,BONGARA,CUISPES,SELVA,DISTRITAL,Selva con Población urbana de hasta 10 mil habitantes,662,359,303,0.5188473382439173,0.1862661944295663,67.98716096679169
010306,AMAZONAS,BONGARA,FLORIDA,SELVA,DISTRITAL,Selva con Población urbana de hasta 10 mil habitantes,6353,3763,2590,0.28,1.0536400000000001,384.57860000000005
010307,AMAZONAS,BONGARA,JAZAN,SELVA,DISTRITAL,Selva con Población urbana de hasta 10 mil habitantes,7774,6493,1281,0.2,1.2986000000000002,473.9890000000001
010308,AMAZONAS,BONGARA,RECTA,SELVA,DISTRITAL,Selva con Población urbana de hasta 10 mil habitantes,216,61,155,0.5188473382439173,0.03164968763287895,11.552135986000819
010309,AMAZONAS,BONGARA,SAN CARLOS,SELVA,DISTRITAL,Selva con Población urbana de hasta 10 mil habitantes,579,414,165,0.58,0.24011999999999997,87.64379999999998
010310,AMAZONAS,BONGARA,SHIPASBAMBA,SELVA,DISTRITAL,Selva con Población urbana de hasta 10 mil habitantes,1716,879,837,0.38,0.33402,121.9173
010311,AMAZONAS,BONGARA,VALERA,SELVA,DISTRITAL,Selva con Población urbana de hasta 10 mil habitantes,775,245,530,0.2,0.049,17.885
010312,AMAZONAS,BONGARA,YAMBRASBAMBA,SELVA,DISTRITAL,Selva con Población urbana de hasta 10 mil habitantes,5645,2133,3512,0.23,0.49059,179.06535000000002
010401,AMAZONAS,CONDORCANQUI,NIEVA,SELVA,PROVINCIAL,Selva con Población urbana de hasta 10 mil habitantes,20264,4178,16086,0.57,2.3814599999999997,869.2328999999999
010402,AMAZONAS,CONDORCANQUI,EL CENEPA,SELVA,DISTRITAL,Selva con Población urbana de hasta 10 mil habitantes,13122,1208,11914,0.5188473382439173,0.6267675845986521,228.77016837850803
010403,AMAZONAS,CONDORCANQUI,RIO SANTIAGO,SELVA,DISTRITAL,Selva con Población urbana de hasta 10 mil habitantes,18696,2501,16195,0.5188473382439173,1.2976371929480373,473.6375754260336
010501,AMAZONAS,LUYA,LAMUD,SIERRA,PROVINCIAL,Sierra con Población urbana de hasta 10 mil habitantes,2345,2078,267,0.52,1.08056,394.4044
010502,AMAZONAS,LUYA,CAMPORREDONDO,SELVA,DISTRITAL,Selva con Población urbana de hasta 10 mil habitantes,7644,4656,2988,0.5188473382439173,2.4157532068636787,881.7499205052427
010503,AMAZONAS,LUYA,COCABAMBA,SELVA,DISTRITAL,Selva con Población urbana de hasta 10 mil habitantes,1983,336,1647,0.5188473382439173,0.1743327056499562,63.63143756223401
010504,AMAZONAS,LUYA,COLCAMAR,SIERRA,DISTRITAL,Sierra con Población urbana de hasta 10 mil habitantes,1838,1157,681,0.4452923055521492,0.5152031975238366,188.04916709620036
010505,AMAZONAS,LUYA,CONILA,SELVA,DISTRITAL,Selva con Población urbana de hasta 10 mil habitantes,1875,1040,835,0.25,0.26,94.9
010506,AMAZONAS,LUYA,INGUILPATA,SIERRA,DISTRITAL,Sierra con Población urbana de hasta 10 mil habitantes,451,302,149,0.4452923055521492,0.13447827627674905,49.0845708410134
010507,AMAZONAS,LUYA,LONGUITA,SELVA,DISTRITAL,Selva con Población urbana de hasta 10 mil habitantes,860,199,661,0.32,0.06368,23.2432
010508,AMAZONAS,LUYA,LONYA CHICO,SIERRA,DISTRITAL,Sierra con Población urbana de hasta 10 mil habitantes,817,318,499,0.4452923055521492,0.14160295316558344,51.68507790543796
010509,AMAZONAS,LUYA,LUYA,SIERRA,DISTRITAL,Sierra con Población urbana de hasta 10 mil habitantes,4047,2308,1739,0.35,0.8078,294.847
010510,AMAZONAS,LUYA,LUYA VIEJO,SIERRA,DISTRITAL,Sierra con Población urbana de hasta 10 mil habitantes,398,398,0,0.4452923055521492,0.17722633760975537,64.6876132275607
010511,AMAZONAS,LUYA,MARIA,SELVA,DISTRITAL,Selva con Población urbana de hasta 10 mil habitantes,752,364,388,0.5188473382439173,0.18886043112078588,68.93405735908685
010512,AMAZONAS,LUYA,OCALLI,SELVA,DISTRITAL,Selva con Población urbana de hasta 10 mil habitantes,3957,1591,2366,0.3,0.47729999999999995,174.2145
010513,AMAZONAS,LUYA,OCUMAL,SELVA,DISTRITAL,Selva con Población urbana de hasta 10 mil habitantes,3641,504,3137,0.5188473382439173,0.2614990584749343,95.44715634335103
010514,AMAZONAS,LUYA,PISUQUIA,SIERRA,DISTRITAL,Sierra con Población urbana de hasta 10 mil habitantes,4940,366,4574,0.4452923055521492,0.1629769838320866,59.486599098711615
010515,AMAZONAS,LUYA,PROVIDENCIA,SIERRA,DISTRITAL,Sierra con Población urbana de hasta 10 mil habitantes,1356,250,1106,0.4452923055521492,0.1113230763880373,40.63292288163362
010516,AMAZONAS,LUYA,SAN CRISTOBAL,SIERRA,DISTRITAL,Sierra con Población urbana de hasta 10 mil habitantes,520,409,111,0.28,0.11452000000000001,41.799800000000005
010517,AMAZONAS,LUYA,SAN FRANCISCO DEL YESO,SIERRA,DISTRITAL,Sierra con Población urbana de hasta 10 mil habitantes,711,356,355,0.4452923055521492,0.1585240607765651,57.861282183446264
010518,AMAZONAS,LUYA,SAN JERONIMO,SIERRA,DISTRITAL,Sierra con Población urbana de hasta 10 mil habitantes,571,181,390,0.4452923055521492,0.08059790730493901,29.41823616630274
010519,AMAZONAS,LUYA,SAN JUAN DE LOPECANCHA,SELVA,DISTRITAL,Selva con Población urbana de hasta 10 mil habitantes,411,62,349,0.5188473382439173,0.032168534971122875,11.74151526445985
010520,AMAZONAS,LUYA,SANTA CATALINA,SIERRA,DISTRITAL,Sierra con Población urbana de hasta 10 mil habitantes,2189,437,1752,0.4452923055521492,0.1945927375262892,71.02634919709556
010521,AMAZONAS,LUYA,SANTO TOMAS,SELVA,DISTRITAL,Selva con Población urbana de hasta 10 mil habitantes,2935,813,2122,0.33,0.26829000000000003,97.92585000000001
010522,AMAZONAS,LUYA,TINGO,SIERRA,DISTRITAL,Sierra con Población urbana de hasta 10 mil habitantes,1381,776,605,0.4452923055521492,0.34554682910846785,126.12459262459076
010523,AMAZONAS,LUYA,TRITA,SIERRA,DISTRITAL,Sierra con Población urbana de hasta 10 mil habitantes,1459,886,573,0.38,0.33668,122.8882
010601,AMAZONAS,RODRIGUEZ DE MENDOZA,SAN NICOLAS,SELVA,PROVINCIAL,Selva con Población urbana de hasta 10 mil habitantes,6594,5457,1137,0.46,2.5102200000000003,916.2303000000002
010602,AMAZONAS,RODRIGUEZ DE MENDOZA,CHIRIMOTO,SELVA,DISTRITAL,Selva con Población urbana de hasta 10 mil habitantes,2946,73,2873,0.5188473382439173,0.03787585569180596,13.824687327509174
010603,AMAZONAS,RODRIGUEZ DE MENDOZA,COCHAMAL,SELVA,DISTRITAL,Selva con Población urbana de hasta 10 mil habitantes,639,554,85,0.46,0.25484,93.01660000000001
010604,AMAZONAS,RODRIGUEZ DE MENDOZA,HUAMBO,SELVA,DISTRITAL,Selva con Población urbana de hasta 10 mil habitantes,2515,727,1788,0.5188473382439173,0.37720201490332783,137.67873543971467
010605,AMAZONAS,RODRIGUEZ DE MENDOZA,LIMABAMBA,SELVA,DISTRITAL,Selva con Población urbana de hasta 10 mil habitantes,2338,420,1918,0.5188473382439173,0.21791588206244528,79.53929695279253
010606,AMAZONAS,RODRIGUEZ DE MENDOZA,LONGAR,SELVA,DISTRITAL,Selva con Población urbana de hasta 10 mil habitantes,1621,864,757,0.48,0.41472,151.37279999999998
010607,AMAZONAS,RODRIGUEZ DE MENDOZA,MARISCAL BENAVIDES,SELVA,DISTRITAL,Selva con Población urbana de hasta 10 mil habitantes,1519,1020,499,0.5188473382439173,0.5292242850087956,193.1668640282104
010608,AMAZONAS,RODRIGUEZ DE MENDOZA,MILPUC,SELVA,DISTRITAL,Selva con Población urbana de hasta 10 mil habitantes,405,229,176,0.52,0.11907999999999999,43.4642
010609,AMAZONAS,RODRIGUEZ DE MENDOZA,OMIA,SELVA,DISTRITAL,Selva con Población urbana de hasta 10 mil habitantes,10206,633,9573,0.58,0.36713999999999997,134.00609999999998
010610,AMAZONAS,RODRIGUEZ DE MENDOZA,SANTA ROSA,SELVA,DISTRITAL,Selva con Población urbana de hasta 10 mil habitantes,526,156,370,0.5188473382439173,0.0809401847660511,29.54316743960865
010611,AMAZONAS,RODRIGUEZ DE MENDOZA,TOTORA,SELVA,DISTRITAL,Selva con Población urbana de hasta 10 mil habitantes,286,64,222,0.5188473382439173,0.033206229647610705,12.120273821377907
010612,AMAZONAS,RODRIGUEZ DE MENDOZA,VISTA ALEGRE,SELVA,DISTRITAL,Selva con Población urbana de hasta 10 mil habitantes,4504,493,4011,0.5188473382439173,0.25579173775425124,93.36398428030171
010701,AMAZONAS,UTCUBAMBA,BAGUA GRANDE,SIERRA,PROVINCIAL,Sierra con Población urbana entre 10 mil y 50 mil habitantes,58947,40172,18775,0.55,22.094600000000003,8064.529000000001
010702,AMAZONAS,UTCUBAMBA,CAJARURO,SELVA,DISTRITAL,Selva con Población urbana de hasta 10 mil habitantes,23916,7649,16267,0.52,3.97748,1451.7802
010703,AMAZONAS,UTCUBAMBA,CUMBA,SIERRA,DISTRITAL,Sierra con Población urbana de hasta 10 mil habitantes,8620,3049,5571,0.58,1.7684199999999999,645.4733
010704,AMAZONAS,UTCUBAMBA,EL MILAGRO,SIERRA,DISTRITAL,Sierra con Población urbana de hasta 10 mil habitantes,6551,3040,3511,0.4452923055521492,1.3536886088785336,494.09634224066474
010705,AMAZONAS,UTCUBAMBA,JAMALCA,SIERRA,DISTRITAL,Sierra con Población urbana de hasta 10 mil habitantes,7087,1270,5817,0.56,0.7112,259.588
010706,AMAZONAS,UTCUBAMBA,LONYA GRANDE,SELVA,DISTRITAL,Selva con Población urbana de hasta 10 mil habitantes,11509,4005,7504,0.69,2.7634499999999997,1008.6592499999999
010707,AMAZONAS,UTCUBAMBA,YAMON,SIERRA,DISTRITAL,Sierra con Población urbana de hasta 10 mil habitantes,3249,558,2691,0.4452923055521492,0.24847310649809928,90.69268387180624
020101,ÁNCASH,HUARAZ,HUARAZ,SIERRA,PROVINCIAL,Sierra con Población urbana de más de 50 mil habitantes,69882,62721,7161,0.7,43.9047,16025.2155
020102,ÁNCASH,HUARAZ,COCHABAMBA,SIERRA,DISTRITAL,Sierra con Población urbana de hasta 10 mil habitantes,1669,397,1272,0.4452923055521492,0.17678104530420324,64.52508153603418
020103,ÁNCASH,HUARAZ,COLCABAMBA,SIERRA,DISTRITAL,Sierra con Población urbana de hasta 10 mil habitantes,252,100,152,0.4452923055521492,0.044529230555214926,16.25316915265345
020104,ÁNCASH,HUARAZ,HUANCHAY,SIERRA,DISTRITAL,Sierra con Población urbana de hasta 10 mil habitantes,1608,247,1361,0.4452923055521492,0.10998719947138086,40.14532780705402
020105,ÁNCASH,HUARAZ,INDEPENDENCIA,SIERRA,DISTRITAL,Sierra con Población urbana de más de 50 mil habitantes,90711,74178,16533,0.63,46.73214,17057.2311
020106,ÁNCASH,HUARAZ,JANGAS,SIERRA,DISTRITAL,Sierra con Población urbana de hasta 10 mil habitantes,5292,2562,2730,0.32,0.81984,299.2416
020107,ÁNCASH,HUARAZ,LA LIBERTAD,SIERRA,DISTRITAL,Sierra con Población urbana de hasta 10 mil habitantes,1095,254,841,0.4452923055521492,0.1131042456102459,41.28304964773975
020108,ÁNCASH,HUARAZ,OLLEROS,SIERRA,DISTRITAL,Sierra con Población urbana de hasta 10 mil habitantes,2498,1161,1337,0.43,0.49923,182.21895
020109,ÁNCASH,HUARAZ,PAMPAS,SIERRA,DISTRITAL,Sierra con Población urbana de hasta 10 mil habitantes,973,294,679,0.2,0.058800000000000005,21.462000000000003
020110,ÁNCASH,HUARAZ,PARIACOTO,SIERRA,DISTRITAL,Sierra con Población urbana de hasta 10 mil habitantes,5328,1266,4062,0.4452923055521492,0.5637400588290209,205.76512147259263
020111,ÁNCASH,HUARAZ,PIRA,SIERRA,DISTRITAL,Sierra con Población urbana de hasta 10 mil habitantes,3456,1044,2412,0.4452923055521492,0.4648851669964438,169.68308595370198
020112,ÁNCASH,HUARAZ,TARICA,SIERRA,DISTRITAL,Sierra con Población urbana de hasta 10 mil habitantes,7848,1962,5886,0.4452923055521492,0.8736635034933168,318.88717877506065
020201,ÁNCASH,AIJA,AIJA,SIERRA,PROVINCIAL,Sierra con Población urbana de hasta 10 mil habitantes,2184,1005,1179,0.67,0.67335,245.77275
020202,ÁNCASH,AIJA,CORIS,SIERRA,DISTRITAL,Sierra con Población urbana de hasta 10 mil habitantes,1538,328,1210,0.4452923055521492,0.14605587622110494,53.3103948207033
020203,ÁNCASH,AIJA,HUACLLAN,SIERRA,DISTRITAL,Sierra con Población urbana de hasta 10 mil habitantes,327,179,148,0.4452923055521492,0.07970732269383471,29.09317278324967
020204,ÁNCASH,AIJA,LA MERCED,SIERRA,DISTRITAL,Sierra con Población urbana de hasta 10 mil habitantes,1418,210,1208,0.4452923055521492,0.09351138416595134,34.13165522057224
020205,ÁNCASH,AIJA,SUCCHA,SIERRA,DISTRITAL,Sierra con Población urbana de hasta 10 mil habitantes,703,264,439,0.4452923055521492,0.11755716866576739,42.908366563005096
020301,ÁNCASH,ANTONIO RAYMONDI,LLAMELLIN,SIERRA,PROVINCIAL,Sierra con Población urbana de hasta 10 mil habitantes,3325,1708,1617,0.39,0.66612,243.1338
020302,ÁNCASH,ANTONIO RAYMONDI,ACZO,SIERRA,DISTRITAL,Sierra con Población urbana de hasta 10 mil habitantes,1863,708,1155,0.4452923055521492,0.3152669523309216,115.07243760078639
020303,ÁNCASH,ANTONIO RAYMONDI,CHACCHO,SIERRA,DISTRITAL,Sierra con Población urbana de hasta 10 mil habitantes,1283,377,906,0.4452923055521492,0.16787519919316027,61.2744477055035
020304,ÁNCASH,ANTONIO RAYMONDI,CHINGAS,SIERRA,DISTRITAL,Sierra con Población urbana de hasta 10 mil habitantes,1843,792,1051,0.4452923055521492,0.3526715059973022,128.7250996890153
020305,ÁNCASH,ANTONIO RAYMONDI,MIRGAS,SIERRA,DISTRITAL,Sierra con Población urbana de hasta 10 mil habitantes,3986,1106,2880,0.4452923055521492,0.49249328994067704,179.76005082834712
020306,ÁNCASH,ANTONIO RAYMONDI,SAN JUAN DE RONTOY,SIERRA,DISTRITAL,Sierra con Población urbana de hasta 10 mil habitantes,1104,159,945,0.4452923055521492,0.07080147658279172,25.84253895271898
020401,ÁNCASH,ASUNCIÓN,CHACAS,SIERRA,PROVINCIAL,Sierra con Población urbana de hasta 10 mil habitantes,4665,1822,2843,0.36,0.65592,239.4108
020402,ÁNCASH,ASUNCIÓN,ACOCHACA,SIERRA,DISTRITAL,Sierra con Población urbana de hasta 10 mil habitantes,2792,209,2583,0.4452923055521492,0.09306609186039919,33.9691235290457
020501,ÁNCASH,BOLOGNESI,CHIQUIAN,SIERRA,PROVINCIAL,Sierra con Población urbana de hasta 10 mil habitantes,3990,3692,298,0.37,1.36604,498.60459999999995
020502,ÁNCASH,BOLOGNESI,ABELARDO PARDO LEZAMETA,SIERRA,DISTRITAL,Sierra con Población urbana de hasta 10 mil habitantes,203,163,40,0.74,0.12062,44.0263
020503,ÁNCASH,BOLOGNESI,ANTONIO RAYMONDI,SIERRA,DISTRITAL,Sierra con Población urbana de hasta 10 mil habitantes,958,300,658,0.4452923055521492,0.13358769166564477,48.75950745796034
020504,ÁNCASH,BOLOGNESI,AQUIA,SIERRA,DISTRITAL,Sierra con Población urbana de hasta 10 mil habitantes,1925,949,976,0.4452923055521492,0.4225823979689896,154.2425752586812
020505,ÁNCASH,BOLOGNESI,CAJACAY,SIERRA,DISTRITAL,Sierra con Población urbana de hasta 10 mil habitantes,1899,688,1211,0.4452923055521492,0.30636110621987866,111.82180377025571
020506,ÁNCASH,BOLOGNESI,CANIS,SIERRA,DISTRITAL,Sierra con Población urbana de hasta 10 mil habitantes,246,236,10,0.4452923055521492,0.1050889841103072,38.35747920026213
020507,ÁNCASH,BOLOGNESI,COLQUIOC,COSTA,DISTRITAL,Costa con Población urbana de hasta 10 mil habitantes,2183,1484,699,0.4881283256607997,0.7243824352806267,264.39958887742876
020508,ÁNCASH,BOLOGNESI,HUALLANCA,SIERRA,DISTRITAL,Sierra con Población urbana de hasta 10 mil habitantes,6304,5174,1130,0.76,3.93224,1435.2676000000001
020509,ÁNCASH,BOLOGNESI,HUASTA,SIERRA,DISTRITAL,Sierra con Población urbana de hasta 10 mil habitantes,1210,908,302,0.29,0.26332,96.1118
020510,ÁNCASH,BOLOGNESI,HUAYLLACAYAN,SIERRA,DISTRITAL,Sierra con Población urbana de hasta 10 mil habitantes,1298,313,985,0.4452923055521492,0.1393764916378227,50.872419447805285
020511,ÁNCASH,BOLOGNESI,LA PRIMAVERA,SIERRA,DISTRITAL,Sierra con Población urbana de hasta 10 mil habitantes,399,293,106,0.37,0.10840999999999999,39.569649999999996
020512,ÁNCASH,BOLOGNESI,MANGAS,SIERRA,DISTRITAL,Sierra con Población urbana de hasta 10 mil habitantes,486,350,136,0.37,0.1295,47.2675
020513,ÁNCASH,BOLOGNESI,PACLLON,SIERRA,DISTRITAL,Sierra con Población urbana de hasta 10 mil habitantes,792,694,98,0.4452923055521492,0.3090328600531915,112.7969939194149
020514,ÁNCASH,BOLOGNESI,SAN MIGUEL DE CORPANQUI,SIERRA,DISTRITAL,Sierra con Población urbana de hasta 10 mil habitantes,429,350,79,0.42,0.147,53.654999999999994
020515,ÁNCASH,BOLOGNESI,TICLLOS,SIERRA,DISTRITAL,Sierra con Población urbana de hasta 10 mil habitantes,580,495,85,0.4452923055521492,0.22041969124831384,80.45318730563456
020601,ÁNCASH,CARHUAZ,CARHUAZ,SIERRA,PROVINCIAL,Sierra con Población urbana entre 10 mil y 50 mil habitantes,16917,10483,6434,0.35,3.66905,1339.20325
020602,ÁNCASH,CARHUAZ,ACOPAMPA,SIERRA,DISTRITAL,Sierra con Población urbana de hasta 10 mil habitantes,2820,988,1832,0.23,0.22724,82.9426
020603,ÁNCASH,CARHUAZ,AMASHCA,SIERRA,DISTRITAL,Sierra con Población urbana de hasta 10 mil habitantes,1491,686,805,0.4452923055521492,0.30547052160877436,111.49674038720264
020604,ÁNCASH,CARHUAZ,ANTA,SIERRA,DISTRITAL,Sierra con Población urbana de hasta 10 mil habitantes,2613,737,1876,0.4452923055521492,0.32818042919193396,119.7858566550559
020605,ÁNCASH,CARHUAZ,ATAQUERO,SIERRA,DISTRITAL,Sierra con Población urbana de hasta 10 mil habitantes,1628,276,1352,0.63,0.17388,63.4662
020606,ÁNCASH,CARHUAZ,MARCARA,SIERRA,DISTRITAL,Sierra con Población urbana de hasta 10 mil habitantes,11067,3913,7154,0.34,1.3304200000000002,485.60330000000005
020607,ÁNCASH,CARHUAZ,PARIAHUANCA,SIERRA,DISTRITAL,Sierra con Población urbana de hasta 10 mil habitantes,1454,605,849,0.4452923055521492,0.2694018448590503,98.33167337355336
020608,ÁNCASH,CARHUAZ,SAN MIGUEL DE ACO,SIERRA,DISTRITAL,Sierra con Población urbana de hasta 10 mil habitantes,2498,364,2134,0.4452923055521492,0.1620863992209823,59.161535715658545
020609,ÁNCASH,CARHUAZ,SHILLA,SIERRA,DISTRITAL,Sierra con Población urbana de hasta 10 mil habitantes,2886,916,1970,0.49,0.44883999999999996,163.82659999999998
020610,ÁNCASH,CARHUAZ,TINCO,SIERRA,DISTRITAL,Sierra con Población urbana de hasta 10 mil habitantes,3995,1636,2359,0.4452923055521492,0.7284982118833161,265.9018473374104
020611,ÁNCASH,CARHUAZ,YUNGAR,SIERRA,DISTRITAL,Sierra con Población urbana de hasta 10 mil habitantes,3300,693,2607,0.4452923055521492,0.3085875677476394,112.63446222788838
020701,ÁNCASH,CARLOS F. FITZCARRALD,SAN LUIS,SIERRA,PROVINCIAL,Sierra con Población urbana de hasta 10 mil habitantes,10842,3446,7396,0.34,1.17164,427.6486
020702,ÁNCASH,CARLOS F. FITZCARRALD,SAN NICOLAS,SIERRA,DISTRITAL,Sierra con Población urbana de hasta 10 mil habitantes,3101,968,2133,0.4452923055521492,0.43104295177448043,157.33067739768535
020703,ÁNCASH,CARLOS F. FITZCARRALD,YAUYA,SIERRA,DISTRITAL,Sierra con Población urbana de hasta 10 mil habitantes,3982,757,3225,0.4452923055521492,0.33708627530297697,123.0364904855866
020801,ÁNCASH,CASMA,CASMA,COSTA,PROVINCIAL,Costa con Población urbana entre 10 mil y 50 mil habitantes,42209,38111,4098,0.62,23.62882,8624.5193
020802,ÁNCASH,CASMA,BUENA VISTA ALTA,COSTA,DISTRITAL,Costa con Población urbana de hasta 10 mil habitantes,5645,2770,2875,0.4881283256607997,1.3521154620804152,493.52214365935157
020803,ÁNCASH,CASMA,COMANDANTE NOEL,COSTA,DISTRITAL,Costa con Población urbana de hasta 10 mil habitantes,2375,1648,727,0.4881283256607997,0.804435480688998,293.61895045148424
020804,ÁNCASH,CASMA,YAUTAN,COSTA,DISTRITAL,Costa con Población urbana de hasta 10 mil habitantes,9376,3215,6161,0.32,1.0288,375.512
020901,ÁNCASH,CORONGO,CORONGO,SIERRA,PROVINCIAL,Sierra con Población urbana de hasta 10 mil habitantes,1795,1310,485,0.4452923055521492,0.5833329202733155,212.91651589976016
020902,ÁNCASH,CORONGO,ACO,SIERRA,DISTRITAL,Sierra con Población urbana de hasta 10 mil habitantes,352,181,171,0.4452923055521492,0.08059790730493901,29.41823616630274
020903,ÁNCASH,CORONGO,BAMBAS,SIERRA,DISTRITAL,Sierra con Población urbana de hasta 10 mil habitantes,464,379,85,0.4452923055521492,0.16876578380426455,61.59951108855656
020904,ÁNCASH,CORONGO,CUSCA,SIERRA,DISTRITAL,Sierra con Población urbana de hasta 10 mil habitantes,2901,1056,1845,0.4452923055521492,0.47022867466306956,171.63346625202038
020905,ÁNCASH,CORONGO,LA PAMPA,SIERRA,DISTRITAL,Sierra con Población urbana de hasta 10 mil habitantes,1044,767,277,0.26,0.19942000000000001,72.7883
020906,ÁNCASH,CORONGO,YANAC,SIERRA,DISTRITAL,Sierra con Población urbana de hasta 10 mil habitantes,638,227,411,0.4452923055521492,0.10108135336033787,36.89469397652332
020907,ÁNCASH,CORONGO,YUPAN,SIERRA,DISTRITAL,Sierra con Población urbana de hasta 10 mil habitantes,712,662,50,0.4452923055521492,0.29478350627552274,107.5959797905658
021001,ÁNCASH,HUARI,HUARI,SIERRA,PROVINCIAL,Sierra con Población urbana de hasta 10 mil habitantes,9786,6070,3716,0.33,2.0031000000000003,731.1315000000001
021002,ÁNCASH,HUARI,ANRA,SIERRA,DISTRITAL,Sierra con Población urbana de hasta 10 mil habitantes,1371,264,1107,0.28,0.07392,26.9808
021003,ÁNCASH,HUARI,CAJAY,SIERRA,DISTRITAL,Sierra con Población urbana de hasta 10 mil habitantes,2637,615,2022,0.31,0.19065000000000001,69.58725000000001
021004,ÁNCASH,HUARI,CHAVIN DE HUANTAR,SIERRA,DISTRITAL,Sierra con Población urbana de hasta 10 mil habitantes,8464,2228,6236,0.4452923055521492,0.9921112567701884,362.12060872111874
021005,ÁNCASH,HUARI,HUACACHI,SIERRA,DISTRITAL,Sierra con Población urbana de hasta 10 mil habitantes,1830,742,1088,0.4452923055521492,0.33040689071969476,120.59851511268859
021006,ÁNCASH,HUARI,HUACCHIS,SIERRA,DISTRITAL,Sierra con Población urbana de hasta 10 mil habitantes,1330,870,460,0.4452923055521492,0.38740430583036983,141.40257162808498
021007,ÁNCASH,HUARI,HUACHIS,SIERRA,DISTRITAL,Sierra con Población urbana de hasta 10 mil habitantes,3614,1547,2067,0.4452923055521492,0.6888671966891748,251.43652679154883
021008,ÁNCASH,HUARI,HUANTAR,SIERRA,DISTRITAL,Sierra con Población urbana de hasta 10 mil habitantes,2737,901,1836,0.2,0.18020000000000003,65.77300000000001
021009,ÁNCASH,HUARI,MASIN,SIERRA,DISTRITAL,Sierra con Población urbana de hasta 10 mil habitantes,1297,712,585,0.4452923055521492,0.3170481215531302,115.72256436689253
021010,ÁNCASH,HUARI,PAUCAS,SIERRA,DISTRITAL,Sierra con Población urbana de hasta 10 mil habitantes,1511,1177,334,0.66,0.7768200000000001,283.5393
021011,ÁNCASH,HUARI,PONTO,SIERRA,DISTRITAL,Sierra con Población urbana de hasta 10 mil habitantes,2647,831,1816,0.4452923055521492,0.37003790591383595,135.06383565855012
021012,ÁNCASH,HUARI,RAHUAPAMPA,SIERRA,DISTRITAL,Sierra con Población urbana de hasta 10 mil habitantes,764,520,244,0.7,0.364,132.85999999999999
021013,ÁNCASH,HUARI,RAPAYAN,SIERRA,DISTRITAL,Sierra con Población urbana de hasta 10 mil habitantes,1433,632,801,0.4452923055521492,0.2814247371089583,102.72002904476979
021014,ÁNCASH,HUARI,SAN MARCOS,SIERRA,DISTRITAL,Sierra con Población urbana de hasta 10 mil habitantes,19991,4892,15099,0.34,1.66328,607.0972
021015,ÁNCASH,HUARI,SAN PEDRO DE CHANA,SIERRA,DISTRITAL,Sierra con Población urbana de hasta 10 mil habitantes,2724,1059,1665,0.4452923055521492,0.471564551579726,172.1210613266
021016,ÁNCASH,HUARI,UCO,SIERRA,DISTRITAL,Sierra con Población urbana de hasta 10 mil habitantes,1246,620,626,0.4452923055521492,0.27608122944233254,100.76964874645138
021101,ÁNCASH,HUARMEY,HUARMEY,COSTA,PROVINCIAL,Costa con Población urbana entre 10 mil y 50 mil habitantes,27805,23924,3881,0.75,17.943,6549.195000000001
021102,ÁNCASH,HUARMEY,COCHAPETI,COSTA,DISTRITAL,Costa con Población urbana de hasta 10 mil habitantes,797,212,585,0.4881283256607997,0.10348320504008954,37.77136983963268
021103,ÁNCASH,HUARMEY,CULEBRAS,COSTA,DISTRITAL,Costa con Población urbana de hasta 10 mil habitantes,3424,1718,1706,0.43,0.7387400000000001,269.6401
021104,ÁNCASH,HUARMEY,HUAYAN,COSTA,DISTRITAL,Costa con Población urbana de hasta 10 mil habitantes,950,349,601,0.4881283256607997,0.1703567856556191,62.18022676430097
021105,ÁNCASH,HUARMEY,MALVAS,COSTA,DISTRITAL,Costa con Población urbana de hasta 10 mil habitantes,742,301,441,0.4881283256607997,0.14692662602390072,53.62821849872376
021201,ÁNCASH,HUAYLAS,CARAZ,SIERRA,PROVINCIAL,Sierra con Población urbana entre 10 mil y 50 mil habitantes,27281,15605,11676,0.69,10.767449999999998,3930.1192499999993
021202,ÁNCASH,HUAYLAS,HUALLANCA,SIERRA,DISTRITAL,Sierra con Población urbana de hasta 10 mil habitantes,1130,535,595,0.4452923055521492,0.23823138347039982,86.95445496669593
021203,ÁNCASH,HUAYLAS,HUATA,SIERRA,DISTRITAL,Sierra con Población urbana de hasta 10 mil habitantes,1377,188,1189,0.4452923055521492,0.08371495344380404,30.555958006988476
021204,ÁNCASH,HUAYLAS,HUAYLAS,SIERRA,DISTRITAL,Sierra con Población urbana de hasta 10 mil habitantes,1682,350,1332,0.32,0.112,40.88
021205,ÁNCASH,HUAYLAS,MATO,SIERRA,DISTRITAL,Sierra con Población urbana de hasta 10 mil habitantes,1928,916,1012,0.4452923055521492,0.4078877518857687,148.87902943830557
021206,ÁNCASH,HUAYLAS,PAMPAROMAS,SIERRA,DISTRITAL,Sierra con Población urbana de hasta 10 mil habitantes,8578,414,8164,0.4452923055521492,0.18435101449858976,67.28812029198527
021207,ÁNCASH,HUAYLAS,PUEBLO LIBRE,SIERRA,DISTRITAL,Sierra con Población urbana de hasta 10 mil habitantes,7001,455,6546,0.31,0.14105,51.483250000000005
021208,ÁNCASH,HUAYLAS,SANTA CRUZ,SIERRA,DISTRITAL,Sierra con Población urbana de hasta 10 mil habitantes,4568,627,3941,0.31,0.19437000000000001,70.94505000000001
021209,ÁNCASH,HUAYLAS,SANTO TORIBIO,SIERRA,DISTRITAL,Sierra con Población urbana de hasta 10 mil habitantes,1069,233,836,0.4452923055521492,0.10375310719365076,37.869884125682525
021210,ÁNCASH,HUAYLAS,YURACMARCA,SIERRA,DISTRITAL,Sierra con Población urbana de hasta 10 mil habitantes,2239,455,1784,0.4452923055521492,0.2026079990262279,73.95191964457318
021301,ÁNCASH,MARISCAL LUZURIAGA,PISCOBAMBA,SIERRA,PROVINCIAL,Sierra con Población urbana de hasta 10 mil habitantes,3063,1362,1701,0.45,0.6129,223.7085
021302,ÁNCASH,MARISCAL LUZURIAGA,CASCA,SIERRA,DISTRITAL,Sierra con Población urbana de hasta 10 mil habitantes,3902,306,3596,0.4452923055521492,0.13625944549895766,49.73469760711954
021303,ÁNCASH,MARISCAL LUZURIAGA,ELEAZAR GUZMAN BARRON,SIERRA,DISTRITAL,Sierra con Población urbana de hasta 10 mil habitantes,1394,141,1253,0.4452923055521492,0.06278621508285304,22.916968505241357
021304,ÁNCASH,MARISCAL LUZURIAGA,FIDEL OLIVAS ESCUDERO,SIERRA,DISTRITAL,Sierra con Población urbana de hasta 10 mil habitantes,1886,146,1740,0.4452923055521492,0.06501267661061379,23.729626962874033
021305,ÁNCASH,MARISCAL LUZURIAGA,LLAMA,SIERRA,DISTRITAL,Sierra con Población urbana de hasta 10 mil habitantes,965,124,841,0.4452923055521492,0.055216245888466506,20.153929749290274
021306,ÁNCASH,MARISCAL LUZURIAGA,LLUMPA,SIERRA,DISTRITAL,Sierra con Población urbana de hasta 10 mil habitantes,6395,342,6053,0.4452923055521492,0.15228996849883503,55.585838502074786
021307,ÁNCASH,MARISCAL LUZURIAGA,LUCMA,SIERRA,DISTRITAL,Sierra con Población urbana de hasta 10 mil habitantes,2787,112,2675,0.4452923055521492,0.04987273822184071,18.20354945097186
021308,ÁNCASH,MARISCAL LUZURIAGA,MUSGA,SIERRA,DISTRITAL,Sierra con Población urbana de hasta 10 mil habitantes,994,299,695,0.4452923055521492,0.13314239936009262,48.59697576643381
021401,ÁNCASH,OCROS,OCROS,SIERRA,PROVINCIAL,Sierra con Población urbana de hasta 10 mil habitantes,1227,810,417,0.55,0.44550000000000006,162.60750000000002
021402,ÁNCASH,OCROS,ACAS,SIERRA,DISTRITAL,Sierra con Población urbana de hasta 10 mil habitantes,603,295,308,0.4452923055521492,0.131361230137884,47.94684900032766
021403,ÁNCASH,OCROS,CAJAMARQUILLA,SIERRA,DISTRITAL,Sierra con Población urbana de hasta 10 mil habitantes,275,266,9,0.4452923055521492,0.1184477532768717,43.233429946058166
021404,ÁNCASH,OCROS,CARHUAPAMPA,SIERRA,DISTRITAL,Sierra con Población urbana de hasta 10 mil habitantes,395,361,34,0.4452923055521492,0.16075052230432588,58.67394064107894
021405,ÁNCASH,OCROS,COCHAS,COSTA,DISTRITAL,Costa con Población urbana de hasta 10 mil habitantes,1586,471,1115,0.4881283256607997,0.22990844138623667,83.91658110597639
021406,ÁNCASH,OCROS,CONGAS,SIERRA,DISTRITAL,Sierra con Población urbana de hasta 10 mil habitantes,1287,911,376,0.46,0.41906,152.9569
021407,ÁNCASH,OCROS,LLIPA,SIERRA,DISTRITAL,Sierra con Población urbana de hasta 10 mil habitantes,225,203,22,0.4452923055521492,0.0903943380270863,32.9939333798865
021408,ÁNCASH,OCROS,SAN CRISTOBAL DE RAJAN,SIERRA,DISTRITAL,Sierra con Población urbana de hasta 10 mil habitantes,383,282,101,0.4452923055521492,0.12557243016570607,45.833937010482714
021409,ÁNCASH,OCROS,SAN PEDRO,COSTA,DISTRITAL,Costa con Población urbana de hasta 10 mil habitantes,458,154,304,0.4881283256607997,0.07517176215176316,27.437693185393552
021410,ÁNCASH,OCROS,SANTIAGO DE CHILCAS,SIERRA,DISTRITAL,Sierra con Población urbana de hasta 10 mil habitantes,458,316,142,0.54,0.17064000000000001,62.28360000000001
021501,ÁNCASH,PALLASCA,CABANA,SIERRA,PROVINCIAL,Sierra con Población urbana de hasta 10 mil habitantes,2522,1840,682,0.65,1.196,436.53999999999996
021502,ÁNCASH,PALLASCA,BOLOGNESI,SIERRA,DISTRITAL,Sierra con Población urbana de hasta 10 mil habitantes,959,310,649,0.4452923055521492,0.13804061472116627,50.38482437322569
021503,ÁNCASH,PALLASCA,CONCHUCOS,SIERRA,DISTRITAL,Sierra con Población urbana de hasta 10 mil habitantes,7720,4157,3563,0.55,2.2863500000000005,834.5177500000002
021504,ÁNCASH,PALLASCA,HUACASCHUQUE,SIERRA,DISTRITAL,Sierra con Población urbana de hasta 10 mil habitantes,506,189,317,0.4452923055521492,0.08416024574935621,30.718489698515018
021505,ÁNCASH,PALLASCA,HUANDOVAL,SIERRA,DISTRITAL,Sierra con Población urbana de hasta 10 mil habitantes,1059,676,383,0.4452923055521492,0.3010175985532529,109.8714234719373
021506,ÁNCASH,PALLASCA,LACABAMBA,SIERRA,DISTRITAL,Sierra con Población urbana de hasta 10 mil habitantes,494,265,229,0.4452923055521492,0.11800246097131954,43.070898254531635
021507,ÁNCASH,PALLASCA,LLAPO,SIERRA,DISTRITAL,Sierra con Población urbana de hasta 10 mil habitantes,607,590,17,0.8,0.472,172.28
021508,ÁNCASH,PALLASCA,PALLASCA,SIERRA,DISTRITAL,Sierra con Población urbana de hasta 10 mil habitantes,2470,949,1521,0.4452923055521492,0.4225823979689896,154.2425752586812
021509,ÁNCASH,PALLASCA,PAMPAS,SIERRA,DISTRITAL,Sierra con Población urbana de hasta 10 mil habitantes,3287,1978,1309,0.71,1.40438,512.5987
021510,ÁNCASH,PALLASCA,SANTA ROSA,SIERRA,DISTRITAL,Sierra con Población urbana de hasta 10 mil habitantes,1133,309,824,0.4452923055521492,0.13759532241561412,50.22229268169915
021511,ÁNCASH,PALLASCA,TAUCA,SIERRA,DISTRITAL,Sierra con Población urbana de hasta 10 mil habitantes,2704,1223,1481,0.2,0.2446,89.27900000000001
021601,ÁNCASH,POMABAMBA,POMABAMBA,SIERRA,PROVINCIAL,Sierra con Población urbana de hasta 10 mil habitantes,14818,5316,9502,0.66,3.50856,1280.6244000000002
021602,ÁNCASH,POMABAMBA,HUAYLLAN,SIERRA,DISTRITAL,Sierra con Población urbana de hasta 10 mil habitantes,2936,432,2504,0.4452923055521492,0.19236627599852846,70.21369073946289
021603,ÁNCASH,POMABAMBA,PAROBAMBA,SIERRA,DISTRITAL,Sierra con Población urbana de hasta 10 mil habitantes,6239,949,5290,0.4452923055521492,0.4225823979689896,154.2425752586812
021604,ÁNCASH,POMABAMBA,QUINUABAMBA,SIERRA,DISTRITAL,Sierra con Población urbana de hasta 10 mil habitantes,2276,204,2072,0.4452923055521492,0.09083963033263844,33.15646507141303
021701,ÁNCASH,RECUAY,RECUAY,SIERRA,PROVINCIAL,Sierra con Población urbana de hasta 10 mil habitantes,4374,3004,1370,0.52,1.5620800000000001,570.1592
021702,ÁNCASH,RECUAY,CATAC,SIERRA,DISTRITAL,Sierra con Población urbana de hasta 10 mil habitantes,3990,2626,1364,0.35,0.9190999999999999,335.4715
021703,ÁNCASH,RECUAY,COTAPARACO,SIERRA,DISTRITAL,Sierra con Población urbana de hasta 10 mil habitantes,362,316,46,0.66,0.20856,76.1244
021704,ÁNCASH,RECUAY,HUAYLLAPAMPA,SIERRA,DISTRITAL,Sierra con Población urbana de hasta 10 mil habitantes,511,255,256,0.4452923055521492,0.11354953791579805,41.44558133926629
021705,ÁNCASH,RECUAY,LLACLLIN,SIERRA,DISTRITAL,Sierra con Población urbana de hasta 10 mil habitantes,776,605,171,0.45,0.27225,99.37125
021706,ÁNCASH,RECUAY,MARCA,SIERRA,DISTRITAL,Sierra con Población urbana de hasta 10 mil habitantes,2071,1895,176,0.8,1.516,553.34
021707,ÁNCASH,RECUAY,PAMPAS CHICO,SIERRA,DISTRITAL,Sierra con Población urbana de hasta 10 mil habitantes,762,416,346,0.4452923055521492,0.18524159910969407,67.61318367503833
021708,ÁNCASH,RECUAY,PARARIN,COSTA,DISTRITAL,Costa con Población urbana de hasta 10 mil habitantes,1768,416,1352,0.4881283256607997,0.2030613834748927,74.11740496833583
021709,ÁNCASH,RECUAY,TAPACOCHA,SIERRA,DISTRITAL,Sierra con Población urbana de hasta 10 mil habitantes,412,264,148,0.4452923055521492,0.11755716866576739,42.908366563005096
021710,ÁNCASH,RECUAY,TICAPAMPA,SIERRA,DISTRITAL,Sierra con Población urbana de hasta 10 mil habitantes,2761,1758,1003,0.4452923055521492,0.7828238731606784,285.7307137036476
021801,ÁNCASH,SANTA,CHIMBOTE,COSTA,PROVINCIAL,Costa con Población urbana de más de 50 mil habitantes,216277,205938,10339,0.6,123.56279999999998,45100.42199999999
021802,ÁNCASH,SANTA,CACERES DEL PERU,SIERRA,DISTRITAL,Sierra con Población urbana de hasta 10 mil habitantes,4736,880,3856,0.4452923055521492,0.3918572288858913,143.02788854335031
021803,ÁNCASH,SANTA,COISHCO,COSTA,DISTRITAL,Costa con Población urbana entre 10 mil y 50 mil habitantes,17704,17704,0,0.61,10.79944,3941.7956000000004
021804,ÁNCASH,SANTA,MACATE,SIERRA,DISTRITAL,Sierra con Población urbana de hasta 10 mil habitantes,3159,291,2868,0.4452923055521492,0.12958006091567542,47.29672223422153
021805,ÁNCASH,SANTA,MORO,SIERRA,DISTRITAL,Sierra con Población urbana de hasta 10 mil habitantes,8791,4152,4639,0.66,2.74032,1000.2168
021806,ÁNCASH,SANTA,NEPEÑA,COSTA,DISTRITAL,Costa con Población urbana entre 10 mil y 50 mil habitantes,14908,13697,1211,0.45,6.1636500000000005,2249.73225
021807,ÁNCASH,SANTA,SAMANCO,COSTA,DISTRITAL,Costa con Población urbana de hasta 10 mil habitantes,5355,3846,1509,0.37,1.42302,519.4023
021808,ÁNCASH,SANTA,SANTA,COSTA,DISTRITAL,Costa con Población urbana entre 10 mil y 50 mil habitantes,23318,20753,2565,0.41,8.50873,3105.68645
021809,ÁNCASH,SANTA,NUEVO CHIMBOTE,COSTA,DISTRITAL,Costa con Población urbana de más de 50 mil habitantes,189526,188077,1449,0.56,105.32312,38442.9388
021901,ÁNCASH,SIHUAS,SIHUAS,SIERRA,PROVINCIAL,Sierra con Población urbana de hasta 10 mil habitantes,5726,4377,1349,0.54,2.3635800000000002,862.7067000000001
021902,ÁNCASH,SIHUAS,ACOBAMBA,SIERRA,DISTRITAL,Sierra con Población urbana de hasta 10 mil habitantes,1572,721,851,0.4452923055521492,0.32105575230309963,117.18534959063136
021903,ÁNCASH,SIHUAS,ALFONSO UGARTE,SIERRA,DISTRITAL,Sierra con Población urbana de hasta 10 mil habitantes,466,160,306,0.4452923055521492,0.07124676888834389,26.005070644245517
021904,ÁNCASH,SIHUAS,CASHAPAMPA,SIERRA,DISTRITAL,Sierra con Población urbana de hasta 10 mil habitantes,2882,578,2304,0.4452923055521492,0.25737895260914223,93.94331770233691
021905,ÁNCASH,SIHUAS,CHINGALPO,SIERRA,DISTRITAL,Sierra con Población urbana de hasta 10 mil habitantes,870,406,464,0.4452923055521492,0.1807886760541726,65.987866759773
021906,ÁNCASH,SIHUAS,HUAYLLABAMBA,SIERRA,DISTRITAL,Sierra con Población urbana de hasta 10 mil habitantes,3567,924,2643,0.4452923055521492,0.4114500903301859,150.17928297051787
021907,ÁNCASH,SIHUAS,QUICHES,SIERRA,DISTRITAL,Sierra con Población urbana de hasta 10 mil habitantes,2310,480,1830,0.4452923055521492,0.21374030666503163,78.01521193273655
021908,ÁNCASH,SIHUAS,RAGASH,SIERRA,DISTRITAL,Sierra con Población urbana de hasta 10 mil habitantes,2315,306,2009,0.4452923055521492,0.13625944549895766,49.73469760711954
021909,ÁNCASH,SIHUAS,SAN JUAN,SIERRA,DISTRITAL,Sierra con Población urbana de hasta 10 mil habitantes,6960,583,6377,0.4452923055521492,0.25960541413690297,94.75597615996958
021910,ÁNCASH,SIHUAS,SICSIBAMBA,SIERRA,DISTRITAL,Sierra con Población urbana de hasta 10 mil habitantes,1423,603,820,0.4452923055521492,0.26851126024794597,98.00660999050028
022001,ÁNCASH,YUNGAY,YUNGAY,SIERRA,PROVINCIAL,Sierra con Población urbana de hasta 10 mil habitantes,22654,9862,12792,0.41,4.043419999999999,1475.8482999999997
022002,ÁNCASH,YUNGAY,CASCAPARA,SIERRA,DISTRITAL,Sierra con Población urbana de hasta 10 mil habitantes,1643,137,1506,0.47,0.06439,23.50235
022003,ÁNCASH,YUNGAY,MANCOS,SIERRA,DISTRITAL,Sierra con Población urbana de hasta 10 mil habitantes,6821,2211,4610,0.35,0.7738499999999999,282.45525
022004,ÁNCASH,YUNGAY,MATACOTO,SIERRA,DISTRITAL,Sierra con Población urbana de hasta 10 mil habitantes,1536,321,1215,0.2,0.06420000000000001,23.433000000000003
022005,ÁNCASH,YUNGAY,QUILLO,SIERRA,DISTRITAL,Sierra con Población urbana de hasta 10 mil habitantes,13284,1263,12021,0.44,0.55572,202.8378
022006,ÁNCASH,YUNGAY,RANRAHIRCA,SIERRA,DISTRITAL,Sierra con Población urbana de hasta 10 mil habitantes,2981,1002,1979,0.6,0.6012,219.438
022007,ÁNCASH,YUNGAY,SHUPLUY,SIERRA,DISTRITAL,Sierra con Población urbana de hasta 10 mil habitantes,1845,173,1672,0.39,0.06747,24.62655
022008,ÁNCASH,YUNGAY,YANAMA,SIERRA,DISTRITAL,Sierra con Población urbana de hasta 10 mil habitantes,5124,370,4754,0.23,0.08510000000000001,31.061500000000002
030101,APURÍMAC,ABANCAY,ABANCAY,SIERRA,PROVINCIAL,Sierra con Población urbana de más de 50 mil habitantes,78681,70596,8085,0.52,36.70992,13399.120799999999
030102,APURÍMAC,ABANCAY,CHACOCHE,SIERRA,DISTRITAL,Sierra con Población urbana de hasta 10 mil habitantes,1454,1077,377,0.68,0.73236,267.3114
030103,APURÍMAC,ABANCAY,CIRCA,SIERRA,DISTRITAL,Sierra con Población urbana de hasta 10 mil habitantes,1796,308,1488,0.4452923055521492,0.13715003011006194,50.059760990172606
030104,APURÍMAC,ABANCAY,CURAHUASI,SIERRA,DISTRITAL,Sierra con Población urbana de hasta 10 mil habitantes,17128,6883,10245,0.4452923055521492,3.064946939115443,1118.7056327771368
030105,APURÍMAC,ABANCAY,HUANIPACA,SIERRA,DISTRITAL,Sierra con Población urbana de hasta 10 mil habitantes,2550,479,2071,0.4452923055521492,0.21329501435947948,77.85268024121001
030106,APURÍMAC,ABANCAY,LAMBRAMA,SIERRA,DISTRITAL,Sierra con Población urbana de hasta 10 mil habitantes,2547,868,1679,0.4452923055521492,0.3865137212192655,141.0775082450319
030107,APURÍMAC,ABANCAY,PICHIRHUA,SIERRA,DISTRITAL,Sierra con Población urbana de hasta 10 mil habitantes,2471,389,2082,0.4452923055521492,0.17321870685978605,63.224828003821905
030108,APURÍMAC,ABANCAY,SAN PEDRO DE CACHORA,SIERRA,DISTRITAL,Sierra con Población urbana de hasta 10 mil habitantes,2332,606,1726,0.4452923055521492,0.2698471371646024,98.49420506507988
030109,APURÍMAC,ABANCAY,TAMBURCO,SIERRA,DISTRITAL,Sierra con Población urbana entre 10 mil y 50 mil habitantes,12542,10203,2339,0.52,5.305560000000001,1936.5294000000004
030201,APURÍMAC,ANDAHUAYLAS,ANDAHUAYLAS,SIERRA,PROVINCIAL,Sierra con Población urbana entre 10 mil y 50 mil habitantes,48053,38541,9512,0.57,21.96837,8018.4550500000005
030202,APURÍMAC,ANDAHUAYLAS,ANDARAPA,SIERRA,DISTRITAL,Sierra con Población urbana de hasta 10 mil habitantes,5368,1242,4126,0.4452923055521492,0.5530530434957693,201.8643608759558
030203,APURÍMAC,ANDAHUAYLAS,CHIARA,SIERRA,DISTRITAL,Sierra con Población urbana de hasta 10 mil habitantes,1180,706,474,0.21,0.14826,54.1149
030204,APURÍMAC,ANDAHUAYLAS,HUANCARAMA,SIERRA,DISTRITAL,Sierra con Población urbana de hasta 10 mil habitantes,4654,2511,2143,0.58,1.4563799999999998,531.5786999999999
030205,APURÍMAC,ANDAHUAYLAS,HUANCARAY,SIERRA,DISTRITAL,Sierra con Población urbana de hasta 10 mil habitantes,3724,395,3329,0.58,0.2291,83.6215
030206,APURÍMAC,ANDAHUAYLAS,HUAYANA,SIERRA,DISTRITAL,Sierra con Población urbana de hasta 10 mil habitantes,708,434,274,0.4452923055521492,0.19325686060963276,70.53875412251595
030207,APURÍMAC,ANDAHUAYLAS,KISHUARA,SIERRA,DISTRITAL,Sierra con Población urbana de hasta 10 mil habitantes,5650,1274,4376,0.4452923055521492,0.5673023972734381,207.0653750048049
030208,APURÍMAC,ANDAHUAYLAS,PACOBAMBA,SIERRA,DISTRITAL,Sierra con Población urbana de hasta 10 mil habitantes,3022,379,2643,0.4452923055521492,0.16876578380426455,61.59951108855656
030209,APURÍMAC,ANDAHUAYLAS,PACUCHA,SIERRA,DISTRITAL,Sierra con Población urbana de hasta 10 mil habitantes,8037,959,7078,0.46,0.44114000000000003,161.01610000000002
030210,APURÍMAC,ANDAHUAYLAS,PAMPACHIRI,SIERRA,DISTRITAL,Sierra con Población urbana de hasta 10 mil habitantes,2256,616,1640,0.4452923055521492,0.2743000602201239,100.11952198034521
030211,APURÍMAC,ANDAHUAYLAS,POMACOCHA,SIERRA,DISTRITAL,Sierra con Población urbana de hasta 10 mil habitantes,871,615,256,0.41,0.25215,92.03474999999999
030212,APURÍMAC,ANDAHUAYLAS,SAN ANTONIO DE CACHI,SIERRA,DISTRITAL,Sierra con Población urbana de hasta 10 mil habitantes,2955,1392,1563,0.4452923055521492,0.6198468893285917,226.24411460493596
030213,APURÍMAC,ANDAHUAYLAS,SAN JERONIMO,SIERRA,DISTRITAL,Sierra con Población urbana entre 10 mil y 50 mil habitantes,22601,12756,9845,0.5,6.378,2327.9700000000003
030214,APURÍMAC,ANDAHUAYLAS,SAN MIGUEL DE CHACCRAMPA,SIERRA,DISTRITAL,Sierra con Población urbana de hasta 10 mil habitantes,1605,596,1009,0.4452923055521492,0.26539421410908093,96.86888814981454
030215,APURÍMAC,ANDAHUAYLAS,SANTA MARIA DE CHICMO,SIERRA,DISTRITAL,Sierra con Población urbana de hasta 10 mil habitantes,8373,4161,4212,0.4452923055521492,1.852861283402493,676.2943684419099
030216,APURÍMAC,ANDAHUAYLAS,TALAVERA,SIERRA,DISTRITAL,Sierra con Población urbana entre 10 mil y 50 mil habitantes,20572,12162,8410,0.43,5.22966,1908.8259
030217,APURÍMAC,ANDAHUAYLAS,TUMAY HUARACA,SIERRA,DISTRITAL,Sierra con Población urbana de hasta 10 mil habitantes,1857,479,1378,0.4452923055521492,0.21329501435947948,77.85268024121001
030218,APURÍMAC,ANDAHUAYLAS,TURPO,SIERRA,DISTRITAL,Sierra con Población urbana de hasta 10 mil habitantes,3660,1073,2587,0.4452923055521492,0.47779864385745613,174.39650500797148
030219,APURÍMAC,ANDAHUAYLAS,KAQUIABAMBA,SIERRA,DISTRITAL,Sierra con Población urbana de hasta 10 mil habitantes,1610,995,615,0.2,0.199,72.635
030220,APURÍMAC,ANDAHUAYLAS,JOSÉ MARÍA ARGUEDAS,SIERRA,DISTRITAL,Sierra con Población urbana de hasta 10 mil habitantes,4975,3402,1573,0.53,1.80306,658.1169
030301,APURÍMAC,ANTABAMBA,ANTABAMBA,SIERRA,PROVINCIAL,Sierra con Población urbana de hasta 10 mil habitantes,2747,2039,708,0.59,1.20301,439.09864999999996
030302,APURÍMAC,ANTABAMBA,EL ORO,SIERRA,DISTRITAL,Sierra con Población urbana de hasta 10 mil habitantes,607,486,121,0.4452923055521492,0.21641206049834452,78.99040208189575
030303,APURÍMAC,ANTABAMBA,HUAQUIRCA,SIERRA,DISTRITAL,Sierra con Población urbana de hasta 10 mil habitantes,2094,1415,679,0.4452923055521492,0.6300886123562911,229.98234351004626
030304,APURÍMAC,ANTABAMBA,JUAN ESPINOZA MEDRANO,SIERRA,DISTRITAL,Sierra con Población urbana de hasta 10 mil habitantes,1664,1491,173,0.46,0.68586,250.3389
030305,APURÍMAC,ANTABAMBA,OROPESA,SIERRA,DISTRITAL,Sierra con Población urbana de hasta 10 mil habitantes,2259,1644,615,0.8,1.3152000000000001,480.04800000000006
030306,APURÍMAC,ANTABAMBA,PACHACONAS,SIERRA,DISTRITAL,Sierra con Población urbana de hasta 10 mil habitantes,1040,954,86,0.45,0.4293,156.6945
030307,APURÍMAC,ANTABAMBA,SABAINO,SIERRA,DISTRITAL,Sierra con Población urbana de hasta 10 mil habitantes,1018,836,182,0.59,0.49323999999999996,180.03259999999997
030401,APURÍMAC,AYMARAES,CHALHUANCA,SIERRA,PROVINCIAL,Sierra con Población urbana de hasta 10 mil habitantes,5208,4465,743,0.42,1.8753,684.4845
030402,APURÍMAC,AYMARAES,CAPAYA,SIERRA,DISTRITAL,Sierra con Población urbana de hasta 10 mil habitantes,554,209,345,0.4452923055521492,0.09306609186039919,33.9691235290457
030403,APURÍMAC,AYMARAES,CARAYBAMBA,SIERRA,DISTRITAL,Sierra con Población urbana de hasta 10 mil habitantes,844,799,45,0.4452923055521492,0.3557885521361672,129.86282152970102
030404,APURÍMAC,AYMARAES,CHAPIMARCA,SIERRA,DISTRITAL,Sierra con Población urbana de hasta 10 mil habitantes,1814,909,905,0.4452923055521492,0.4047707057469036,147.74130759761982
030405,APURÍMAC,AYMARAES,COLCABAMBA,SIERRA,DISTRITAL,Sierra con Población urbana de hasta 10 mil habitantes,661,445,216,0.2,0.089,32.485
030406,APURÍMAC,AYMARAES,COTARUSE,SIERRA,DISTRITAL,Sierra con Población urbana de hasta 10 mil habitantes,2268,694,1574,0.4452923055521492,0.3090328600531915,112.7969939194149
030407,APURÍMAC,AYMARAES,IHUAYLLO,SIERRA,DISTRITAL,Sierra con Población urbana de hasta 10 mil habitantes,430,143,287,0.4452923055521492,0.06367679969395733,23.242031888294424
030408,APURÍMAC,AYMARAES,JUSTO APU SAHUARAURA,SIERRA,DISTRITAL,Sierra con Población urbana de hasta 10 mil habitantes,678,195,483,0.4452923055521492,0.0868319995826691,31.693679847674222
030409,APURÍMAC,AYMARAES,LUCRE,SIERRA,DISTRITAL,Sierra con Población urbana de hasta 10 mil habitantes,1371,284,1087,0.4452923055521492,0.12646301477681038,46.15900039353579
030410,APURÍMAC,AYMARAES,POCOHUANCA,SIERRA,DISTRITAL,Sierra con Población urbana de hasta 10 mil habitantes,1002,524,478,0.4452923055521492,0.2333331681093262,85.16660635990407
030411,APURÍMAC,AYMARAES,SAN JUAN DE CHACÑA,SIERRA,DISTRITAL,Sierra con Población urbana de hasta 10 mil habitantes,719,582,137,0.4452923055521492,0.25916012183135084,94.59344446844305
030412,APURÍMAC,AYMARAES,SAÑAYCA,SIERRA,DISTRITAL,Sierra con Población urbana de hasta 10 mil habitantes,1063,492,571,0.4452923055521492,0.2190838143316574,79.96559223105496
030413,APURÍMAC,AYMARAES,SORAYA,SIERRA,DISTRITAL,Sierra con Población urbana de hasta 10 mil habitantes,683,152,531,0.4452923055521492,0.06768443044392669,24.704817112033243
030414,APURÍMAC,AYMARAES,TAPAIRIHUA,SIERRA,DISTRITAL,Sierra con Población urbana de hasta 10 mil habitantes,1828,198,1630,0.4452923055521492,0.08816787649932555,32.18127492225383
030415,APURÍMAC,AYMARAES,TINTAY,SIERRA,DISTRITAL,Sierra con Población urbana de hasta 10 mil habitantes,2063,638,1425,0.4452923055521492,0.2840964909422712,103.69521919392898
030416,APURÍMAC,AYMARAES,TORAYA,SIERRA,DISTRITAL,Sierra con Población urbana de hasta 10 mil habitantes,1158,370,788,0.4452923055521492,0.1647581530542952,60.13672586481775
030417,APURÍMAC,AYMARAES,YANACA,SIERRA,DISTRITAL,Sierra con Población urbana de hasta 10 mil habitantes,932,528,404,0.4452923055521492,0.23511433733153478,85.81673312601019
030501,APURÍMAC,COTABAMBAS,TAMBOBAMBA,SIERRA,PROVINCIAL,Sierra con Población urbana de hasta 10 mil habitantes,10660,4515,6145,0.29,1.30935,477.91275
030502,APURÍMAC,COTABAMBAS,COTABAMBAS,SIERRA,DISTRITAL,Sierra con Población urbana de hasta 10 mil habitantes,4001,1640,2361,0.4452923055521492,0.7302793811055247,266.5519741035165
030503,APURÍMAC,COTABAMBAS,COYLLURQUI,SIERRA,DISTRITAL,Sierra con Población urbana de hasta 10 mil habitantes,6651,965,5686,0.4452923055521492,0.429707074857824,156.84308232310576
030504,APURÍMAC,COTABAMBAS,HAQUIRA,SIERRA,DISTRITAL,Sierra con Población urbana de hasta 10 mil habitantes,9474,5051,4423,0.4452923055521492,2.2491714353439054,820.9475739005255
030505,APURÍMAC,COTABAMBAS,MARA,SIERRA,DISTRITAL,Sierra con Población urbana de hasta 10 mil habitantes,6084,1160,4924,0.59,0.6844,249.806
030506,APURÍMAC,COTABAMBAS,CHALLHUAHUACHO,SIERRA,DISTRITAL,Sierra con Población urbana de hasta 10 mil habitantes,18656,7840,10816,0.67,5.252800000000001,1917.2720000000002
030601,APURÍMAC,CHINCHEROS,CHINCHEROS,SIERRA,PROVINCIAL,Sierra con Población urbana de hasta 10 mil habitantes,5443,3069,2374,0.28,0.8593200000000001,313.65180000000004
030602,APURÍMAC,CHINCHEROS,ANCO-HUALLO,SIERRA,DISTRITAL,Sierra con Población urbana de hasta 10 mil habitantes,10382,7669,2713,0.59,4.52471,1651.5191499999999
030603,APURÍMAC,CHINCHEROS,COCHARCAS,SIERRA,DISTRITAL,Sierra con Población urbana de hasta 10 mil habitantes,1707,419,1288,0.4452923055521492,0.18657747602635052,68.10077874961794
030604,APURÍMAC,CHINCHEROS,HUACCANA 17/,SIERRA,DISTRITAL,Sierra con Población urbana de hasta 10 mil habitantes,5389,2293,3096,0.23,0.52739,192.49735
030605,APURÍMAC,CHINCHEROS,OCOBAMBA,SIERRA,DISTRITAL,Sierra con Población urbana de hasta 10 mil habitantes,6877,1568,5309,0.4452923055521492,0.6982183351057699,254.84969231360603
030606,APURÍMAC,CHINCHEROS,ONGOY,SIERRA,DISTRITAL,Sierra con Población urbana de hasta 10 mil habitantes,2287,269,2018,0.4452923055521492,0.11978363019352814,43.72102502063777
030607,APURÍMAC,CHINCHEROS,URANMARCA,SIERRA,DISTRITAL,Sierra con Población urbana de hasta 10 mil habitantes,2717,965,1752,0.56,0.5404000000000001,197.24600000000004
030608,APURÍMAC,CHINCHEROS,RANRACANCHA,SIERRA,DISTRITAL,Sierra con Población urbana de hasta 10 mil habitantes,4068,883,3185,0.4452923055521492,0.39319310580254774,143.51548361792993
030609,APURÍMAC,CHINCHEROS,ROCCHACC,SIERRA,DISTRITAL,Sierra con Población urbana de hasta 10 mil habitantes,2751,818,1933,0.4452923055521492,0.36424910594165805,132.9509236687052
030610,APURÍMAC,CHINCHEROS,EL PORVENIR,SIERRA,DISTRITAL,Sierra con Población urbana de hasta 10 mil habitantes,1743,1154,589,0.4452923055521492,0.5138673206071802,187.56157202162078
030611,APURÍMAC,CHINCHEROS,LOS CHANKAS,SIERRA,DISTRITAL,Sierra con Población urbana de hasta 10 mil habitantes,1040,253,787,0.4452923055521492,0.11265895330469375,41.12051795621322
030612,APURÍMAC,CHINCHEROS,AHUAYRO  17/,SIERRA,DISTRITAL,Sierra con Población urbana de hasta 10 mil habitantes,1090,953,137,0.4452923055521492,0.4243635671911982,154.89270202478735
030701,APURÍMAC,GRAU,CHUQUIBAMBILLA,SIERRA,PROVINCIAL,Sierra con Población urbana de hasta 10 mil habitantes,5036,2987,2049,0.31,0.9259700000000001,337.97905000000003
030702,APURÍMAC,GRAU,CURPAHUASI,SIERRA,DISTRITAL,Sierra con Población urbana de hasta 10 mil habitantes,1861,382,1479,0.4452923055521492,0.17010166072092098,62.087106163136156
030703,APURÍMAC,GRAU,GAMARRA,SIERRA,DISTRITAL,Sierra con Población urbana de hasta 10 mil habitantes,2476,251,2225,0.4452923055521492,0.11176836869358946,40.79545457316015
030704,APURÍMAC,GRAU,HUAYLLATI,SIERRA,DISTRITAL,Sierra con Población urbana de hasta 10 mil habitantes,1246,314,932,0.4452923055521492,0.13982178394337483,51.03495113933181
030705,APURÍMAC,GRAU,MAMARA,SIERRA,DISTRITAL,Sierra con Población urbana de hasta 10 mil habitantes,862,522,340,0.4452923055521492,0.2324425834982219,84.84154297685099
030706,APURÍMAC,GRAU,MICAELA BASTIDAS,SIERRA,DISTRITAL,Sierra con Población urbana de hasta 10 mil habitantes,835,370,465,0.4452923055521492,0.1647581530542952,60.13672586481775
030707,APURÍMAC,GRAU,PATAYPAMPA,SIERRA,DISTRITAL,Sierra con Población urbana de hasta 10 mil habitantes,742,370,372,0.4452923055521492,0.1647581530542952,60.13672586481775
030708,APURÍMAC,GRAU,PROGRESO,SIERRA,DISTRITAL,Sierra con Población urbana de hasta 10 mil habitantes,3241,1191,2050,0.24,0.28584,104.3316
030709,APURÍMAC,GRAU,SAN ANTONIO,SIERRA,DISTRITAL,Sierra con Población urbana de hasta 10 mil habitantes,252,214,38,0.41,0.08774,32.0251
030710,APURÍMAC,GRAU,SANTA ROSA,SIERRA,DISTRITAL,Sierra con Población urbana de hasta 10 mil habitantes,527,223,304,0.4452923055521492,0.09930018413812927,36.24456721041719
030711,APURÍMAC,GRAU,TURPAY,SIERRA,DISTRITAL,Sierra con Población urbana de hasta 10 mil habitantes,603,547,56,0.13,0.07110999999999999,25.955149999999996
030712,APURÍMAC,GRAU,VILCABAMBA,SIERRA,DISTRITAL,Sierra con Población urbana de hasta 10 mil habitantes,1326,1281,45,0.6,0.7686000000000001,280.53900000000004
030713,APURÍMAC,GRAU,VIRUNDO,SIERRA,DISTRITAL,Sierra con Población urbana de hasta 10 mil habitantes,583,535,48,0.26,0.1391,50.7715
030714,APURÍMAC,GRAU,CURASCO,SIERRA,DISTRITAL,Sierra con Población urbana de hasta 10 mil habitantes,1173,427,746,0.6,0.2562,93.51299999999999
040101,AREQUIPA,AREQUIPA,AREQUIPA,SIERRA,PROVINCIAL,Sierra con Población urbana de más de 50 mil habitantes,54396,54396,0,0.54,29.37384,10721.4516
040102,AREQUIPA,AREQUIPA,ALTO SELVA ALEGRE,SIERRA,DISTRITAL,Sierra con Población urbana de más de 50 mil habitantes,91755,91755,0,0.46,42.207300000000004,15405.6645
040103,AREQUIPA,AREQUIPA,CAYMA,SIERRA,DISTRITAL,Sierra con Población urbana de más de 50 mil habitantes,108314,108299,15,0.45,48.734550000000006,17788.110750000003
040104,AREQUIPA,AREQUIPA,CERRO COLORADO,SIERRA,DISTRITAL,Sierra con Población urbana de más de 50 mil habitantes,241328,241040,288,0.37,89.18480000000001,32552.452000000005
040105,AREQUIPA,AREQUIPA,CHARACATO,SIERRA,DISTRITAL,Sierra con Población urbana entre 10 mil y 50 mil habitantes,17706,16950,756,0.38,6.441,2350.965
040106,AREQUIPA,AREQUIPA,CHIGUATA,SIERRA,DISTRITAL,Sierra con Población urbana de hasta 10 mil habitantes,3227,2468,759,0.3,0.7404,270.246
040107,AREQUIPA,AREQUIPA,JACOBO HUNTER,SIERRA,DISTRITAL,Sierra con Población urbana de más de 50 mil habitantes,53543,53521,22,0.48,25.69008,9376.8792
040108,AREQUIPA,AREQUIPA,LA JOYA,SIERRA,DISTRITAL,Sierra con Población urbana entre 10 mil y 50 mil habitantes,41181,36296,4885,0.54,19.59984,7153.9416
040109,AREQUIPA,AREQUIPA,MARIANO MELGAR,SIERRA,DISTRITAL,Sierra con Población urbana de más de 50 mil habitantes,67014,67014,0,0.5,33.507,12230.054999999998
040110,AREQUIPA,AREQUIPA,MIRAFLORES,SIERRA,DISTRITAL,Sierra con Población urbana de más de 50 mil habitantes,66339,66339,0,0.51,33.83289,12349.00485
040111,AREQUIPA,AREQUIPA,MOLLEBAYA,SIERRA,DISTRITAL,Sierra con Población urbana de hasta 10 mil habitantes,7727,6798,929,0.32,2.17536,794.0064
040112,AREQUIPA,AREQUIPA,PAUCARPATA,SIERRA,DISTRITAL,Sierra con Población urbana de más de 50 mil habitantes,137061,137061,0,0.57,78.12476999999998,28515.541049999993
040113,AREQUIPA,AREQUIPA,POCSI,SIERRA,DISTRITAL,Sierra con Población urbana de hasta 10 mil habitantes,437,245,192,0.4452923055521492,0.10909661486027657,39.820264424000946
040114,AREQUIPA,AREQUIPA,POLOBAYA,SIERRA,DISTRITAL,Sierra con Población urbana de hasta 10 mil habitantes,746,322,424,0.4452923055521492,0.14338412238779205,52.3352046715441
040115,AREQUIPA,AREQUIPA,QUEQUEÑA,SIERRA,DISTRITAL,Sierra con Población urbana de hasta 10 mil habitantes,7669,7506,163,0.4,3.0024,1095.876
040116,AREQUIPA,AREQUIPA,SABANDIA,SIERRA,DISTRITAL,Sierra con Población urbana de hasta 10 mil habitantes,4745,4732,13,0.39,1.84548,673.6002
040117,AREQUIPA,AREQUIPA,SACHACA,SIERRA,DISTRITAL,Sierra con Población urbana entre 10 mil y 50 mil habitantes,29124,29124,0,0.57,16.60068,6059.2482
040118,AREQUIPA,AREQUIPA,SAN JUAN DE SIGUAS,COSTA,DISTRITAL,Costa con Población urbana de hasta 10 mil habitantes,530,387,143,0.52,0.20124,73.4526
040119,AREQUIPA,AREQUIPA,SAN JUAN DE TARUCANI,SIERRA,DISTRITAL,Sierra con Población urbana de hasta 10 mil habitantes,1233,524,709,0.4452923055521492,0.2333331681093262,85.16660635990407
040120,AREQUIPA,AREQUIPA,SANTA ISABEL DE SIGUAS,COSTA,DISTRITAL,Costa con Población urbana de hasta 10 mil habitantes,618,84,534,0.27,0.02268,8.2782
040121,AREQUIPA,AREQUIPA,SANTA RITA DE SIGUAS,COSTA,DISTRITAL,Costa con Población urbana de hasta 10 mil habitantes,8156,7906,250,0.55,4.3483,1587.1295
040122,AREQUIPA,AREQUIPA,SOCABAYA,SIERRA,DISTRITAL,Sierra con Población urbana de más de 50 mil habitantes,85605,85079,526,0.5,42.5395,15526.9175
040123,AREQUIPA,AREQUIPA,TIABAYA,SIERRA,DISTRITAL,Sierra con Población urbana entre 10 mil y 50 mil habitantes,17520,17033,487,0.52,8.85716,3232.8634
040124,AREQUIPA,AREQUIPA,UCHUMAYO,SIERRA,DISTRITAL,Sierra con Población urbana entre 10 mil y 50 mil habitantes,17404,16469,935,0.42,6.91698,2524.6976999999997
040125,AREQUIPA,AREQUIPA,VITOR,COSTA,DISTRITAL,Costa con Población urbana de hasta 10 mil habitantes,4915,2432,2483,0.4881283256607997,1.187128088007065,433.3017521225787
040126,AREQUIPA,AREQUIPA,YANAHUARA,SIERRA,DISTRITAL,Sierra con Población urbana entre 10 mil y 50 mil habitantes,27081,27081,0,0.8,21.664800000000003,7907.652000000001
040127,AREQUIPA,AREQUIPA,YARABAMBA,SIERRA,DISTRITAL,Sierra con Población urbana de hasta 10 mil habitantes,1638,1597,41,0.4452923055521492,0.7111318119667822,259.56311136787554
040128,AREQUIPA,AREQUIPA,YURA,SIERRA,DISTRITAL,Sierra con Población urbana entre 10 mil y 50 mil habitantes,45585,44946,639,0.39,17.528940000000002,6398.063100000001
040129,AREQUIPA,AREQUIPA,JOSE LUIS BUSTAMANTE Y RIVERO,SIERRA,DISTRITAL,Sierra con Población urbana de más de 50 mil habitantes,83807,83807,0,0.45,37.71315,13765.29975
040201,AREQUIPA,CAMANA,CAMANA,COSTA,PROVINCIAL,Costa con Población urbana entre 10 mil y 50 mil habitantes,12379,12377,2,0.58,7.17866,2620.2109
040202,AREQUIPA,CAMANA,JOSE MARIA QUIMPER,COSTA,DISTRITAL,Costa con Población urbana de hasta 10 mil habitantes,4804,4798,6,0.25,1.1995,437.8175
040203,AREQUIPA,CAMANA,MARIANO NICOLAS VALCARCEL,COSTA,DISTRITAL,Costa con Población urbana de hasta 10 mil habitantes,9273,1704,7569,0.4881283256607997,0.8317706669260028,303.596293427991
040204,AREQUIPA,CAMANA,MARISCAL CACERES,COSTA,DISTRITAL,Costa con Población urbana de hasta 10 mil habitantes,6562,6262,300,0.49,3.0683800000000003,1119.9587000000001
040205,AREQUIPA,CAMANA,NICOLAS DE PIEROLA,COSTA,DISTRITAL,Costa con Población urbana de hasta 10 mil habitantes,7949,7867,82,0.4881283256607997,3.8401055379735114,1401.6385213603317
040206,AREQUIPA,CAMANA,OCOÑA,COSTA,DISTRITAL,Costa con Población urbana de hasta 10 mil habitantes,3970,3559,411,0.62,2.2065799999999998,805.4016999999999
040207,AREQUIPA,CAMANA,QUILCA,COSTA,DISTRITAL,Costa con Población urbana de hasta 10 mil habitantes,1115,280,835,0.4881283256607997,0.1366759311850239,49.88671488253373
040208,AREQUIPA,CAMANA,SAMUEL PASTOR,COSTA,DISTRITAL,Costa con Población urbana entre 10 mil y 50 mil habitantes,17046,16755,291,0.61,10.22055,3730.5007499999997
040301,AREQUIPA,CARAVELI,CARAVELI,SIERRA,PROVINCIAL,Sierra con Población urbana de hasta 10 mil habitantes,4332,4158,174,0.21,0.87318,318.7107
040302,AREQUIPA,CARAVELI,ACARI,COSTA,DISTRITAL,Costa con Población urbana de hasta 10 mil habitantes,5381,3735,1646,0.7,2.6145,954.2925
040303,AREQUIPA,CARAVELI,ATICO,COSTA,DISTRITAL,Costa con Población urbana de hasta 10 mil habitantes,6271,5419,852,0.2,1.0837999999999999,395.58699999999993
040304,AREQUIPA,CARAVELI,ATIQUIPA,COSTA,DISTRITAL,Costa con Población urbana de hasta 10 mil habitantes,455,97,358,0.4881283256607997,0.04734844758909757,17.282183370020615
040305,AREQUIPA,CARAVELI,BELLA UNION,COSTA,DISTRITAL,Costa con Población urbana de hasta 10 mil habitantes,2895,2605,290,0.6,1.563,570.495
040306,AREQUIPA,CARAVELI,CAHUACHO,SIERRA,DISTRITAL,Sierra con Población urbana de hasta 10 mil habitantes,591,155,436,0.4452923055521492,0.06902030736058314,25.192412186612845
040307,AREQUIPA,CARAVELI,CHALA,COSTA,DISTRITAL,Costa con Población urbana entre 10 mil y 50 mil habitantes,10832,10454,378,0.45,4.7043,1717.0695
040308,AREQUIPA,CARAVELI,CHAPARRA,COSTA,DISTRITAL,Costa con Población urbana de hasta 10 mil habitantes,3516,2281,1235,0.41,0.9352099999999999,341.35164999999995
040309,AREQUIPA,CARAVELI,HUANUHUANU,SIERRA,DISTRITAL,Sierra con Población urbana de hasta 10 mil habitantes,3327,84,3243,0.4452923055521492,0.037404553666380534,13.652662088228896
040310,AREQUIPA,CARAVELI,JAQUI,SIERRA,DISTRITAL,Sierra con Población urbana de hasta 10 mil habitantes,1585,1445,140,0.65,0.93925,342.82625
040311,AREQUIPA,CARAVELI,LOMAS,COSTA,DISTRITAL,Costa con Población urbana de hasta 10 mil habitantes,1625,1538,87,0.36,0.55368,202.09319999999997
040312,AREQUIPA,CARAVELI,QUICACHA,SIERRA,DISTRITAL,Sierra con Población urbana de hasta 10 mil habitantes,1906,919,987,0.4452923055521492,0.40922362880242513,149.36662451288518
040313,AREQUIPA,CARAVELI,YAUCA,COSTA,DISTRITAL,Costa con Población urbana de hasta 10 mil habitantes,2087,1740,347,0.33,0.5742,209.58300000000003
040401,AREQUIPA,CASTILLA,APLAO,COSTA,PROVINCIAL,Costa con Población urbana de hasta 10 mil habitantes,9023,7067,1956,0.49,3.46283,1263.93295
040402,AREQUIPA,CASTILLA,ANDAGUA,SIERRA,DISTRITAL,Sierra con Población urbana de hasta 10 mil habitantes,977,719,258,0.33,0.23727,86.60355
040403,AREQUIPA,CASTILLA,AYO,SIERRA,DISTRITAL,Sierra con Población urbana de hasta 10 mil habitantes,216,173,43,0.38,0.06573999999999999,23.995099999999997
040404,AREQUIPA,CASTILLA,CHACHAS,SIERRA,DISTRITAL,Sierra con Población urbana de hasta 10 mil habitantes,1579,541,1038,0.4452923055521492,0.24090313730371274,87.92964511585515
040405,AREQUIPA,CASTILLA,CHILCAYMARCA,SIERRA,DISTRITAL,Sierra con Población urbana de hasta 10 mil habitantes,1073,680,393,0.4452923055521492,0.30279876777546144,110.52155023804343
040406,AREQUIPA,CASTILLA,CHOCO,SIERRA,DISTRITAL,Sierra con Población urbana de hasta 10 mil habitantes,618,243,375,0.4452923055521492,0.10820603024917226,39.495201040947876
040407,AREQUIPA,CASTILLA,HUANCARQUI,COSTA,DISTRITAL,Costa con Población urbana de hasta 10 mil habitantes,1618,1368,250,0.46,0.62928,229.6872
040408,AREQUIPA,CASTILLA,MACHAGUAY,SIERRA,DISTRITAL,Sierra con Población urbana de hasta 10 mil habitantes,408,192,216,0.4452923055521492,0.08549612266601266,31.20608477309462
040409,AREQUIPA,CASTILLA,ORCOPAMPA,SIERRA,DISTRITAL,Sierra con Población urbana de hasta 10 mil habitantes,8667,8078,589,0.65,5.2507,1916.5055
040410,AREQUIPA,CASTILLA,PAMPACOLCA,SIERRA,DISTRITAL,Sierra con Población urbana de hasta 10 mil habitantes,1717,1193,524,0.6,0.7158,261.267
040411,AREQUIPA,CASTILLA,TIPAN,SIERRA,DISTRITAL,Sierra con Población urbana de hasta 10 mil habitantes,411,123,288,0.4452923055521492,0.05477095358291435,19.99139805776374
040412,AREQUIPA,CASTILLA,UÑON,SIERRA,DISTRITAL,Sierra con Población urbana de hasta 10 mil habitantes,197,115,82,0.4452923055521492,0.05120861513849716,18.69114452555146
040413,AREQUIPA,CASTILLA,URACA,COSTA,DISTRITAL,Costa con Población urbana de hasta 10 mil habitantes,6429,4126,2303,0.39,1.60914,587.3361
040414,AREQUIPA,CASTILLA,VIRACO,SIERRA,DISTRITAL,Sierra con Población urbana de hasta 10 mil habitantes,1456,1015,441,0.55,0.55825,203.76125000000002
040501,AREQUIPA,CAYLLOMA,CHIVAY,SIERRA,PROVINCIAL,Sierra con Población urbana de hasta 10 mil habitantes,5854,5701,153,0.8,4.5608,1664.6920000000002
040502,AREQUIPA,CAYLLOMA,ACHOMA,SIERRA,DISTRITAL,Sierra con Población urbana de hasta 10 mil habitantes,815,763,52,0.36,0.27468,100.25819999999999
040503,AREQUIPA,CAYLLOMA,CABANACONDE,SIERRA,DISTRITAL,Sierra con Población urbana de hasta 10 mil habitantes,2059,1948,111,0.4452923055521492,0.8674294112155867,316.61173509368916
040504,AREQUIPA,CAYLLOMA,CALLALLI,SIERRA,DISTRITAL,Sierra con Población urbana de hasta 10 mil habitantes,1307,822,485,0.4452923055521492,0.36603027516386666,133.60105043481133
040505,AREQUIPA,CAYLLOMA,CAYLLOMA,SIERRA,DISTRITAL,Sierra con Población urbana de hasta 10 mil habitantes,3659,3302,357,0.87,2.87274,1048.5501
040506,AREQUIPA,CAYLLOMA,COPORAQUE,SIERRA,DISTRITAL,Sierra con Población urbana de hasta 10 mil habitantes,1121,776,345,0.4452923055521492,0.34554682910846785,126.12459262459076
040507,AREQUIPA,CAYLLOMA,HUAMBO,SIERRA,DISTRITAL,Sierra con Población urbana de hasta 10 mil habitantes,649,440,209,0.4452923055521492,0.19592861444294565,71.51394427167516
040508,AREQUIPA,CAYLLOMA,HUANCA,SIERRA,DISTRITAL,Sierra con Población urbana de hasta 10 mil habitantes,962,551,411,0.4452923055521492,0.2453560603592342,89.55496203112048
040509,AREQUIPA,CAYLLOMA,ICHUPAMPA,SIERRA,DISTRITAL,Sierra con Población urbana de hasta 10 mil habitantes,571,553,18,0.4452923055521492,0.24624664497033852,89.88002541417356
040510,AREQUIPA,CAYLLOMA,LARI,SIERRA,DISTRITAL,Sierra con Población urbana de hasta 10 mil habitantes,813,763,50,0.24,0.18312,66.8388
040511,AREQUIPA,CAYLLOMA,LLUTA,SIERRA,DISTRITAL,Sierra con Población urbana de hasta 10 mil habitantes,687,394,293,0.4452923055521492,0.1754451683875468,64.03748646145459
040512,AREQUIPA,CAYLLOMA,MACA,SIERRA,DISTRITAL,Sierra con Población urbana de hasta 10 mil habitantes,677,667,10,0.56,0.37352,136.3348
040513,AREQUIPA,CAYLLOMA,MADRIGAL,SIERRA,DISTRITAL,Sierra con Población urbana de hasta 10 mil habitantes,656,649,7,0.45,0.29205000000000003,106.59825000000001
040514,AREQUIPA,CAYLLOMA,SAN ANTONIO DE CHUCA,SIERRA,DISTRITAL,Sierra con Población urbana de hasta 10 mil habitantes,855,405,450,0.4452923055521492,0.1803433837486204,65.82533506824645
040515,AREQUIPA,CAYLLOMA,SIBAYO,SIERRA,DISTRITAL,Sierra con Población urbana de hasta 10 mil habitantes,675,540,135,0.46,0.2484,90.666
040516,AREQUIPA,CAYLLOMA,TAPAY,SIERRA,DISTRITAL,Sierra con Población urbana de hasta 10 mil habitantes,870,75,795,0.4452923055521492,0.03339692291641119,12.189876864490085
040517,AREQUIPA,CAYLLOMA,TISCO,SIERRA,DISTRITAL,Sierra con Población urbana de hasta 10 mil habitantes,1482,701,781,0.4452923055521492,0.3121499061920566,113.93471576010067
040518,AREQUIPA,CAYLLOMA,TUTI,SIERRA,DISTRITAL,Sierra con Población urbana de hasta 10 mil habitantes,581,493,88,0.4452923055521492,0.21952910663720956,80.1281239225815
040519,AREQUIPA,CAYLLOMA,YANQUE,SIERRA,DISTRITAL,Sierra con Población urbana de hasta 10 mil habitantes,2138,1781,357,0.4452923055521492,0.7930655961883778,289.4689426087579
040520,AREQUIPA,CAYLLOMA,MAJES,COSTA,DISTRITAL,Costa con Población urbana de más de 50 mil habitantes,74846,62255,12591,0.53,32.99515,12043.22975
040601,AREQUIPA,CONDESUYOS,CHUQUIBAMBA,COSTA,PROVINCIAL,Costa con Población urbana de hasta 10 mil habitantes,3336,2837,499,0.4881283256607997,1.384820059899689,505.45932186338644
040602,AREQUIPA,CONDESUYOS,ANDARAY,SIERRA,DISTRITAL,Sierra con Población urbana de hasta 10 mil habitantes,671,226,445,0.47,0.10622,38.7703
040603,AREQUIPA,CONDESUYOS,CAYARANI,SIERRA,DISTRITAL,Sierra con Población urbana de hasta 10 mil habitantes,3251,453,2798,0.38,0.17214000000000002,62.831100000000006
040604,AREQUIPA,CONDESUYOS,CHICHAS,SIERRA,DISTRITAL,Sierra con Población urbana de hasta 10 mil habitantes,653,318,335,0.64,0.20352,74.2848
040605,AREQUIPA,CONDESUYOS,IRAY,COSTA,DISTRITAL,Costa con Población urbana de hasta 10 mil habitantes,584,347,237,0.4881283256607997,0.1693805290042975,61.82389308656859
040606,AREQUIPA,CONDESUYOS,RIO GRANDE,SIERRA,DISTRITAL,Sierra con Población urbana de hasta 10 mil habitantes,3461,1698,1763,0.4452923055521492,0.7561063348275494,275.9788122120555
040607,AREQUIPA,CONDESUYOS,SALAMANCA,SIERRA,DISTRITAL,Sierra con Población urbana de hasta 10 mil habitantes,371,207,164,0.4452923055521492,0.09217550724929488,33.64406014599263
040608,AREQUIPA,CONDESUYOS,YANAQUIHUA,SIERRA,DISTRITAL,Sierra con Población urbana de hasta 10 mil habitantes,3840,540,3300,0.4452923055521492,0.24045784499816056,87.7671134243286
040701,AREQUIPA,ISLAY,MOLLENDO,COSTA,PROVINCIAL,Costa con Población urbana entre 10 mil y 50 mil habitantes,26843,26621,222,0.63,16.77123,6121.49895
040702,AREQUIPA,ISLAY,COCACHACRA,COSTA,DISTRITAL,Costa con Población urbana de hasta 10 mil habitantes,8284,7430,854,0.39,2.8977000000000004,1057.6605000000002
040703,AREQUIPA,ISLAY,DEAN VALDIVIA,COSTA,DISTRITAL,Costa con Población urbana de hasta 10 mil habitantes,7255,7014,241,0.79,5.541060000000001,2022.4869000000003
040704,AREQUIPA,ISLAY,ISLAY,COSTA,DISTRITAL,Costa con Población urbana de hasta 10 mil habitantes,5269,5269,0,0.48,2.52912,923.1288
040705,AREQUIPA,ISLAY,MEJIA,COSTA,DISTRITAL,Costa con Población urbana de hasta 10 mil habitantes,1261,896,365,0.51,0.45696000000000003,166.7904
040706,AREQUIPA,ISLAY,PUNTA DE BOMBON,COSTA,DISTRITAL,Costa con Población urbana de hasta 10 mil habitantes,6448,6387,61,0.52,3.3212400000000004,1212.2526000000003
040801,AREQUIPA,LA UNIÓN,COTAHUASI,SIERRA,PROVINCIAL,Sierra con Población urbana de hasta 10 mil habitantes,2982,2184,798,0.39,0.85176,310.8924
040802,AREQUIPA,LA UNIÓN,ALCA,SIERRA,DISTRITAL,Sierra con Población urbana de hasta 10 mil habitantes,1813,1696,117,0.46,0.7801600000000001,284.75840000000005
040803,AREQUIPA,LA UNIÓN,CHARCANA,SIERRA,DISTRITAL,Sierra con Población urbana de hasta 10 mil habitantes,579,371,208,0.4452923055521492,0.16520344535984738,60.299257556344294
040804,AREQUIPA,LA UNIÓN,HUAYNACOTAS,SIERRA,DISTRITAL,Sierra con Población urbana de hasta 10 mil habitantes,1798,831,967,0.4452923055521492,0.37003790591383595,135.06383565855012
040805,AREQUIPA,LA UNIÓN,PAMPAMARCA,SIERRA,DISTRITAL,Sierra con Población urbana de hasta 10 mil habitantes,1068,397,671,0.4452923055521492,0.17678104530420324,64.52508153603418
040806,AREQUIPA,LA UNIÓN,PUYCA,SIERRA,DISTRITAL,Sierra con Población urbana de hasta 10 mil habitantes,2283,971,1312,0.4452923055521492,0.4323788286911369,157.81827247226497
040807,AREQUIPA,LA UNIÓN,QUECHUALLA,SIERRA,DISTRITAL,Sierra con Población urbana de hasta 10 mil habitantes,279,88,191,0.4452923055521492,0.03918572288858913,14.302788854335033
040808,AREQUIPA,LA UNIÓN,SAYLA,SIERRA,DISTRITAL,Sierra con Población urbana de hasta 10 mil habitantes,279,130,149,0.4452923055521492,0.0578879997217794,21.12911989844948
040809,AREQUIPA,LA UNIÓN,TAURIA,SIERRA,DISTRITAL,Sierra con Población urbana de hasta 10 mil habitantes,309,224,85,0.2,0.044800000000000006,16.352000000000004
040810,AREQUIPA,LA UNIÓN,TOMEPAMPA,SIERRA,DISTRITAL,Sierra con Población urbana de hasta 10 mil habitantes,630,283,347,0.4452923055521492,0.12601772247125823,45.99646870200925
040811,AREQUIPA,LA UNIÓN,TORO,SIERRA,DISTRITAL,Sierra con Población urbana de hasta 10 mil habitantes,476,204,272,0.4452923055521492,0.09083963033263844,33.15646507141303
050101,AYACUCHO,HUAMANGA,AYACUCHO,SIERRA,PROVINCIAL,Sierra con Población urbana de más de 50 mil habitantes,113761,111162,2599,0.53,58.91586,21504.2889
050102,AYACUCHO,HUAMANGA,ACOCRO,SIERRA,DISTRITAL,Sierra con Población urbana de hasta 10 mil habitantes,9095,1693,7402,0.4452923055521492,0.7538798732997887,275.16615375442285
050103,AYACUCHO,HUAMANGA,ACOS VINCHOS,SIERRA,DISTRITAL,Sierra con Población urbana de hasta 10 mil habitantes,5079,806,4273,0.4,0.3224,117.676
050104,AYACUCHO,HUAMANGA,CARMEN ALTO,SIERRA,DISTRITAL,Sierra con Población urbana entre 10 mil y 50 mil habitantes,32402,31694,708,0.67,21.23498,7750.7677
050105,AYACUCHO,HUAMANGA,CHIARA,SIERRA,DISTRITAL,Sierra con Población urbana de hasta 10 mil habitantes,6886,2869,4017,0.2,0.5738000000000001,209.43700000000004
050106,AYACUCHO,HUAMANGA,OCROS,SIERRA,DISTRITAL,Sierra con Población urbana de hasta 10 mil habitantes,6328,1337,4991,0.4452923055521492,0.5953558125232234,217.30487157097656
050107,AYACUCHO,HUAMANGA,PACAYCASA,SIERRA,DISTRITAL,Sierra con Población urbana de hasta 10 mil habitantes,3654,1806,1848,0.4452923055521492,0.8041979038271815,293.53223489692124
050108,AYACUCHO,HUAMANGA,QUINUA,SIERRA,DISTRITAL,Sierra con Población urbana de hasta 10 mil habitantes,5966,2494,3472,0.22,0.54868,200.26819999999998
050109,AYACUCHO,HUAMANGA,SAN JOSE DE TICLLAS,SIERRA,DISTRITAL,Sierra con Población urbana de hasta 10 mil habitantes,1635,156,1479,0.4,0.062400000000000004,22.776
050110,AYACUCHO,HUAMANGA,SAN JUAN BAUTISTA,SIERRA,DISTRITAL,Sierra con Población urbana de más de 50 mil habitantes,54933,54868,65,0.52,28.53136,10413.946399999999
050111,AYACUCHO,HUAMANGA,SANTIAGO DE PISCHA,SIERRA,DISTRITAL,Sierra con Población urbana de hasta 10 mil habitantes,1680,812,868,0.4452923055521492,0.3615773521083452,131.975733519546
050112,AYACUCHO,HUAMANGA,SOCOS,SIERRA,DISTRITAL,Sierra con Población urbana de hasta 10 mil habitantes,7022,1131,5891,0.34,0.38454,140.3571
050113,AYACUCHO,HUAMANGA,TAMBILLO,SIERRA,DISTRITAL,Sierra con Población urbana de hasta 10 mil habitantes,6187,301,5886,0.4452923055521492,0.13403298397119692,48.92203914948688
050114,AYACUCHO,HUAMANGA,VINCHOS,SIERRA,DISTRITAL,Sierra con Población urbana de hasta 10 mil habitantes,16743,689,16054,0.48,0.33071999999999996,120.71279999999999
050115,AYACUCHO,HUAMANGA,JESUS NAZARENO,SIERRA,DISTRITAL,Sierra con Población urbana entre 10 mil y 50 mil habitantes,21530,20449,1081,0.57,11.655929999999998,4254.414449999999
050116,AYACUCHO,HUAMANGA,ANDRÉS AVELINO CÁCERES DORREGARAY,SIERRA,DISTRITAL,Sierra con Población urbana entre 10 mil y 50 mil habitantes,32000,28310,3690,0.7,19.817,7233.205
050201,AYACUCHO,CANGALLO,CANGALLO,SIERRA,PROVINCIAL,Sierra con Población urbana de hasta 10 mil habitantes,5638,2245,3393,0.43,0.96535,352.35275
050202,AYACUCHO,CANGALLO,CHUSCHI,SIERRA,DISTRITAL,Sierra con Población urbana de hasta 10 mil habitantes,9181,3370,5811,0.46,1.5502,565.823
050203,AYACUCHO,CANGALLO,LOS MOROCHUCOS,SIERRA,DISTRITAL,Sierra con Población urbana de hasta 10 mil habitantes,8152,2884,5268,0.33,0.95172,347.3778
050204,AYACUCHO,CANGALLO,MARIA PARADO DE BELLIDO,SIERRA,DISTRITAL,Sierra con Población urbana de hasta 10 mil habitantes,1899,401,1498,0.4452923055521492,0.17856221452641183,65.17520830214032
050205,AYACUCHO,CANGALLO,PARAS,SIERRA,DISTRITAL,Sierra con Población urbana de hasta 10 mil habitantes,4122,1365,2757,0.4452923055521492,0.6078239970786836,221.85575893371953
050206,AYACUCHO,CANGALLO,TOTOS,SIERRA,DISTRITAL,Sierra con Población urbana de hasta 10 mil habitantes,2830,1316,1514,0.42,0.55272,201.7428
050301,AYACUCHO,HUANCA SANCOS,SANCOS,SIERRA,PROVINCIAL,Sierra con Población urbana de hasta 10 mil habitantes,3137,2948,189,0.4,1.1792,430.408
050302,AYACUCHO,HUANCA SANCOS,CARAPO,SIERRA,DISTRITAL,Sierra con Población urbana de hasta 10 mil habitantes,1696,1464,232,0.4,0.5856,213.744
050303,AYACUCHO,HUANCA SANCOS,SACSAMARCA,SIERRA,DISTRITAL,Sierra con Población urbana de hasta 10 mil habitantes,1262,733,529,0.4452923055521492,0.3263992599697254,119.13572988894977
050304,AYACUCHO,HUANCA SANCOS,SANTIAGO DE LUCANAMARCA,SIERRA,DISTRITAL,Sierra con Población urbana de hasta 10 mil habitantes,2018,992,1026,0.4452923055521492,0.44172996710773205,161.2314379943222
050401,AYACUCHO,HUANTA,HUANTA,SIERRA,PROVINCIAL,Sierra con Población urbana entre 10 mil y 50 mil habitantes,44491,37224,7267,0.58,21.58992,7880.3207999999995
050402,AYACUCHO,HUANTA,AYAHUANCO,SIERRA,DISTRITAL,Sierra con Población urbana de hasta 10 mil habitantes,981,374,607,0.53,0.19822,72.3503
050403,AYACUCHO,HUANTA,HUAMANGUILLA,SIERRA,DISTRITAL,Sierra con Población urbana de hasta 10 mil habitantes,4028,1720,2308,0.4452923055521492,0.7659027655496966,279.55450942563925
050404,AYACUCHO,HUANTA,IGUAIN,SIERRA,DISTRITAL,Sierra con Población urbana de hasta 10 mil habitantes,2857,757,2100,0.4452923055521492,0.33708627530297697,123.0364904855866
050405,AYACUCHO,HUANTA,LURICOCHA,SIERRA,DISTRITAL,Sierra con Población urbana de hasta 10 mil habitantes,6389,2246,4143,0.4452923055521492,1.000126518270127,365.0461791685964
050406,AYACUCHO,HUANTA,SANTILLANA 9/,SIERRA,DISTRITAL,Sierra con Población urbana de hasta 10 mil habitantes,3553,1208,2345,0.39,0.47112,171.9588
050407,AYACUCHO,HUANTA,SIVIA,SIERRA,DISTRITAL,Sierra con Población urbana de hasta 10 mil habitantes,11474,4140,7334,0.55,2.277,831.105
050408,AYACUCHO,HUANTA,LLOCHEGUA,SIERRA,DISTRITAL,Sierra con Población urbana de hasta 10 mil habitantes,11748,5360,6388,0.4452923055521492,2.3867667577595197,871.1698665822247
050409,AYACUCHO,HUANTA,CANAYRE,SIERRA,DISTRITAL,Sierra con Población urbana de hasta 10 mil habitantes,4646,2348,2298,0.67,1.5731600000000001,574.2034
050410,AYACUCHO,HUANTA,UCHURACCAY,SIERRA,DISTRITAL,Sierra con Población urbana de hasta 10 mil habitantes,3526,412,3114,0.32,0.13184,48.12160000000001
050411,AYACUCHO,HUANTA,PUCACOLPA,SIERRA,DISTRITAL,Sierra con Población urbana de hasta 10 mil habitantes,2040,398,1642,0.4452923055521492,0.17722633760975537,64.6876132275607
050412,AYACUCHO,HUANTA,CHACA,SIERRA,DISTRITAL,Sierra con Población urbana de hasta 10 mil habitantes,2143,906,1237,0.4452923055521492,0.40343482883024717,147.2537125230402
050413,AYACUCHO,HUANTA,PUTIS  9/,SIERRA,DISTRITAL,Sierra con Población urbana de hasta 10 mil habitantes,212,71,141,0.4452923055521492,0.031615753694202595,11.539750098383948
050501,AYACUCHO,LA MAR,SAN MIGUEL 11/  12/,SIERRA,PROVINCIAL,Sierra con Población urbana de hasta 10 mil habitantes,8191,4048,4143,0.44,1.78112,650.1088
050502,AYACUCHO,LA MAR,ANCO  6/,SIERRA,DISTRITAL,Sierra con Población urbana de hasta 10 mil habitantes,5545,942,4603,0.4452923055521492,0.41946535183012457,153.10485341799546
050503,AYACUCHO,LA MAR,AYNA,SIERRA,DISTRITAL,Sierra con Población urbana de hasta 10 mil habitantes,9874,7165,2709,0.59,4.2273499999999995,1542.98275
050504,AYACUCHO,LA MAR,CHILCAS,SIERRA,DISTRITAL,Sierra con Población urbana de hasta 10 mil habitantes,1447,199,1248,0.4452923055521492,0.08861316880487768,32.34380661378035
050505,AYACUCHO,LA MAR,CHUNGUI,SIERRA,DISTRITAL,Sierra con Población urbana de hasta 10 mil habitantes,4320,588,3732,0.5,0.294,107.30999999999999
050506,AYACUCHO,LA MAR,LUIS CARRANZA,SIERRA,DISTRITAL,Sierra con Población urbana de hasta 10 mil habitantes,1380,182,1198,0.4452923055521492,0.08104319961049115,29.580767857829272
050507,AYACUCHO,LA MAR,SANTA ROSA,SIERRA,DISTRITAL,Sierra con Población urbana de hasta 10 mil habitantes,12772,9185,3587,0.55,5.05175,1843.88875
050508,AYACUCHO,LA MAR,TAMBO,SIERRA,DISTRITAL,Sierra con Población urbana de hasta 10 mil habitantes,8165,5048,3117,0.4452923055521492,2.2478355584272496,820.4599788259461
050509,AYACUCHO,LA MAR,SAMUGARI  10/,SIERRA,DISTRITAL,Sierra con Población urbana de hasta 10 mil habitantes,9020,5415,3605,0.4452923055521492,2.4112578345648883,880.1091096161842
050510,AYACUCHO,LA MAR,ANCHIHUAY,SIERRA,DISTRITAL,Sierra con Población urbana de hasta 10 mil habitantes,4170,981,3189,0.53,0.5199300000000001,189.77445000000003
050511,AYACUCHO,LA MAR,ORONCOY,SIERRA,DISTRITAL,Sierra con Población urbana de hasta 10 mil habitantes,1027,170,857,0.4452923055521492,0.07569969194386536,27.630387559510858
050512,AYACUCHO,LA MAR,UNIÓN PROGRESO  6/,SIERRA,DISTRITAL,Sierra con Población urbana de hasta 10 mil habitantes,2146,1296,850,0.4452923055521492,0.5770988279955853,210.64107221838864
050513,AYACUCHO,LA MAR,RIO MAGDALENA 10/,SIERRA,DISTRITAL,Sierra con Población urbana de hasta 10 mil habitantes,2241,853,1388,0.4452923055521492,0.37983433663598326,138.63953287213388
050514,AYACUCHO,LA MAR,NINABAMBA 11/,SIERRA,DISTRITAL,Sierra con Población urbana de hasta 10 mil habitantes,1880,562,1318,0.4452923055521492,0.25025427572030784,91.34281063791236
050515,AYACUCHO,LA MAR,PATIBAMBA 12/,SIERRA,DISTRITAL,Sierra con Población urbana de hasta 10 mil habitantes,1471,337,1134,0.4452923055521492,0.15006350697107426,54.77318004444211
050601,AYACUCHO,LUCANAS,PUQUIO,SIERRA,PROVINCIAL,Sierra con Población urbana entre 10 mil y 50 mil habitantes,14517,13583,934,0.49,6.65567,2429.3195499999997
050602,AYACUCHO,LUCANAS,AUCARA,SIERRA,DISTRITAL,Sierra con Población urbana de hasta 10 mil habitantes,2503,1817,686,0.44,0.79948,291.8102
050603,AYACUCHO,LUCANAS,CABANA,SIERRA,DISTRITAL,Sierra con Población urbana de hasta 10 mil habitantes,1857,1816,41,0.21,0.38136000000000003,139.1964
050604,AYACUCHO,LUCANAS,CARMEN SALCEDO,SIERRA,DISTRITAL,Sierra con Población urbana de hasta 10 mil habitantes,1391,1320,71,0.37,0.4884,178.266
050605,AYACUCHO,LUCANAS,CHAVIÑA,SIERRA,DISTRITAL,Sierra con Población urbana de hasta 10 mil habitantes,2279,1410,869,0.4452923055521492,0.6278621508285304,229.16968505241357
050606,AYACUCHO,LUCANAS,CHIPAO,SIERRA,DISTRITAL,Sierra con Población urbana de hasta 10 mil habitantes,2299,1383,916,0.4452923055521492,0.6158392585786223,224.78132938119714
050607,AYACUCHO,LUCANAS,HUAC-HUAS,SIERRA,DISTRITAL,Sierra con Población urbana de hasta 10 mil habitantes,1449,473,976,0.4452923055521492,0.2106232605261666,76.8774900920508
050608,AYACUCHO,LUCANAS,LARAMATE,SIERRA,DISTRITAL,Sierra con Población urbana de hasta 10 mil habitantes,1645,788,857,0.4452923055521492,0.3508903367750936,128.07497292290918
050609,AYACUCHO,LUCANAS,LEONCIO PRADO,SIERRA,DISTRITAL,Sierra con Población urbana de hasta 10 mil habitantes,1045,460,585,0.4452923055521492,0.20483446055398863,74.76457810220585
050610,AYACUCHO,LUCANAS,LLAUTA,SIERRA,DISTRITAL,Sierra con Población urbana de hasta 10 mil habitantes,832,417,415,0.4452923055521492,0.18568689141524625,67.77571536656488
050611,AYACUCHO,LUCANAS,LUCANAS,SIERRA,DISTRITAL,Sierra con Población urbana de hasta 10 mil habitantes,2590,1478,1112,0.4452923055521492,0.6581420276060765,240.22184007621794
050612,AYACUCHO,LUCANAS,OCAÑA,SIERRA,DISTRITAL,Sierra con Población urbana de hasta 10 mil habitantes,2127,844,1283,0.4452923055521492,0.37582670588601397,137.1767476483951
050613,AYACUCHO,LUCANAS,OTOCA,SIERRA,DISTRITAL,Sierra con Población urbana de hasta 10 mil habitantes,1738,451,1287,0.4452923055521492,0.2008268298040193,73.30179287846704
050614,AYACUCHO,LUCANAS,SAISA,SIERRA,DISTRITAL,Sierra con Población urbana de hasta 10 mil habitantes,841,456,385,0.4452923055521492,0.20305329133178002,74.1144513360997
050615,AYACUCHO,LUCANAS,SAN CRISTOBAL,SIERRA,DISTRITAL,Sierra con Población urbana de hasta 10 mil habitantes,1802,1150,652,0.4452923055521492,0.5120861513849716,186.91144525551462
050616,AYACUCHO,LUCANAS,SAN JUAN,SIERRA,DISTRITAL,Sierra con Población urbana de hasta 10 mil habitantes,971,804,167,0.43,0.34571999999999997,126.1878
050617,AYACUCHO,LUCANAS,SAN PEDRO,SIERRA,DISTRITAL,Sierra con Población urbana de hasta 10 mil habitantes,2584,1326,1258,0.4452923055521492,0.59045759716215,215.51702296418475
050618,AYACUCHO,LUCANAS,SAN PEDRO DE PALCO,SIERRA,DISTRITAL,Sierra con Población urbana de hasta 10 mil habitantes,841,344,497,0.4452923055521492,0.15318055310993933,55.910901885127856
050619,AYACUCHO,LUCANAS,SANCOS,SIERRA,DISTRITAL,Sierra con Población urbana de hasta 10 mil habitantes,4776,2311,2465,0.4452923055521492,1.0290705181310167,375.6107391178211
050620,AYACUCHO,LUCANAS,SANTA ANA DE HUAYCAHUACHO,SIERRA,DISTRITAL,Sierra con Población urbana de hasta 10 mil habitantes,858,849,9,0.38,0.32262,117.75630000000001
050621,AYACUCHO,LUCANAS,SANTA LUCIA,SIERRA,DISTRITAL,Sierra con Población urbana de hasta 10 mil habitantes,1486,1101,385,0.4452923055521492,0.4902668284129163,178.94739237071445
050701,AYACUCHO,PARINACOCHAS,CORACORA,SIERRA,PROVINCIAL,Sierra con Población urbana entre 10 mil y 50 mil habitantes,13240,10690,2550,0.46,4.917400000000001,1794.8510000000003
050702,AYACUCHO,PARINACOCHAS,CHUMPI,SIERRA,DISTRITAL,Sierra con Población urbana de hasta 10 mil habitantes,2053,1518,535,0.4452923055521492,0.6759537198281625,246.72310773727932
050703,AYACUCHO,PARINACOCHAS,CORONEL CASTAÑEDA,SIERRA,DISTRITAL,Sierra con Población urbana de hasta 10 mil habitantes,2045,529,1516,0.4452923055521492,0.23555962963708693,85.97926481753673
050704,AYACUCHO,PARINACOCHAS,PACAPAUSA,SIERRA,DISTRITAL,Sierra con Población urbana de hasta 10 mil habitantes,486,238,248,0.4452923055521492,0.10597956872141151,38.682542583315204
050705,AYACUCHO,PARINACOCHAS,PULLO,SIERRA,DISTRITAL,Sierra con Población urbana de hasta 10 mil habitantes,7641,6437,1204,0.37,2.38169,869.3168499999999
050706,AYACUCHO,PARINACOCHAS,PUYUSCA,SIERRA,DISTRITAL,Sierra con Población urbana de hasta 10 mil habitantes,2069,1095,974,0.37,0.40514999999999995,147.87974999999997
050707,AYACUCHO,PARINACOCHAS,SAN FRANCISCO DE RAVACAYCO,SIERRA,DISTRITAL,Sierra con Población urbana de hasta 10 mil habitantes,493,208,285,0.4452923055521492,0.09262079955484703,33.806591837519164
050708,AYACUCHO,PARINACOCHAS,UPAHUACHO,SIERRA,DISTRITAL,Sierra con Población urbana de hasta 10 mil habitantes,988,141,847,0.52,0.07332000000000001,26.761800000000004
050801,AYACUCHO,PAUCAR DEL SARA SARA,PAUSA,SIERRA,PROVINCIAL,Sierra con Población urbana de hasta 10 mil habitantes,3385,2835,550,0.5,1.4175,517.3875
050802,AYACUCHO,PAUCAR DEL SARA SARA,COLTA,SIERRA,DISTRITAL,Sierra con Población urbana de hasta 10 mil habitantes,394,260,134,0.4452923055521492,0.1157759994435588,42.25823979689896
050803,AYACUCHO,PAUCAR DEL SARA SARA,CORCULLA,SIERRA,DISTRITAL,Sierra con Población urbana de hasta 10 mil habitantes,423,283,140,0.4452923055521492,0.12601772247125823,45.99646870200925
050804,AYACUCHO,PAUCAR DEL SARA SARA,LAMPA,SIERRA,DISTRITAL,Sierra con Población urbana de hasta 10 mil habitantes,1892,1532,360,0.4452923055521492,0.6821878121058926,248.9985514186508
050805,AYACUCHO,PAUCAR DEL SARA SARA,MARCABAMBA,SIERRA,DISTRITAL,Sierra con Población urbana de hasta 10 mil habitantes,591,493,98,0.19,0.09367,34.189550000000004
050806,AYACUCHO,PAUCAR DEL SARA SARA,OYOLO,SIERRA,DISTRITAL,Sierra con Población urbana de hasta 10 mil habitantes,1716,725,991,0.4452923055521492,0.3228369215253082,117.83547635673749
050807,AYACUCHO,PAUCAR DEL SARA SARA,PARARCA,SIERRA,DISTRITAL,Sierra con Población urbana de hasta 10 mil habitantes,354,213,141,0.4452923055521492,0.09484726108260778,34.61925029515184
050808,AYACUCHO,PAUCAR DEL SARA SARA,SAN JAVIER DE ALPABAMBA,SIERRA,DISTRITAL,Sierra con Población urbana de hasta 10 mil habitantes,246,83,163,0.4452923055521492,0.03695926136082839,13.490130396702362
050809,AYACUCHO,PAUCAR DEL SARA SARA,SAN JOSE DE USHUA,SIERRA,DISTRITAL,Sierra con Población urbana de hasta 10 mil habitantes,255,169,86,0.4452923055521492,0.07525439963831322,27.467855867984326
050810,AYACUCHO,PAUCAR DEL SARA SARA,SARA SARA,SIERRA,DISTRITAL,Sierra con Población urbana de hasta 10 mil habitantes,438,397,41,0.4452923055521492,0.17678104530420324,64.52508153603418
050901,AYACUCHO,SUCRE,QUEROBAMBA,SIERRA,PROVINCIAL,Sierra con Población urbana de hasta 10 mil habitantes,2583,2251,332,0.32,0.7203200000000001,262.9168
050902,AYACUCHO,SUCRE,BELEN,SIERRA,DISTRITAL,Sierra con Población urbana de hasta 10 mil habitantes,293,240,53,0.4452923055521492,0.10687015333251582,39.007605966368274
050903,AYACUCHO,SUCRE,CHALCOS,SIERRA,DISTRITAL,Sierra con Población urbana de hasta 10 mil habitantes,439,206,233,0.4452923055521492,0.09173021494374274,33.4815284544661
050904,AYACUCHO,SUCRE,CHILCAYOC,SIERRA,DISTRITAL,Sierra con Población urbana de hasta 10 mil habitantes,464,260,204,0.4452923055521492,0.1157759994435588,42.25823979689896
050905,AYACUCHO,SUCRE,HUACAÑA,SIERRA,DISTRITAL,Sierra con Población urbana de hasta 10 mil habitantes,328,242,86,0.4452923055521492,0.10776073794362011,39.33266934942134
050906,AYACUCHO,SUCRE,MORCOLLA,SIERRA,DISTRITAL,Sierra con Población urbana de hasta 10 mil habitantes,1208,875,333,0.11,0.09625,35.13125
050907,AYACUCHO,SUCRE,PAICO,SIERRA,DISTRITAL,Sierra con Población urbana de hasta 10 mil habitantes,486,434,52,0.4452923055521492,0.19325686060963276,70.53875412251595
050908,AYACUCHO,SUCRE,SAN PEDRO DE LARCAY,SIERRA,DISTRITAL,Sierra con Población urbana de hasta 10 mil habitantes,798,421,377,0.4452923055521492,0.1874680606374548,68.42584213267101
050909,AYACUCHO,SUCRE,SAN SALVADOR DE QUIJE,SIERRA,DISTRITAL,Sierra con Población urbana de hasta 10 mil habitantes,883,215,668,0.4452923055521492,0.09573784569371208,34.94431367820491
050910,AYACUCHO,SUCRE,SANTIAGO DE PAUCARAY,SIERRA,DISTRITAL,Sierra con Población urbana de hasta 10 mil habitantes,537,449,88,0.78,0.35022000000000003,127.83030000000001
050911,AYACUCHO,SUCRE,SORAS,SIERRA,DISTRITAL,Sierra con Población urbana de hasta 10 mil habitantes,994,877,117,0.4452923055521492,0.3905213519692348,142.5402934687707
051001,AYACUCHO,VICTOR FAJARDO,HUANCAPI,SIERRA,PROVINCIAL,Sierra con Población urbana de hasta 10 mil habitantes,1823,1682,141,0.33,0.5550600000000001,202.59690000000003
051002,AYACUCHO,VICTOR FAJARDO,ALCAMENCA,SIERRA,DISTRITAL,Sierra con Población urbana de hasta 10 mil habitantes,1302,1107,195,0.2,0.2214,80.811
051003,AYACUCHO,VICTOR FAJARDO,APONGO,SIERRA,DISTRITAL,Sierra con Población urbana de hasta 10 mil habitantes,516,379,137,0.4452923055521492,0.16876578380426455,61.59951108855656
051004,AYACUCHO,VICTOR FAJARDO,ASQUIPATA,SIERRA,DISTRITAL,Sierra con Población urbana de hasta 10 mil habitantes,480,160,320,0.4452923055521492,0.07124676888834389,26.005070644245517
051005,AYACUCHO,VICTOR FAJARDO,CANARIA,SIERRA,DISTRITAL,Sierra con Población urbana de hasta 10 mil habitantes,4012,3345,667,0.38,1.2711,463.95149999999995
051006,AYACUCHO,VICTOR FAJARDO,CAYARA,SIERRA,DISTRITAL,Sierra con Población urbana de hasta 10 mil habitantes,1115,806,309,0.39,0.31434,114.7341
051007,AYACUCHO,VICTOR FAJARDO,COLCA,SIERRA,DISTRITAL,Sierra con Población urbana de hasta 10 mil habitantes,997,600,397,0.4452923055521492,0.26717538333128954,97.51901491592068
051008,AYACUCHO,VICTOR FAJARDO,HUAMANQUIQUIA,SIERRA,DISTRITAL,Sierra con Población urbana de hasta 10 mil habitantes,1087,495,592,0.4452923055521492,0.22041969124831384,80.45318730563456
051009,AYACUCHO,VICTOR FAJARDO,HUANCARAYLLA,SIERRA,DISTRITAL,Sierra con Población urbana de hasta 10 mil habitantes,1188,1173,15,0.39,0.45747000000000004,166.97655
051010,AYACUCHO,VICTOR FAJARDO,HUAYA,SIERRA,DISTRITAL,Sierra con Población urbana de hasta 10 mil habitantes,1876,1677,199,0.22,0.36894,134.6631
051011,AYACUCHO,VICTOR FAJARDO,SARHUA,SIERRA,DISTRITAL,Sierra con Población urbana de hasta 10 mil habitantes,2579,2195,384,0.38,0.8341000000000001,304.4465
051012,AYACUCHO,VICTOR FAJARDO,VILCANCHOS,SIERRA,DISTRITAL,Sierra con Población urbana de hasta 10 mil habitantes,2343,765,1578,0.46,0.35190000000000005,128.44350000000003
051101,AYACUCHO,VILCAS HUAMAN,VILCAS HUAMAN,SIERRA,PROVINCIAL,Sierra con Población urbana de hasta 10 mil habitantes,6353,2473,3880,0.46,1.1375800000000003,415.2167000000001
051102,AYACUCHO,VILCAS HUAMAN,ACCOMARCA,SIERRA,DISTRITAL,Sierra con Población urbana de hasta 10 mil habitantes,812,635,177,0.36,0.2286,83.439
051103,AYACUCHO,VILCAS HUAMAN,CARHUANCA,SIERRA,DISTRITAL,Sierra con Población urbana de hasta 10 mil habitantes,785,480,305,0.4452923055521492,0.21374030666503163,78.01521193273655
051104,AYACUCHO,VILCAS HUAMAN,CONCEPCION,SIERRA,DISTRITAL,Sierra con Población urbana de hasta 10 mil habitantes,1465,231,1234,0.4452923055521492,0.10286252258254648,37.54482074262947
051105,AYACUCHO,VILCAS HUAMAN,HUAMBALPA,SIERRA,DISTRITAL,Sierra con Población urbana de hasta 10 mil habitantes,1212,526,686,0.4452923055521492,0.2342237527204305,85.49166974295713
051106,AYACUCHO,VILCAS HUAMAN,INDEPENDENCIA,SIERRA,DISTRITAL,Sierra con Población urbana de hasta 10 mil habitantes,1042,393,649,0.4452923055521492,0.17499987608199463,63.87495476992804
051107,AYACUCHO,VILCAS HUAMAN,SAURAMA,SIERRA,DISTRITAL,Sierra con Población urbana de hasta 10 mil habitantes,1007,226,781,0.4452923055521492,0.10063606105478573,36.73216228499679
051108,AYACUCHO,VILCAS HUAMAN,VISCHONGO,SIERRA,DISTRITAL,Sierra con Población urbana de hasta 10 mil habitantes,3859,1701,2158,0.4452923055521492,0.7574422117442058,276.4664072866351
060101,CAJAMARCA,CAJAMARCA,CAJAMARCA,SIERRA,PROVINCIAL,Sierra con Población urbana de más de 50 mil habitantes,248596,200848,47748,0.57,114.48335999999999,41786.4264
060102,CAJAMARCA,CAJAMARCA,ASUNCION,SIERRA,DISTRITAL,Sierra con Población urbana de hasta 10 mil habitantes,7359,927,6432,0.35,0.32445,118.42425
060103,CAJAMARCA,CAJAMARCA,CHETILLA,SIERRA,DISTRITAL,Sierra con Población urbana de hasta 10 mil habitantes,3827,286,3541,0.4452923055521492,0.12735359938791466,46.48406377658885
060104,CAJAMARCA,CAJAMARCA,COSPAN,SIERRA,DISTRITAL,Sierra con Población urbana de hasta 10 mil habitantes,7069,654,6415,0.4452923055521492,0.2912211678311056,106.29572625835354
060105,CAJAMARCA,CAJAMARCA,ENCAÑADA,SIERRA,DISTRITAL,Sierra con Población urbana de hasta 10 mil habitantes,19393,1206,18187,0.4452923055521492,0.5370225204958919,196.01321998100056
060106,CAJAMARCA,CAJAMARCA,JESUS,SIERRA,DISTRITAL,Sierra con Población urbana de hasta 10 mil habitantes,16813,3017,13796,0.4452923055521492,1.3434468858508342,490.3581133355545
060107,CAJAMARCA,CAJAMARCA,LLACANORA,SIERRA,DISTRITAL,Sierra con Población urbana de hasta 10 mil habitantes,6723,714,6009,0.4452923055521492,0.31793870616423453,116.0476277499456
060108,CAJAMARCA,CAJAMARCA,LOS BAÑOS DEL INCA,SIERRA,DISTRITAL,Sierra con Población urbana entre 10 mil y 50 mil habitantes,55412,21548,33864,0.44,9.48112,3460.6088000000004
060109,CAJAMARCA,CAJAMARCA,MAGDALENA,SIERRA,DISTRITAL,Sierra con Población urbana de hasta 10 mil habitantes,8722,2729,5993,0.38,1.03702,378.51230000000004
060110,CAJAMARCA,CAJAMARCA,MATARA,SIERRA,DISTRITAL,Sierra con Población urbana de hasta 10 mil habitantes,3766,729,3037,0.4452923055521492,0.32461809074751674,118.48560312284361
060111,CAJAMARCA,CAJAMARCA,NAMORA,SIERRA,DISTRITAL,Sierra con Población urbana de hasta 10 mil habitantes,10406,1647,8759,0.39,0.6423300000000001,234.45045000000002
060112,CAJAMARCA,CAJAMARCA,SAN JUAN,SIERRA,DISTRITAL,Sierra con Población urbana de hasta 10 mil habitantes,4485,902,3583,0.4452923055521492,0.4016536596080386,146.60358575693408
060201,CAJAMARCA,CAJABAMBA,CAJABAMBA,SIERRA,PROVINCIAL,Sierra con Población urbana entre 10 mil y 50 mil habitantes,34762,19115,15647,0.54,10.3221,3767.5665000000004
060202,CAJAMARCA,CAJABAMBA,CACHACHI,SIERRA,DISTRITAL,Sierra con Población urbana de hasta 10 mil habitantes,25599,880,24719,0.29,0.2552,93.148
060203,CAJAMARCA,CAJABAMBA,CONDEBAMBA,SIERRA,DISTRITAL,Sierra con Población urbana de hasta 10 mil habitantes,15519,1190,14329,0.5,0.595,217.17499999999998
060204,CAJAMARCA,CAJABAMBA,SITACOCHA,SIERRA,DISTRITAL,Sierra con Población urbana de hasta 10 mil habitantes,7867,2256,5611,0.42,0.94752,345.8448
060301,CAJAMARCA,CELENDIN,CELENDIN,SIERRA,PROVINCIAL,Sierra con Población urbana entre 10 mil y 50 mil habitantes,29695,19935,9760,0.6,11.961,4365.765
060302,CAJAMARCA,CELENDIN,CHUMUCH,SIERRA,DISTRITAL,Sierra con Población urbana de hasta 10 mil habitantes,2626,155,2471,0.4452923055521492,0.06902030736058314,25.192412186612845
060303,CAJAMARCA,CELENDIN,CORTEGANA,SIERRA,DISTRITAL,Sierra con Población urbana de hasta 10 mil habitantes,7197,405,6792,0.4452923055521492,0.1803433837486204,65.82533506824645
060304,CAJAMARCA,CELENDIN,HUASMIN,SIERRA,DISTRITAL,Sierra con Población urbana de hasta 10 mil habitantes,10485,999,9486,0.42,0.41958,153.1467
060305,CAJAMARCA,CELENDIN,JORGE CHAVEZ,SIERRA,DISTRITAL,Sierra con Población urbana de hasta 10 mil habitantes,447,168,279,0.4452923055521492,0.07480910733276107,27.30532417645779
060306,CAJAMARCA,CELENDIN,JOSE GALVEZ,SIERRA,DISTRITAL,Sierra con Población urbana de hasta 10 mil habitantes,2720,334,2386,0.4452923055521492,0.14872763005441783,54.285584969862505
060307,CAJAMARCA,CELENDIN,MIGUEL IGLESIAS,SIERRA,DISTRITAL,Sierra con Población urbana de hasta 10 mil habitantes,3771,286,3485,0.4452923055521492,0.12735359938791466,46.48406377658885
060308,CAJAMARCA,CELENDIN,OXAMARCA,SIERRA,DISTRITAL,Sierra con Población urbana de hasta 10 mil habitantes,5710,502,5208,0.29,0.14558,53.1367
060309,CAJAMARCA,CELENDIN,SOROCHUCO,SIERRA,DISTRITAL,Sierra con Población urbana de hasta 10 mil habitantes,7158,535,6623,0.56,0.29960000000000003,109.35400000000001
060310,CAJAMARCA,CELENDIN,SUCRE,SIERRA,DISTRITAL,Sierra con Población urbana de hasta 10 mil habitantes,5364,929,4435,0.4452923055521492,0.4136765518579466,150.9919414281505
060311,CAJAMARCA,CELENDIN,UTCO,SIERRA,DISTRITAL,Sierra con Población urbana de hasta 10 mil habitantes,1052,49,1003,0.4452923055521492,0.02181932297205531,7.964052884800188
060312,CAJAMARCA,CELENDIN,LA LIBERTAD DE PALLAN,SIERRA,DISTRITAL,Sierra con Población urbana de hasta 10 mil habitantes,6740,792,5948,0.4452923055521492,0.3526715059973022,128.7250996890153
060401,CAJAMARCA,CHOTA,CHOTA,SIERRA,PROVINCIAL,Sierra con Población urbana entre 10 mil y 50 mil habitantes,52061,22609,29452,0.38,8.59142,3135.8682999999996
060402,CAJAMARCA,CHOTA,ANGUIA,SIERRA,DISTRITAL,Sierra con Población urbana de hasta 10 mil habitantes,3074,341,2733,0.4452923055521492,0.15184467619328287,55.42330681054825
060403,CAJAMARCA,CHOTA,CHADIN,SIERRA,DISTRITAL,Sierra con Población urbana de hasta 10 mil habitantes,3563,664,2899,0.4452923055521492,0.2956740908866271,107.9210431736189
060404,CAJAMARCA,CHOTA,CHIGUIRIP,SIERRA,DISTRITAL,Sierra con Población urbana de hasta 10 mil habitantes,3483,277,3206,0.4452923055521492,0.12334596863794534,45.02127855285005
060405,CAJAMARCA,CHOTA,CHIMBAN,SIERRA,DISTRITAL,Sierra con Población urbana de hasta 10 mil habitantes,2056,459,1597,0.4452923055521492,0.20438916824843648,74.6020464106793
060406,CAJAMARCA,CHOTA,CHOROPAMPA,SIERRA,DISTRITAL,Sierra con Población urbana de hasta 10 mil habitantes,2182,269,1913,0.4452923055521492,0.11978363019352814,43.72102502063777
060407,CAJAMARCA,CHOTA,COCHABAMBA,SIERRA,DISTRITAL,Sierra con Población urbana de hasta 10 mil habitantes,5708,1313,4395,0.4452923055521492,0.5846687971899719,213.40411097433974
060408,CAJAMARCA,CHOTA,CONCHAN,SIERRA,DISTRITAL,Sierra con Población urbana de hasta 10 mil habitantes,5869,463,5406,0.4452923055521492,0.2061703374706451,75.25217317678546
060409,CAJAMARCA,CHOTA,HUAMBOS,SIERRA,DISTRITAL,Sierra con Población urbana de hasta 10 mil habitantes,8448,1333,7115,0.4452923055521492,0.593574643301015,216.65474480487046
060410,CAJAMARCA,CHOTA,LAJAS,SIERRA,DISTRITAL,Sierra con Población urbana de hasta 10 mil habitantes,11415,1940,9475,0.4452923055521492,0.8638670727711695,315.31148156147685
060411,CAJAMARCA,CHOTA,LLAMA,SIERRA,DISTRITAL,Sierra con Población urbana de hasta 10 mil habitantes,7278,2862,4416,0.4452923055521492,1.274426578490251,465.16570114894165
060412,CAJAMARCA,CHOTA,MIRACOSTA,SIERRA,DISTRITAL,Sierra con Población urbana de hasta 10 mil habitantes,3239,180,3059,0.4452923055521492,0.08015261499938686,29.255704474776206
060413,CAJAMARCA,CHOTA,PACCHA,SIERRA,DISTRITAL,Sierra con Población urbana de hasta 10 mil habitantes,4540,1092,3448,0.4452923055521492,0.4862591976629469,177.4846071469756
060414,CAJAMARCA,CHOTA,PION,SIERRA,DISTRITAL,Sierra con Población urbana de hasta 10 mil habitantes,1171,557,614,0.4452923055521492,0.2480278141925471,90.53015218027969
060415,CAJAMARCA,CHOTA,QUEROCOTO,SIERRA,DISTRITAL,Sierra con Población urbana de hasta 10 mil habitantes,8768,1344,7424,0.4452923055521492,0.5984728586620885,218.44259341166233
060416,CAJAMARCA,CHOTA,SAN JUAN DE LICUPIS,SIERRA,DISTRITAL,Sierra con Población urbana de hasta 10 mil habitantes,958,156,802,0.4452923055521492,0.06946559966613527,25.354943878139377
060417,CAJAMARCA,CHOTA,TACABAMBA,SIERRA,DISTRITAL,Sierra con Población urbana de hasta 10 mil habitantes,16334,2747,13587,0.51,1.40097,511.35405000000003
060418,CAJAMARCA,CHOTA,TOCMOCHE,COSTA,DISTRITAL,Costa con Población urbana de hasta 10 mil habitantes,864,195,669,0.4881283256607997,0.09518502350385595,34.74253357890742
060419,CAJAMARCA,CHOTA,CHALAMARCA,SIERRA,DISTRITAL,Sierra con Población urbana de hasta 10 mil habitantes,9541,900,8641,0.39,0.351,128.11499999999998
060501,CAJAMARCA,CONTUMAZA,CONTUMAZA,SIERRA,PROVINCIAL,Sierra con Población urbana de hasta 10 mil habitantes,7945,3190,4755,0.4,1.276,465.74
060502,CAJAMARCA,CONTUMAZA,CHILETE,SIERRA,DISTRITAL,Sierra con Población urbana de hasta 10 mil habitantes,2669,1999,670,0.42,0.8395799999999999,306.44669999999996
060503,CAJAMARCA,CONTUMAZA,CUPISNIQUE,SIERRA,DISTRITAL,Sierra con Población urbana de hasta 10 mil habitantes,1369,176,1193,0.4452923055521492,0.07837144577717826,28.605577708670065
060504,CAJAMARCA,CONTUMAZA,GUZMANGO,SIERRA,DISTRITAL,Sierra con Población urbana de hasta 10 mil habitantes,2835,239,2596,0.4452923055521492,0.10642486102696366,38.845074274841735
060505,CAJAMARCA,CONTUMAZA,SAN BENITO,SIERRA,DISTRITAL,Sierra con Población urbana de hasta 10 mil habitantes,3612,512,3100,0.4452923055521492,0.2279896604427004,83.21622606158564
060506,CAJAMARCA,CONTUMAZA,SANTA CRUZ DE TOLED,SIERRA,DISTRITAL,Sierra con Población urbana de hasta 10 mil habitantes,1030,146,884,0.35,0.05109999999999999,18.6515
060507,CAJAMARCA,CONTUMAZA,TANTARICA,SIERRA,DISTRITAL,Sierra con Población urbana de hasta 10 mil habitantes,2653,1649,1004,0.4452923055521492,0.734287011855494,268.0147593272553
060508,CAJAMARCA,CONTUMAZA,YONAN,COSTA,DISTRITAL,Costa con Población urbana de hasta 10 mil habitantes,6851,4336,2515,0.51,2.21136,807.1464
060601,CAJAMARCA,CUTERVO,CUTERVO,SIERRA,PROVINCIAL,Sierra con Población urbana entre 10 mil y 50 mil habitantes,51275,19794,31481,0.48,9.501119999999998,3467.9087999999992
060602,CAJAMARCA,CUTERVO,CALLAYUC,SIERRA,DISTRITAL,Sierra con Población urbana de hasta 10 mil habitantes,9554,540,9014,0.48,0.2592,94.60799999999999
060603,CAJAMARCA,CUTERVO,CHOROS,SIERRA,DISTRITAL,Sierra con Población urbana de hasta 10 mil habitantes,3262,331,2931,0.4452923055521492,0.14739175313776137,53.7979898952829
060604,CAJAMARCA,CUTERVO,CUJILLO,SIERRA,DISTRITAL,Sierra con Población urbana de hasta 10 mil habitantes,2532,347,2185,0.4452923055521492,0.15451643002659576,56.39849695970745
060605,CAJAMARCA,CUTERVO,LA RAMADA,SIERRA,DISTRITAL,Sierra con Población urbana de hasta 10 mil habitantes,3897,547,3350,0.4452923055521492,0.24357489113702563,88.90483526501436
060606,CAJAMARCA,CUTERVO,PIMPINGOS,SIERRA,DISTRITAL,Sierra con Población urbana de hasta 10 mil habitantes,4998,521,4477,0.4452923055521492,0.23199729119266974,84.67901128532445
060607,CAJAMARCA,CUTERVO,QUEROCOTILLO,SIERRA,DISTRITAL,Sierra con Población urbana de hasta 10 mil habitantes,13051,1405,11646,0.77,1.0818500000000002,394.87525000000005
060608,CAJAMARCA,CUTERVO,SAN ANDRES DE CUTERVO,SIERRA,DISTRITAL,Sierra con Población urbana de hasta 10 mil habitantes,4155,995,3160,0.4452923055521492,0.4430658440243885,161.7190330689018
060609,CAJAMARCA,CUTERVO,SAN JUAN DE CUTERVO,SIERRA,DISTRITAL,Sierra con Población urbana de hasta 10 mil habitantes,1822,451,1371,0.4452923055521492,0.2008268298040193,73.30179287846704
060610,CAJAMARCA,CUTERVO,SAN LUIS DE LUCMA,SIERRA,DISTRITAL,Sierra con Población urbana de hasta 10 mil habitantes,2888,414,2474,0.4452923055521492,0.18435101449858976,67.28812029198527
060611,CAJAMARCA,CUTERVO,SANTA CRUZ,SIERRA,DISTRITAL,Sierra con Población urbana de hasta 10 mil habitantes,2608,329,2279,0.4452923055521492,0.1465011685266571,53.47292651222984
060612,CAJAMARCA,CUTERVO,SANTO DOMINGO DE LA CAPILLA,SIERRA,DISTRITAL,Sierra con Población urbana de hasta 10 mil habitantes,4974,763,4211,0.4452923055521492,0.33975802913628983,124.01168063474579
060613,CAJAMARCA,CUTERVO,SANTO TOMAS,SIERRA,DISTRITAL,Sierra con Población urbana de hasta 10 mil habitantes,7541,1685,5856,0.27,0.45495,166.05675
060614,CAJAMARCA,CUTERVO,SOCOTA,SIERRA,DISTRITAL,Sierra con Población urbana de hasta 10 mil habitantes,8975,2488,6487,0.4452923055521492,1.1078872562137472,404.3788485180177
060615,CAJAMARCA,CUTERVO,TORIBIO CASANOVA,SIERRA,DISTRITAL,Sierra con Población urbana de hasta 10 mil habitantes,1062,308,754,0.4452923055521492,0.13715003011006194,50.059760990172606
060701,CAJAMARCA,HUALGAYOC,BAMBAMARCA,SIERRA,PROVINCIAL,Sierra con Población urbana entre 10 mil y 50 mil habitantes,63780,17039,46741,0.64,10.90496,3980.3104000000003
060702,CAJAMARCA,HUALGAYOC,CHUGUR,SIERRA,DISTRITAL,Sierra con Población urbana de hasta 10 mil habitantes,2866,294,2572,0.59,0.17345999999999998,63.31289999999999
060703,CAJAMARCA,HUALGAYOC,HUALGAYOC,SIERRA,DISTRITAL,Sierra con Población urbana de hasta 10 mil habitantes,16120,3005,13115,0.4452923055521492,1.3381033781842084,488.4077330372361
060801,CAJAMARCA,JAEN,JAEN,SIERRA,PROVINCIAL,Sierra con Población urbana de más de 50 mil habitantes,107925,90177,17748,0.57,51.40088999999999,18761.324849999997
060802,CAJAMARCA,JAEN,BELLAVISTA,SIERRA,DISTRITAL,Sierra con Población urbana de hasta 10 mil habitantes,16464,7292,9172,0.25,1.823,665.395
060803,CAJAMARCA,JAEN,CHONTALI,SELVA,DISTRITAL,Selva con Población urbana de hasta 10 mil habitantes,10464,1630,8834,0.58,0.9454,345.071
060804,CAJAMARCA,JAEN,COLASAY,SELVA,DISTRITAL,Selva con Población urbana de hasta 10 mil habitantes,10414,1690,8724,0.5188473382439173,0.8768520016322202,320.0509805957604
060805,CAJAMARCA,JAEN,HUABAL,SELVA,DISTRITAL,Selva con Población urbana de hasta 10 mil habitantes,9041,943,8098,0.5188473382439173,0.489273039964014,178.58465958686511
060806,CAJAMARCA,JAEN,LAS PIRIAS,SIERRA,DISTRITAL,Sierra con Población urbana de hasta 10 mil habitantes,4670,728,3942,0.4452923055521492,0.3241727984419646,118.32307143131709
060807,CAJAMARCA,JAEN,POMAHUACA,SIERRA,DISTRITAL,Sierra con Población urbana de hasta 10 mil habitantes,9299,1624,7675,0.31,0.50344,183.7556
060808,CAJAMARCA,JAEN,PUCARA,SIERRA,DISTRITAL,Sierra con Población urbana de hasta 10 mil habitantes,6888,3988,2900,0.57,2.27316,829.7034
060809,CAJAMARCA,JAEN,SALLIQUE,SIERRA,DISTRITAL,Sierra con Población urbana de hasta 10 mil habitantes,7502,825,6677,0.56,0.4620000000000001,168.63000000000002
060810,CAJAMARCA,JAEN,SAN FELIPE,SIERRA,DISTRITAL,Sierra con Población urbana de hasta 10 mil habitantes,4577,422,4155,0.4452923055521492,0.18791335294300698,68.58837382419755
060811,CAJAMARCA,JAEN,SAN JOSE DEL ALTO,SELVA,DISTRITAL,Selva con Población urbana de hasta 10 mil habitantes,8151,534,7617,0.55,0.29370000000000007,107.20050000000002
060812,CAJAMARCA,JAEN,SANTA ROSA,SIERRA,DISTRITAL,Sierra con Población urbana de hasta 10 mil habitantes,10050,2370,7680,0.4452923055521492,1.0553427641585935,385.2001089178866
060901,CAJAMARCA,SAN IGNACIO,SAN IGNACIO,SIERRA,PROVINCIAL,Sierra con Población urbana entre 10 mil y 50 mil habitantes,41202,13999,27203,0.51,7.1394899999999994,2605.91385
060902,CAJAMARCA,SAN IGNACIO,CHIRINOS,SIERRA,DISTRITAL,Sierra con Población urbana de hasta 10 mil habitantes,16246,2769,13477,0.64,1.7721600000000002,646.8384000000001
060903,CAJAMARCA,SAN IGNACIO,HUARANGO,SELVA,DISTRITAL,Selva con Población urbana de hasta 10 mil habitantes,18131,4276,13855,0.56,2.3945600000000002,874.0144000000001
060904,CAJAMARCA,SAN IGNACIO,LA COIPA,SELVA,DISTRITAL,Selva con Población urbana de hasta 10 mil habitantes,21446,2295,19151,0.5188473382439173,1.1907546412697902,434.6254440634734
060905,CAJAMARCA,SAN IGNACIO,NAMBALLE,SELVA,DISTRITAL,Selva con Población urbana de hasta 10 mil habitantes,9809,1136,8673,0.56,0.6361600000000001,232.19840000000002
060906,CAJAMARCA,SAN IGNACIO,SAN JOSE DE LOURDES,SELVA,DISTRITAL,Selva con Población urbana de hasta 10 mil habitantes,19989,2802,17187,0.54,1.5130800000000002,552.2742000000001
060907,CAJAMARCA,SAN IGNACIO,TABACONAS,SELVA,DISTRITAL,Selva con Población urbana de hasta 10 mil habitantes,20155,612,19543,0.74,0.45288,165.3012
061001,CAJAMARCA,SAN MARCOS,PEDRO GALVEZ,SIERRA,PROVINCIAL,Sierra con Población urbana entre 10 mil y 50 mil habitantes,22165,9961,12204,0.51,5.0801099999999995,1854.2401499999999
061002,CAJAMARCA,SAN MARCOS,CHANCAY,SIERRA,DISTRITAL,Sierra con Población urbana de hasta 10 mil habitantes,3042,500,2542,0.3,0.15,54.75
061003,CAJAMARCA,SAN MARCOS,EDUARDO VILLANUEVA,SIERRA,DISTRITAL,Sierra con Población urbana de hasta 10 mil habitantes,3186,1819,1367,0.4452923055521492,0.8099867037993594,295.6451468867662
061004,CAJAMARCA,SAN MARCOS,GREGORIO PITA,SIERRA,DISTRITAL,Sierra con Población urbana de hasta 10 mil habitantes,4913,470,4443,0.4452923055521492,0.20928738360951013,76.3898950174712
061005,CAJAMARCA,SAN MARCOS,ICHOCAN,SIERRA,DISTRITAL,Sierra con Población urbana de hasta 10 mil habitantes,1950,554,1396,0.4452923055521492,0.24669193727589067,90.0425571057001
061006,CAJAMARCA,SAN MARCOS,JOSE MANUEL QUIROZ,SIERRA,DISTRITAL,Sierra con Población urbana de hasta 10 mil habitantes,3558,438,3120,0.4452923055521492,0.19503802983184135,71.1888808886221
061007,CAJAMARCA,SAN MARCOS,JOSE SABOGAL,SIERRA,DISTRITAL,Sierra con Población urbana de hasta 10 mil habitantes,13198,1112,12086,0.48,0.53376,194.82240000000002
061101,CAJAMARCA,SAN MIGUEL,SAN MIGUEL,SIERRA,PROVINCIAL,Sierra con Población urbana de hasta 10 mil habitantes,13767,4108,9659,0.42,1.72536,629.7564
061102,CAJAMARCA,SAN MIGUEL,BOLIVAR,SIERRA,DISTRITAL,Sierra con Población urbana de hasta 10 mil habitantes,1252,510,742,0.4452923055521492,0.2270990758315961,82.89116267853258
061103,CAJAMARCA,SAN MIGUEL,CALQUIS,SIERRA,DISTRITAL,Sierra con Población urbana de hasta 10 mil habitantes,4260,97,4163,0.4452923055521492,0.04319335363855848,15.765574078073845
061104,CAJAMARCA,SAN MIGUEL,CATILLUC,SIERRA,DISTRITAL,Sierra con Población urbana de hasta 10 mil habitantes,2721,412,2309,0.2,0.0824,30.076
061105,CAJAMARCA,SAN MIGUEL,EL PRADO,SIERRA,DISTRITAL,Sierra con Población urbana de hasta 10 mil habitantes,1608,249,1359,0.4452923055521492,0.11087778408248515,40.47039119010708
061106,CAJAMARCA,SAN MIGUEL,LA FLORIDA,SIERRA,DISTRITAL,Sierra con Población urbana de hasta 10 mil habitantes,2105,546,1559,0.4452923055521492,0.24312959883147345,88.7423035734878
061107,CAJAMARCA,SAN MIGUEL,LLAPA,SIERRA,DISTRITAL,Sierra con Población urbana de hasta 10 mil habitantes,4414,719,3695,0.4452923055521492,0.32016516769199527,116.86028620757827
061108,CAJAMARCA,SAN MIGUEL,NANCHOC,COSTA,DISTRITAL,Costa con Población urbana de hasta 10 mil habitantes,1365,315,1050,0.4881283256607997,0.15376042258315192,56.122554242850455
061109,CAJAMARCA,SAN MIGUEL,NIEPOS,SIERRA,DISTRITAL,Sierra con Población urbana de hasta 10 mil habitantes,3089,726,2363,0.36,0.26136000000000004,95.39640000000001
061110,CAJAMARCA,SAN MIGUEL,SAN GREGORIO,COSTA,DISTRITAL,Costa con Población urbana de hasta 10 mil habitantes,2236,361,1875,0.4881283256607997,0.17621432556354868,64.31822883069528
061111,CAJAMARCA,SAN MIGUEL,SAN SILVESTRE DE COCHAN,SIERRA,DISTRITAL,Sierra con Población urbana de hasta 10 mil habitantes,3558,188,3370,0.4452923055521492,0.08371495344380404,30.555958006988476
061112,CAJAMARCA,SAN MIGUEL,TONGOD,SIERRA,DISTRITAL,Sierra con Población urbana de hasta 10 mil habitantes,2274,537,1737,0.4452923055521492,0.23912196808150413,87.27951834974901
061113,CAJAMARCA,SAN MIGUEL,UNION AGUA BLANCA,SIERRA,DISTRITAL,Sierra con Población urbana de hasta 10 mil habitantes,3032,911,2121,0.4452923055521492,0.4056612903580079,148.0663709806729
061201,CAJAMARCA,SAN PABLO,SAN PABLO,SIERRA,PROVINCIAL,Sierra con Población urbana de hasta 10 mil habitantes,13263,3326,9937,0.49,1.62974,594.8551
061202,CAJAMARCA,SAN PABLO,SAN BERNARDINO,SIERRA,DISTRITAL,Sierra con Población urbana de hasta 10 mil habitantes,4487,193,4294,0.48,0.09264,33.8136
061203,CAJAMARCA,SAN PABLO,SAN LUIS,SIERRA,DISTRITAL,Sierra con Población urbana de hasta 10 mil habitantes,850,171,679,0.4452923055521492,0.07614498424941751,27.792919251037393
061204,CAJAMARCA,SAN PABLO,TUMBADEN,SIERRA,DISTRITAL,Sierra con Población urbana de hasta 10 mil habitantes,3625,176,3449,0.4452923055521492,0.07837144577717826,28.605577708670065
061301,CAJAMARCA,SANTA CRUZ,SANTA CRUZ,SIERRA,PROVINCIAL,Sierra con Población urbana de hasta 10 mil habitantes,9640,5052,4588,0.55,2.7786000000000004,1014.1890000000002
061302,CAJAMARCA,SANTA CRUZ,ANDABAMBA,SIERRA,DISTRITAL,Sierra con Población urbana de hasta 10 mil habitantes,1247,214,1033,0.4452923055521492,0.09529255338815994,34.781781986678375
061303,CAJAMARCA,SANTA CRUZ,CATACHE,SIERRA,DISTRITAL,Sierra con Población urbana de hasta 10 mil habitantes,9875,1472,8403,0.4452923055521492,0.6554702737727637,239.24664992705874
061304,CAJAMARCA,SANTA CRUZ,CHANCAYBAÑOS,SIERRA,DISTRITAL,Sierra con Población urbana de hasta 10 mil habitantes,3386,323,3063,0.4452923055521492,0.1438294146933442,52.497736363070636
061305,CAJAMARCA,SANTA CRUZ,LA ESPERANZA,SIERRA,DISTRITAL,Sierra con Población urbana de hasta 10 mil habitantes,2264,185,2079,0.4452923055521492,0.0823790765271476,30.068362932408874
061306,CAJAMARCA,SANTA CRUZ,NINABAMBA,SIERRA,DISTRITAL,Sierra con Población urbana de hasta 10 mil habitantes,1864,232,1632,0.4452923055521492,0.10330781488809862,37.70735243415599
061307,CAJAMARCA,SANTA CRUZ,PULAN,SIERRA,DISTRITAL,Sierra con Población urbana de hasta 10 mil habitantes,3731,432,3299,0.4452923055521492,0.19236627599852846,70.21369073946289
061308,CAJAMARCA,SANTA CRUZ,SAUCEPAMPA,SIERRA,DISTRITAL,Sierra con Población urbana de hasta 10 mil habitantes,1314,150,1164,0.4452923055521492,0.06679384583282238,24.37975372898017
061309,CAJAMARCA,SANTA CRUZ,SEXI,SIERRA,DISTRITAL,Sierra con Población urbana de hasta 10 mil habitantes,426,205,221,0.4452923055521492,0.09128492263819059,33.31899676293956
061310,CAJAMARCA,SANTA CRUZ,UTICYACU,SIERRA,DISTRITAL,Sierra con Población urbana de hasta 10 mil habitantes,1194,125,1069,0.4452923055521492,0.05566153819401865,20.31646144081681
061311,CAJAMARCA,SANTA CRUZ,YAUYUCAN,SIERRA,DISTRITAL,Sierra con Población urbana de hasta 10 mil habitantes,2776,731,2045,0.4452923055521492,0.3255086753586211,118.8106665058967
070101,CALLAO,CALLAO,CALLAO,LIMA Y CALLAO,PROVINCIAL,Provincia de Lima y Callao ,528405,528405,0,0.64,338.17920000000004,123435.40800000001
070102,CALLAO,CALLAO,BELLAVISTA,LIMA Y CALLAO,DISTRITAL,Provincia de Lima y Callao ,81428,81428,0,0.57,46.413959999999996,16941.0954
070103,CALLAO,CALLAO,CARMEN DE LA LEGUA REYNOSO,LIMA Y CALLAO,DISTRITAL,Provincia de Lima y Callao ,47071,47071,0,0.8,37.656800000000004,13744.732000000002
070104,CALLAO,CALLAO,LA PERLA,LIMA Y CALLAO,DISTRITAL,Provincia de Lima y Callao ,64612,64612,0,0.8,51.689600000000006,18866.704
070105,CALLAO,CALLAO,LA PUNTA,LIMA Y CALLAO,DISTRITAL,Provincia de Lima y Callao ,3862,3862,0,0.59,2.27858,831.6817
070106,CALLAO,CALLAO,VENTANILLA,LIMA Y CALLAO,DISTRITAL,Provincia de Lima y Callao ,391564,391564,0,0.54,211.44456000000002,77177.26440000001
070107,CALLAO,CALLAO,MI PERU,LIMA Y CALLAO,DISTRITAL,Provincia de Lima y Callao ,54706,54706,0,0.46,25.16476,9185.1374
080101,CUSCO,CUSCO,CUSCO,SIERRA,PROVINCIAL,Sierra con Población urbana de más de 50 mil habitantes,118843,115421,3422,0.46,53.09366000000001,19379.185900000004
080102,CUSCO,CUSCO,CCORCA,SIERRA,DISTRITAL,Sierra con Población urbana de hasta 10 mil habitantes,2407,583,1824,0.4452923055521492,0.25960541413690297,94.75597615996958
080103,CUSCO,CUSCO,POROY,SIERRA,DISTRITAL,Sierra con Población urbana entre 10 mil y 50 mil habitantes,13497,11847,1650,0.47,5.568089999999999,2032.3528499999995
080104,CUSCO,CUSCO,SAN JERONIMO,SIERRA,DISTRITAL,Sierra con Población urbana de más de 50 mil habitantes,75696,73077,2619,0.5,36.5385,13336.5525
080105,CUSCO,CUSCO,SAN SEBASTIAN,SIERRA,DISTRITAL,Sierra con Población urbana de más de 50 mil habitantes,141559,139117,2442,0.57,79.29668999999998,28943.291849999994
080106,CUSCO,CUSCO,SANTIAGO,SIERRA,DISTRITAL,Sierra con Población urbana de más de 50 mil habitantes,105919,103366,2553,0.54,55.817640000000004,20373.4386
080107,CUSCO,CUSCO,SAYLLA,SIERRA,DISTRITAL,Sierra con Población urbana de hasta 10 mil habitantes,9146,5785,3361,0.49,2.83465,1034.64725
080108,CUSCO,CUSCO,WANCHAQ,SIERRA,DISTRITAL,Sierra con Población urbana de más de 50 mil habitantes,61474,61474,0,0.4,24.5896,8975.204
080201,CUSCO,ACOMAYO,ACOMAYO,SIERRA,PROVINCIAL,Sierra con Población urbana de hasta 10 mil habitantes,4548,2725,1823,0.39,1.06275,387.90375
080202,CUSCO,ACOMAYO,ACOPIA,SIERRA,DISTRITAL,Sierra con Población urbana de hasta 10 mil habitantes,3102,2022,1080,0.4452923055521492,0.9003810418264457,328.6390802666527
080203,CUSCO,ACOMAYO,ACOS,SIERRA,DISTRITAL,Sierra con Población urbana de hasta 10 mil habitantes,2333,1330,1003,0.3,0.399,145.63500000000002
080204,CUSCO,ACOMAYO,MOSOC LLACTA,SIERRA,DISTRITAL,Sierra con Población urbana de hasta 10 mil habitantes,1007,536,471,0.4452923055521492,0.238676675775952,87.11698665822249
080205,CUSCO,ACOMAYO,POMACANCHI,SIERRA,DISTRITAL,Sierra con Población urbana de hasta 10 mil habitantes,7537,4830,2707,0.45,2.1735,793.3275000000001
080206,CUSCO,ACOMAYO,RONDOCAN,SIERRA,DISTRITAL,Sierra con Población urbana de hasta 10 mil habitantes,1832,1094,738,0.4452923055521492,0.48714978227405126,177.8096705300287
080207,CUSCO,ACOMAYO,SANGARARA,SIERRA,DISTRITAL,Sierra con Población urbana de hasta 10 mil habitantes,3373,2532,841,0.23,0.58236,212.5614
080301,CUSCO,ANTA,ANTA,SIERRA,PROVINCIAL,Sierra con Población urbana entre 10 mil y 50 mil habitantes,26512,12499,14013,0.62,7.74938,2828.5237
080302,CUSCO,ANTA,ANCAHUASI,SIERRA,DISTRITAL,Sierra con Población urbana de hasta 10 mil habitantes,7873,3360,4513,0.4452923055521492,1.4961821466552214,546.1064835291559
080303,CUSCO,ANTA,CACHIMAYO,SIERRA,DISTRITAL,Sierra con Población urbana de hasta 10 mil habitantes,2823,1867,956,0.26,0.48542,177.1783
080304,CUSCO,ANTA,CHINCHAYPUJIO,SIERRA,DISTRITAL,Sierra con Población urbana de hasta 10 mil habitantes,4292,982,3310,0.4452923055521492,0.4372770440522106,159.60612107905686
080305,CUSCO,ANTA,HUAROCONDO,SIERRA,DISTRITAL,Sierra con Población urbana de hasta 10 mil habitantes,4528,2137,2391,0.4452923055521492,0.9515896569649428,347.33022479220415
080306,CUSCO,ANTA,LIMATAMBO,SIERRA,DISTRITAL,Sierra con Población urbana de hasta 10 mil habitantes,7620,1703,5917,0.8,1.3624,497.276
080307,CUSCO,ANTA,MOLLEPATA,SIERRA,DISTRITAL,Sierra con Población urbana de hasta 10 mil habitantes,3559,1673,1886,0.4452923055521492,0.7449740271887456,271.91551992389213
080308,CUSCO,ANTA,PUCYURA,SIERRA,DISTRITAL,Sierra con Población urbana de hasta 10 mil habitantes,3128,1797,1331,0.56,1.00632,367.3068
080309,CUSCO,ANTA,ZURITE,SIERRA,DISTRITAL,Sierra con Población urbana de hasta 10 mil habitantes,3762,2008,1754,0.4452923055521492,0.8941469495487157,326.3636365852812
080401,CUSCO,CALCA,CALCA,SIERRA,PROVINCIAL,Sierra con Población urbana entre 10 mil y 50 mil habitantes,23833,14456,9377,0.67,9.68552,3535.2148
080402,CUSCO,CALCA,COYA,SIERRA,DISTRITAL,Sierra con Población urbana de hasta 10 mil habitantes,3631,2921,710,0.51,1.48971,543.74415
080403,CUSCO,CALCA,LAMAY,SIERRA,DISTRITAL,Sierra con Población urbana de hasta 10 mil habitantes,6016,2963,3053,0.36,1.06668,389.33820000000003
080404,CUSCO,CALCA,LARES,SIERRA,DISTRITAL,Sierra con Población urbana de hasta 10 mil habitantes,6324,2195,4129,0.62,1.3609,496.7285
080405,CUSCO,CALCA,PISAC,SIERRA,DISTRITAL,Sierra con Población urbana de hasta 10 mil habitantes,11817,4909,6908,0.48,2.3563199999999997,860.0568
080406,CUSCO,CALCA,SAN SALVADOR,SIERRA,DISTRITAL,Sierra con Población urbana de hasta 10 mil habitantes,6258,1428,4830,0.29,0.41411999999999993,151.15379999999996
080407,CUSCO,CALCA,TARAY,SIERRA,DISTRITAL,Sierra con Población urbana de hasta 10 mil habitantes,4932,2092,2840,0.4452923055521492,0.9315515032150962,340.0162986735101
080408,CUSCO,CALCA,YANATILE,SELVA,DISTRITAL,Selva con Población urbana de hasta 10 mil habitantes,9303,2296,7007,0.59,1.3546399999999998,494.44359999999995
080501,CUSCO,CANAS,YANAOCA,SIERRA,PROVINCIAL,Sierra con Población urbana de hasta 10 mil habitantes,9247,3721,5526,0.2,0.7442000000000001,271.63300000000004
080502,CUSCO,CANAS,CHECCA,SIERRA,DISTRITAL,Sierra con Población urbana de hasta 10 mil habitantes,5448,401,5047,0.24,0.09623999999999999,35.127599999999994
080503,CUSCO,CANAS,KUNTURKANKI,SIERRA,DISTRITAL,Sierra con Población urbana de hasta 10 mil habitantes,5158,1438,3720,0.25,0.3595,131.2175
080504,CUSCO,CANAS,LANGUI,SIERRA,DISTRITAL,Sierra con Población urbana de hasta 10 mil habitantes,2060,307,1753,0.4452923055521492,0.1367047378045098,49.89722929864608
080505,CUSCO,CANAS,LAYO,SIERRA,DISTRITAL,Sierra con Población urbana de hasta 10 mil habitantes,5495,623,4872,0.4452923055521492,0.277417106358989,101.25724382103098
080506,CUSCO,CANAS,PAMPAMARCA,SIERRA,DISTRITAL,Sierra con Población urbana de hasta 10 mil habitantes,1878,1160,718,0.27,0.31320000000000003,114.31800000000001
080507,CUSCO,CANAS,QUEHUE,SIERRA,DISTRITAL,Sierra con Población urbana de hasta 10 mil habitantes,2609,312,2297,0.4452923055521492,0.13893119933227055,50.709887756278754
080508,CUSCO,CANAS,TUPAC AMARU,SIERRA,DISTRITAL,Sierra con Población urbana de hasta 10 mil habitantes,2592,409,2183,0.4452923055521492,0.18212455297082902,66.4754618343526
080601,CUSCO,CANCHIS,SICUANI,SIERRA,PROVINCIAL,Sierra con Población urbana de más de 50 mil habitantes,65594,51725,13869,0.47,24.31075,8873.42375
080602,CUSCO,CANCHIS,CHECACUPE,SIERRA,DISTRITAL,Sierra con Población urbana de hasta 10 mil habitantes,5246,2297,2949,0.2,0.45940000000000003,167.681
080603,CUSCO,CANCHIS,COMBAPATA,SIERRA,DISTRITAL,Sierra con Población urbana de hasta 10 mil habitantes,5006,2037,2969,0.4452923055521492,0.907060426409728,331.0770556395507
080604,CUSCO,CANCHIS,MARANGANI,SIERRA,DISTRITAL,Sierra con Población urbana de hasta 10 mil habitantes,10320,3031,7289,0.37,1.12147,409.33655
080605,CUSCO,CANCHIS,PITUMARCA,SIERRA,DISTRITAL,Sierra con Población urbana de hasta 10 mil habitantes,8496,4385,4111,0.41,1.79785,656.21525
080606,CUSCO,CANCHIS,SAN PABLO,SIERRA,DISTRITAL,Sierra con Población urbana de hasta 10 mil habitantes,4420,1602,2818,0.5,0.801,292.365
080607,CUSCO,CANCHIS,SAN PEDRO,SIERRA,DISTRITAL,Sierra con Población urbana de hasta 10 mil habitantes,2789,1517,1272,0.65,0.9860500000000001,359.90825
080608,CUSCO,CANCHIS,TINTA,SIERRA,DISTRITAL,Sierra con Población urbana de hasta 10 mil habitantes,5462,2670,2792,0.45,1.2015,438.5475
080701,CUSCO,CHUMBIVILCAS,SANTO TOMAS,SIERRA,PROVINCIAL,Sierra con Población urbana entre 10 mil y 50 mil habitantes,22673,11360,11313,0.32,3.6352,1326.8480000000002
080702,CUSCO,CHUMBIVILCAS,CAPACMARCA,SIERRA,DISTRITAL,Sierra con Población urbana de hasta 10 mil habitantes,4079,709,3370,0.4452923055521492,0.3157122446364738,115.23496929231294
080703,CUSCO,CHUMBIVILCAS,CHAMACA,SIERRA,DISTRITAL,Sierra con Población urbana de hasta 10 mil habitantes,6399,1452,4947,0.4452923055521492,0.6465644276617206,235.99601609652802
080704,CUSCO,CHUMBIVILCAS,COLQUEMARCA,SIERRA,DISTRITAL,Sierra con Población urbana de hasta 10 mil habitantes,6974,1268,5706,0.4452923055521492,0.5646306434401253,206.09018485564573
080705,CUSCO,CHUMBIVILCAS,LIVITACA,SIERRA,DISTRITAL,Sierra con Población urbana de hasta 10 mil habitantes,12949,2588,10361,0.4,1.0352000000000001,377.84800000000007
080706,CUSCO,CHUMBIVILCAS,LLUSCO,SIERRA,DISTRITAL,Sierra con Población urbana de hasta 10 mil habitantes,4149,782,3367,0.4452923055521492,0.3482185829417807,127.09978277374996
080707,CUSCO,CHUMBIVILCAS,QUIÑOTA,SIERRA,DISTRITAL,Sierra con Población urbana de hasta 10 mil habitantes,3986,819,3167,0.39,0.31941,116.58465000000001
080708,CUSCO,CHUMBIVILCAS,VELILLE,SIERRA,DISTRITAL,Sierra con Población urbana de hasta 10 mil habitantes,8554,2861,5693,0.41,1.1730099999999999,428.14865
080801,CUSCO,ESPINAR,ESPINAR,SIERRA,PROVINCIAL,Sierra con Población urbana entre 10 mil y 50 mil habitantes,40173,32892,7281,0.53,17.432760000000002,6362.9574
080802,CUSCO,ESPINAR,CONDOROMA,SIERRA,DISTRITAL,Sierra con Población urbana de hasta 10 mil habitantes,839,378,461,0.4452923055521492,0.16832049149871242,61.436979397030036
080803,CUSCO,ESPINAR,COPORAQUE,SIERRA,DISTRITAL,Sierra con Población urbana de hasta 10 mil habitantes,9055,632,8423,0.68,0.42976000000000003,156.8624
080804,CUSCO,ESPINAR,OCORURO,SIERRA,DISTRITAL,Sierra con Población urbana de hasta 10 mil habitantes,931,100,831,0.8,0.08,29.2
080805,CUSCO,ESPINAR,PALLPATA,SIERRA,DISTRITAL,Sierra con Población urbana de hasta 10 mil habitantes,5075,2025,3050,0.27,0.54675,199.56375
080806,CUSCO,ESPINAR,PICHIGUA,SIERRA,DISTRITAL,Sierra con Población urbana de hasta 10 mil habitantes,2714,338,2376,0.4452923055521492,0.15050879927662644,54.93571173596865
080807,CUSCO,ESPINAR,SUYCKUTAMBO,SIERRA,DISTRITAL,Sierra con Población urbana de hasta 10 mil habitantes,1433,229,1204,0.36,0.08244,30.0906
080808,CUSCO,ESPINAR,ALTO PICHIGUA,SIERRA,DISTRITAL,Sierra con Población urbana de hasta 10 mil habitantes,1920,242,1678,0.5,0.121,44.165
080901,CUSCO,LA CONVENCIÓN,SANTA ANA,SELVA,PROVINCIAL,Selva con Población urbana entre 10 mil y 50 mil habitantes,29650,24277,5373,0.62,15.05174,5493.8851
080902,CUSCO,LA CONVENCIÓN,ECHARATE  14/,SELVA,DISTRITAL,Selva con Población urbana de hasta 10 mil habitantes,18247,3171,15076,0.71,2.25141,821.76465
080903,CUSCO,LA CONVENCIÓN,HUAYOPATA,SELVA,DISTRITAL,Selva con Población urbana de hasta 10 mil habitantes,5440,2494,2946,0.42,1.04748,382.3302
080904,CUSCO,LA CONVENCIÓN,MARANURA,SELVA,DISTRITAL,Selva con Población urbana de hasta 10 mil habitantes,5017,1307,3710,0.5188473382439173,0.6781334710847999,247.51871694595198
080905,CUSCO,LA CONVENCIÓN,OCOBAMBA,SELVA,DISTRITAL,Selva con Población urbana de hasta 10 mil habitantes,5903,263,5640,0.5188473382439173,0.13645684995815022,49.80675023472483
080906,CUSCO,LA CONVENCIÓN,QUELLOUNO,SELVA,DISTRITAL,Selva con Población urbana de hasta 10 mil habitantes,15112,1954,13158,0.5188473382439173,1.0138276989286144,370.04711010894425
080907,CUSCO,LA CONVENCIÓN,KIMBIRI   15/ 16/,SELVA,DISTRITAL,Selva con Población urbana de hasta 10 mil habitantes,13885,8318,5567,0.58,4.824439999999999,1760.9205999999997
080908,CUSCO,LA CONVENCIÓN,SANTA TERESA,SELVA,DISTRITAL,Selva con Población urbana de hasta 10 mil habitantes,6921,1637,5284,0.39,0.63843,233.02695000000003
080909,CUSCO,LA CONVENCIÓN,VILCABAMBA,SELVA,DISTRITAL,Selva con Población urbana de hasta 10 mil habitantes,10058,340,9718,0.38,0.12919999999999998,47.157999999999994
080910,CUSCO,LA CONVENCIÓN,PICHARI  18/,SELVA,DISTRITAL,Selva con Población urbana entre 10 mil y 50 mil habitantes,23299,17634,5665,0.65,11.4621,4183.6665
080911,CUSCO,LA CONVENCIÓN,INKAWASI,SELVA,DISTRITAL,Selva con Población urbana de hasta 10 mil habitantes,5125,690,4435,0.5188473382439173,0.3580046633883029,130.67170213673054
080912,CUSCO,LA CONVENCIÓN,VILLA VIRGEN,SELVA,DISTRITAL,Selva con Población urbana de hasta 10 mil habitantes,2437,1277,1160,0.5188473382439173,0.6625680509374823,241.83733859218103
080913,CUSCO,LA CONVENCIÓN,VILLA KINTIARINA,SELVA,DISTRITAL,Selva con Población urbana de hasta 10 mil habitantes,2405,557,1848,0.38,0.21166,77.2559
080914,CUSCO,LA CONVENCIÓN,MEGANTONI,SELVA,DISTRITAL,Selva con Población urbana de hasta 10 mil habitantes,7427,408,7019,0.54,0.22032000000000002,80.41680000000001
080915,CUSCO,LA CONVENCIÓN,KUMPIRUSHIATO  14/,SELVA,DISTRITAL,Selva con Población urbana de hasta 10 mil habitantes,5923,899,5024,0.5188473382439173,0.4664437570812816,170.2519713346678
080916,CUSCO,LA CONVENCIÓN,CIELO PUNCO  15/,SELVA,DISTRITAL,Selva con Población urbana de hasta 10 mil habitantes,2235,1275,960,0.5188473382439173,0.6615303562609945,241.458580035263
080917,CUSCO,LA CONVENCIÓN,MANITEA 16/,SELVA,DISTRITAL,Selva con Población urbana de hasta 10 mil habitantes,3582,1500,2082,0.5188473382439173,0.778271007365876,284.06891768854473
080918,CUSCO,LA CONVENCIÓN,UNIÓN ASHÁNINKA 18/,SELVA,DISTRITAL,Selva con Población urbana de hasta 10 mil habitantes,5723,2346,3377,0.5188473382439173,1.21721585552023,444.2837872648839
081001,CUSCO,PARURO,PARURO,SIERRA,PROVINCIAL,Sierra con Población urbana de hasta 10 mil habitantes,3475,1824,1651,0.21,0.38303999999999994,139.8096
081002,CUSCO,PARURO,ACCHA,SIERRA,DISTRITAL,Sierra con Población urbana de hasta 10 mil habitantes,3064,1375,1689,0.4452923055521492,0.6122769201342052,223.4810758489849
081003,CUSCO,PARURO,CCAPI,SIERRA,DISTRITAL,Sierra con Población urbana de hasta 10 mil habitantes,3059,718,2341,0.4452923055521492,0.31971987538644314,116.69775451605175
081004,CUSCO,PARURO,COLCHA,SIERRA,DISTRITAL,Sierra con Población urbana de hasta 10 mil habitantes,916,882,34,0.4452923055521492,0.3927478134969956,143.3529519264034
081005,CUSCO,PARURO,HUANOQUITE,SIERRA,DISTRITAL,Sierra con Población urbana de hasta 10 mil habitantes,5040,1780,3260,0.4452923055521492,0.7926203038828257,289.30641091723135
081006,CUSCO,PARURO,OMACHA,SIERRA,DISTRITAL,Sierra con Población urbana de hasta 10 mil habitantes,5792,1818,3974,0.4452923055521492,0.8095414114938072,295.48261519523965
081007,CUSCO,PARURO,PACCARITAMBO,SIERRA,DISTRITAL,Sierra con Población urbana de hasta 10 mil habitantes,2063,713,1350,0.4452923055521492,0.3174934138586824,115.88509605841908
081008,CUSCO,PARURO,PILLPINTO,SIERRA,DISTRITAL,Sierra con Población urbana de hasta 10 mil habitantes,1009,934,75,0.6,0.5604,204.546
081009,CUSCO,PARURO,YAURISQUE,SIERRA,DISTRITAL,Sierra con Población urbana de hasta 10 mil habitantes,1875,474,1401,0.4452923055521492,0.21106855283171874,77.04002178357734
081101,CUSCO,PAUCARTAMBO,PAUCARTAMBO,SIERRA,PROVINCIAL,Sierra con Población urbana de hasta 10 mil habitantes,13627,4101,9526,0.48,1.96848,718.4952
081102,CUSCO,PAUCARTAMBO,CAICAY,SIERRA,DISTRITAL,Sierra con Población urbana de hasta 10 mil habitantes,3122,619,2503,0.4452923055521492,0.27563593713678036,100.60711705492483
081103,CUSCO,PAUCARTAMBO,CHALLABAMBA,SIERRA,DISTRITAL,Sierra con Población urbana de hasta 10 mil habitantes,9379,1180,8199,0.44,0.5192,189.508
081104,CUSCO,PAUCARTAMBO,COLQUEPATA,SIERRA,DISTRITAL,Sierra con Población urbana de hasta 10 mil habitantes,8858,1524,7334,0.33,0.50292,183.56580000000002
081105,CUSCO,PAUCARTAMBO,HUANCARANI,SIERRA,DISTRITAL,Sierra con Población urbana de hasta 10 mil habitantes,7966,1920,6046,0.41,0.7871999999999999,287.328
081106,CUSCO,PAUCARTAMBO,KOSÑIPATA,SELVA,DISTRITAL,Selva con Población urbana de hasta 10 mil habitantes,4914,1922,2992,0.5188473382439173,0.997224584104809,363.98697319825527
081201,CUSCO,QUISPICANCHI,URCOS,SIERRA,PROVINCIAL,Sierra con Población urbana de hasta 10 mil habitantes,12416,7441,4975,0.52,3.86932,1412.3018
081202,CUSCO,QUISPICANCHI,ANDAHUAYLILLAS,SIERRA,DISTRITAL,Sierra con Población urbana de hasta 10 mil habitantes,7245,4904,2341,0.2,0.9808000000000001,357.992
081203,CUSCO,QUISPICANCHI,CAMANTI,SELVA,DISTRITAL,Selva con Población urbana de hasta 10 mil habitantes,2668,1997,671,0.42,0.83874,306.1401
081204,CUSCO,QUISPICANCHI,CCARHUAYO,SIERRA,DISTRITAL,Sierra con Población urbana de hasta 10 mil habitantes,3186,755,2431,0.38,0.2869,104.71849999999999
081205,CUSCO,QUISPICANCHI,CCATCA,SIERRA,DISTRITAL,Sierra con Población urbana de hasta 10 mil habitantes,15165,3479,11686,0.3,1.0437,380.95050000000003
081206,CUSCO,QUISPICANCHI,CUSIPATA,SIERRA,DISTRITAL,Sierra con Población urbana de hasta 10 mil habitantes,4652,1236,3416,0.38,0.46968,171.4332
081207,CUSCO,QUISPICANCHI,HUARO,SIERRA,DISTRITAL,Sierra con Población urbana de hasta 10 mil habitantes,5032,3142,1890,0.5,1.571,573.415
081208,CUSCO,QUISPICANCHI,LUCRE,SIERRA,DISTRITAL,Sierra con Población urbana de hasta 10 mil habitantes,5423,4546,877,0.35,1.5911,580.7515
081209,CUSCO,QUISPICANCHI,MARCAPATA,SIERRA,DISTRITAL,Sierra con Población urbana de hasta 10 mil habitantes,4994,650,4344,0.43,0.2795,102.01750000000001
081210,CUSCO,QUISPICANCHI,OCONGATE,SIERRA,DISTRITAL,Sierra con Población urbana de hasta 10 mil habitantes,19019,4385,14634,0.56,2.4556000000000004,896.2940000000002
081211,CUSCO,QUISPICANCHI,OROPESA,SIERRA,DISTRITAL,Sierra con Población urbana entre 10 mil y 50 mil habitantes,12323,10822,1501,0.46,4.97812,1817.0138
081212,CUSCO,QUISPICANCHI,QUIQUIJANA,SIERRA,DISTRITAL,Sierra con Población urbana de hasta 10 mil habitantes,12025,3470,8555,0.46,1.5962,582.613
081301,CUSCO,URUBAMBA,URUBAMBA,SIERRA,PROVINCIAL,Sierra con Población urbana entre 10 mil y 50 mil habitantes,24550,16100,8450,0.7,11.27,4113.55
081302,CUSCO,URUBAMBA,CHINCHERO,SIERRA,DISTRITAL,Sierra con Población urbana de hasta 10 mil habitantes,12671,4445,8226,0.27,1.20015,438.05475
081303,CUSCO,URUBAMBA,HUAYLLABAMBA,SIERRA,DISTRITAL,Sierra con Población urbana de hasta 10 mil habitantes,6467,2125,4342,0.57,1.21125,442.10625
081304,CUSCO,URUBAMBA,MACHUPICCHU,SIERRA,DISTRITAL,Sierra con Población urbana de hasta 10 mil habitantes,5746,4686,1060,0.59,2.7647399999999998,1009.1300999999999
081305,CUSCO,URUBAMBA,MARAS,SIERRA,DISTRITAL,Sierra con Población urbana de hasta 10 mil habitantes,6822,1602,5220,0.37,0.59274,216.35010000000003
081306,CUSCO,URUBAMBA,OLLANTAYTAMBO,SIERRA,DISTRITAL,Sierra con Población urbana de hasta 10 mil habitantes,12000,3653,8347,0.59,2.15527,786.67355
081307,CUSCO,URUBAMBA,YUCAY,SIERRA,DISTRITAL,Sierra con Población urbana de hasta 10 mil habitantes,3435,3346,89,0.39,1.30494,476.3031
090101,HUANCAVELICA,HUANCAVELICA,HUANCAVELICA,SIERRA,PROVINCIAL,Sierra con Población urbana entre 10 mil y 50 mil habitantes,43082,37464,5618,0.63,23.60232,8614.8468
090102,HUANCAVELICA,HUANCAVELICA,ACOBAMBILLA,SIERRA,DISTRITAL,Sierra con Población urbana de hasta 10 mil habitantes,1702,245,1457,0.46,0.11270000000000001,41.1355
090103,HUANCAVELICA,HUANCAVELICA,ACORIA,SIERRA,DISTRITAL,Sierra con Población urbana de hasta 10 mil habitantes,15483,3103,12380,0.35,1.08605,396.40825
090104,HUANCAVELICA,HUANCAVELICA,CONAYCA,SIERRA,DISTRITAL,Sierra con Población urbana de hasta 10 mil habitantes,804,554,250,0.42,0.23267999999999997,84.92819999999999
090105,HUANCAVELICA,HUANCAVELICA,CUENCA,SIERRA,DISTRITAL,Sierra con Población urbana de hasta 10 mil habitantes,975,204,771,0.4452923055521492,0.09083963033263844,33.15646507141303
090106,HUANCAVELICA,HUANCAVELICA,HUACHOCOLPA,SIERRA,DISTRITAL,Sierra con Población urbana de hasta 10 mil habitantes,1674,924,750,0.4452923055521492,0.4114500903301859,150.17928297051787
090107,HUANCAVELICA,HUANCAVELICA,HUAYLLAHUARA,SIERRA,DISTRITAL,Sierra con Población urbana de hasta 10 mil habitantes,637,399,238,0.43,0.17157,62.62305
090108,HUANCAVELICA,HUANCAVELICA,IZCUCHACA,SIERRA,DISTRITAL,Sierra con Población urbana de hasta 10 mil habitantes,906,502,404,0.4452923055521492,0.2235367373871789,81.5909091463203
090109,HUANCAVELICA,HUANCAVELICA,LARIA,SIERRA,DISTRITAL,Sierra con Población urbana de hasta 10 mil habitantes,669,270,399,0.4452923055521492,0.12022892249908028,43.8835567121643
090110,HUANCAVELICA,HUANCAVELICA,MANTA,SIERRA,DISTRITAL,Sierra con Población urbana de hasta 10 mil habitantes,846,157,689,0.4452923055521492,0.06991089197168741,25.517475569665905
090111,HUANCAVELICA,HUANCAVELICA,MARISCAL CACERES,SIERRA,DISTRITAL,Sierra con Población urbana de hasta 10 mil habitantes,470,389,81,0.4452923055521492,0.17321870685978605,63.224828003821905
090112,HUANCAVELICA,HUANCAVELICA,MOYA,SIERRA,DISTRITAL,Sierra con Población urbana de hasta 10 mil habitantes,814,235,579,0.4452923055521492,0.10464369180475507,38.1949475087356
090113,HUANCAVELICA,HUANCAVELICA,NUEVO OCCORO,SIERRA,DISTRITAL,Sierra con Población urbana de hasta 10 mil habitantes,1617,358,1259,0.37,0.13246,48.347899999999996
090114,HUANCAVELICA,HUANCAVELICA,PALCA,SIERRA,DISTRITAL,Sierra con Población urbana de hasta 10 mil habitantes,1746,418,1328,0.29,0.12121999999999998,44.24529999999999
090115,HUANCAVELICA,HUANCAVELICA,PILCHACA,SIERRA,DISTRITAL,Sierra con Población urbana de hasta 10 mil habitantes,508,300,208,0.4452923055521492,0.13358769166564477,48.75950745796034
090116,HUANCAVELICA,HUANCAVELICA,VILCA,SIERRA,DISTRITAL,Sierra con Población urbana de hasta 10 mil habitantes,1695,108,1587,0.4452923055521492,0.048091568999632114,17.553422684865723
090117,HUANCAVELICA,HUANCAVELICA,YAULI,SIERRA,DISTRITAL,Sierra con Población urbana de hasta 10 mil habitantes,18684,3973,14711,0.55,2.18515,797.5797500000001
090118,HUANCAVELICA,HUANCAVELICA,ASCENSION,SIERRA,DISTRITAL,Sierra con Población urbana entre 10 mil y 50 mil habitantes,20031,18760,1271,0.47,8.8172,3218.278
090119,HUANCAVELICA,HUANCAVELICA,HUANDO,SIERRA,DISTRITAL,Sierra con Población urbana de hasta 10 mil habitantes,6232,1510,4722,0.52,0.7852,286.598
090201,HUANCAVELICA,ACOBAMBA,ACOBAMBA,SIERRA,PROVINCIAL,Sierra con Población urbana de hasta 10 mil habitantes,9320,5667,3653,0.47,2.66349,972.17385
090202,HUANCAVELICA,ACOBAMBA,ANDABAMBA,SIERRA,DISTRITAL,Sierra con Población urbana de hasta 10 mil habitantes,2922,790,2132,0.4452923055521492,0.3517809213861979,128.40003630596223
090203,HUANCAVELICA,ACOBAMBA,ANTA,SIERRA,DISTRITAL,Sierra con Población urbana de hasta 10 mil habitantes,4004,1313,2691,0.23,0.30199000000000004,110.22635000000001
090204,HUANCAVELICA,ACOBAMBA,CAJA,SIERRA,DISTRITAL,Sierra con Población urbana de hasta 10 mil habitantes,1645,677,968,0.4452923055521492,0.301462890858805,110.03395516346383
090205,HUANCAVELICA,ACOBAMBA,MARCAS,SIERRA,DISTRITAL,Sierra con Población urbana de hasta 10 mil habitantes,1394,556,838,0.4452923055521492,0.24758252188699495,90.36762048875316
090206,HUANCAVELICA,ACOBAMBA,PAUCARA,SIERRA,DISTRITAL,Sierra con Población urbana de hasta 10 mil habitantes,7625,2886,4739,0.4452923055521492,1.2851135938235028,469.0664617455785
090207,HUANCAVELICA,ACOBAMBA,POMACOCHA,SIERRA,DISTRITAL,Sierra con Población urbana de hasta 10 mil habitantes,2654,1054,1600,0.48,0.5059199999999999,184.66079999999997
090208,HUANCAVELICA,ACOBAMBA,ROSARIO,SIERRA,DISTRITAL,Sierra con Población urbana de hasta 10 mil habitantes,4615,1835,2780,0.38,0.6972999999999999,254.51449999999997
090301,HUANCAVELICA,ANGARAES,LIRCAY,SIERRA,PROVINCIAL,Sierra con Población urbana entre 10 mil y 50 mil habitantes,25384,11839,13545,0.48,5.68272,2074.1928
090302,HUANCAVELICA,ANGARAES,ANCHONGA,SIERRA,DISTRITAL,Sierra con Población urbana de hasta 10 mil habitantes,7557,1391,6166,0.4452923055521492,0.6194015970230395,226.08158291340942
090303,HUANCAVELICA,ANGARAES,CALLANMARCA,SIERRA,DISTRITAL,Sierra con Población urbana de hasta 10 mil habitantes,555,440,115,0.4452923055521492,0.19592861444294565,71.51394427167516
090304,HUANCAVELICA,ANGARAES,CCOCHACCASA,SIERRA,DISTRITAL,Sierra con Población urbana de hasta 10 mil habitantes,3032,1134,1898,0.36,0.40824,149.0076
090305,HUANCAVELICA,ANGARAES,CHINCHO,SIERRA,DISTRITAL,Sierra con Población urbana de hasta 10 mil habitantes,885,69,816,0.4452923055521492,0.030725169083098296,11.214686715330878
090306,HUANCAVELICA,ANGARAES,CONGALLA,SIERRA,DISTRITAL,Sierra con Población urbana de hasta 10 mil habitantes,3566,1073,2493,0.4452923055521492,0.47779864385745613,174.39650500797148
090307,HUANCAVELICA,ANGARAES,HUANCA-HUANCA,SIERRA,DISTRITAL,Sierra con Población urbana de hasta 10 mil habitantes,1311,878,433,0.4452923055521492,0.39096664427478706,142.70282516029727
090308,HUANCAVELICA,ANGARAES,HUAYLLAY GRANDE,SIERRA,DISTRITAL,Sierra con Población urbana de hasta 10 mil habitantes,915,832,83,0.2,0.1664,60.736
090309,HUANCAVELICA,ANGARAES,JULCAMARCA,SIERRA,DISTRITAL,Sierra con Población urbana de hasta 10 mil habitantes,1889,1159,730,0.4452923055521492,0.516093782134941,188.37423047925344
090310,HUANCAVELICA,ANGARAES,SAN ANTONIO DE ANTAPARCO,SIERRA,DISTRITAL,Sierra con Población urbana de hasta 10 mil habitantes,2243,347,1896,0.4452923055521492,0.15451643002659576,56.39849695970745
090311,HUANCAVELICA,ANGARAES,SANTO TOMAS DE PATA,SIERRA,DISTRITAL,Sierra con Población urbana de hasta 10 mil habitantes,1405,401,1004,0.4452923055521492,0.17856221452641183,65.17520830214032
090312,HUANCAVELICA,ANGARAES,SECCLLA,SIERRA,DISTRITAL,Sierra con Población urbana de hasta 10 mil habitantes,3162,544,2618,0.4452923055521492,0.24223901422036917,88.41724019043475
090401,HUANCAVELICA,CASTROVIRREYNA,CASTROVIRREYNA,SIERRA,PROVINCIAL,Sierra con Población urbana de hasta 10 mil habitantes,3084,1704,1380,0.38,0.64752,236.3448
090402,HUANCAVELICA,CASTROVIRREYNA,ARMA,SIERRA,DISTRITAL,Sierra con Población urbana de hasta 10 mil habitantes,895,272,623,0.4452923055521492,0.12111950711018458,44.20862009521738
090403,HUANCAVELICA,CASTROVIRREYNA,AURAHUA,SIERRA,DISTRITAL,Sierra con Población urbana de hasta 10 mil habitantes,1395,620,775,0.4452923055521492,0.27608122944233254,100.76964874645138
090404,HUANCAVELICA,CASTROVIRREYNA,CAPILLAS,SIERRA,DISTRITAL,Sierra con Población urbana de hasta 10 mil habitantes,844,151,693,0.2,0.0302,11.023
090405,HUANCAVELICA,CASTROVIRREYNA,CHUPAMARCA,SIERRA,DISTRITAL,Sierra con Población urbana de hasta 10 mil habitantes,894,225,669,0.4452923055521492,0.10019076874923356,36.56963059347025
090406,HUANCAVELICA,CASTROVIRREYNA,COCAS,SIERRA,DISTRITAL,Sierra con Población urbana de hasta 10 mil habitantes,699,134,565,0.35,0.0469,17.118499999999997
090407,HUANCAVELICA,CASTROVIRREYNA,HUACHOS,SIERRA,DISTRITAL,Sierra con Población urbana de hasta 10 mil habitantes,777,175,602,0.34,0.059500000000000004,21.7175
090408,HUANCAVELICA,CASTROVIRREYNA,HUAMATAMBO,SIERRA,DISTRITAL,Sierra con Población urbana de hasta 10 mil habitantes,408,145,263,0.4452923055521492,0.06456738430506163,23.567095271347497
090409,HUANCAVELICA,CASTROVIRREYNA,MOLLEPAMPA,SIERRA,DISTRITAL,Sierra con Población urbana de hasta 10 mil habitantes,1138,128,1010,0.8,0.1024,37.376000000000005
090410,HUANCAVELICA,CASTROVIRREYNA,SAN JUAN,SIERRA,DISTRITAL,Sierra con Población urbana de hasta 10 mil habitantes,784,240,544,0.4452923055521492,0.10687015333251582,39.007605966368274
090411,HUANCAVELICA,CASTROVIRREYNA,SANTA ANA,SIERRA,DISTRITAL,Sierra con Población urbana de hasta 10 mil habitantes,735,156,579,0.4452923055521492,0.06946559966613527,25.354943878139377
090412,HUANCAVELICA,CASTROVIRREYNA,TANTARA,SIERRA,DISTRITAL,Sierra con Población urbana de hasta 10 mil habitantes,668,338,330,0.4452923055521492,0.15050879927662644,54.93571173596865
090413,HUANCAVELICA,CASTROVIRREYNA,TICRAPO,SIERRA,DISTRITAL,Sierra con Población urbana de hasta 10 mil habitantes,1512,923,589,0.4452923055521492,0.4110047980246337,150.0167512789913
090501,HUANCAVELICA,CHURCAMPA,CHURCAMPA,SIERRA,PROVINCIAL,Sierra con Población urbana de hasta 10 mil habitantes,5376,3278,2098,0.59,1.93402,705.9173000000001
090502,HUANCAVELICA,CHURCAMPA,ANCO,SIERRA,DISTRITAL,Sierra con Población urbana de hasta 10 mil habitantes,5667,1045,4622,0.4452923055521492,0.4653304593019959,169.84561764522851
090503,HUANCAVELICA,CHURCAMPA,CHINCHIHUASI,SIERRA,DISTRITAL,Sierra con Población urbana de hasta 10 mil habitantes,1687,252,1435,0.4452923055521492,0.1122136609991416,40.95798626468668
090504,HUANCAVELICA,CHURCAMPA,EL CARMEN,SIERRA,DISTRITAL,Sierra con Población urbana de hasta 10 mil habitantes,2423,159,2264,0.4452923055521492,0.07080147658279172,25.84253895271898
090505,HUANCAVELICA,CHURCAMPA,LA MERCED,SIERRA,DISTRITAL,Sierra con Población urbana de hasta 10 mil habitantes,1186,584,602,0.4452923055521492,0.26005070644245515,94.91850785149613
090506,HUANCAVELICA,CHURCAMPA,LOCROJA,SIERRA,DISTRITAL,Sierra con Población urbana de hasta 10 mil habitantes,3284,855,2429,0.76,0.6497999999999999,237.17699999999996
090507,HUANCAVELICA,CHURCAMPA,PAUCARBAMBA,SIERRA,DISTRITAL,Sierra con Población urbana de hasta 10 mil habitantes,3966,651,3315,0.4452923055521492,0.2898852909144491,105.80813118377392
090508,HUANCAVELICA,CHURCAMPA,SAN MIGUEL DE MAYOCC,SIERRA,DISTRITAL,Sierra con Población urbana de hasta 10 mil habitantes,699,470,229,0.2,0.094,34.31
090509,HUANCAVELICA,CHURCAMPA,SAN PEDRO DE CORIS,SIERRA,DISTRITAL,Sierra con Población urbana de hasta 10 mil habitantes,3357,1828,1529,0.4452923055521492,0.8139943345493288,297.10793211050503
090510,HUANCAVELICA,CHURCAMPA,PACHAMARCA,SIERRA,DISTRITAL,Sierra con Población urbana de hasta 10 mil habitantes,1718,171,1547,0.4452923055521492,0.07614498424941751,27.792919251037393
090511,HUANCAVELICA,CHURCAMPA,COSME,SIERRA,DISTRITAL,Sierra con Población urbana de hasta 10 mil habitantes,2810,834,1976,0.4452923055521492,0.3713737828304925,135.55143073312976
090601,HUANCAVELICA,HUAYTARA,HUAYTARA,SIERRA,PROVINCIAL,Sierra con Población urbana de hasta 10 mil habitantes,2350,1178,1172,0.47,0.5536599999999999,202.08589999999998
090602,HUANCAVELICA,HUAYTARA,AYAVI,SIERRA,DISTRITAL,Sierra con Población urbana de hasta 10 mil habitantes,816,284,532,0.4452923055521492,0.12646301477681038,46.15900039353579
090603,HUANCAVELICA,HUAYTARA,CORDOVA,SIERRA,DISTRITAL,Sierra con Población urbana de hasta 10 mil habitantes,801,210,591,0.4452923055521492,0.09351138416595134,34.13165522057224
090604,HUANCAVELICA,HUAYTARA,HUAYACUNDO ARMA,SIERRA,DISTRITAL,Sierra con Población urbana de hasta 10 mil habitantes,494,285,209,0.4452923055521492,0.12690830708236253,46.32153208506232
090605,HUANCAVELICA,HUAYTARA,LARAMARCA,SIERRA,DISTRITAL,Sierra con Población urbana de hasta 10 mil habitantes,829,624,205,0.38,0.23712,86.5488
090606,HUANCAVELICA,HUAYTARA,OCOYO,SIERRA,DISTRITAL,Sierra con Población urbana de hasta 10 mil habitantes,631,87,544,0.4452923055521492,0.03874043058303698,14.140257162808497
090607,HUANCAVELICA,HUAYTARA,PILPICHACA,SIERRA,DISTRITAL,Sierra con Población urbana de hasta 10 mil habitantes,2691,648,2043,0.3,0.19440000000000002,70.956
090608,HUANCAVELICA,HUAYTARA,QUERCO,SIERRA,DISTRITAL,Sierra con Población urbana de hasta 10 mil habitantes,1272,783,489,0.4452923055521492,0.34866387524733283,127.26231446527649
090609,HUANCAVELICA,HUAYTARA,QUITO-ARMA,SIERRA,DISTRITAL,Sierra con Población urbana de hasta 10 mil habitantes,676,120,556,0.4452923055521492,0.05343507666625791,19.503802983184137
090610,HUANCAVELICA,HUAYTARA,SAN ANTONIO DE CUSICANCHA,SIERRA,DISTRITAL,Sierra con Población urbana de hasta 10 mil habitantes,1362,129,1233,0.4452923055521492,0.05744270741622725,20.966588206922946
090611,HUANCAVELICA,HUAYTARA,SAN FRANCISCO DE SANGAYAICO,SIERRA,DISTRITAL,Sierra con Población urbana de hasta 10 mil habitantes,1055,312,743,0.4452923055521492,0.13893119933227055,50.709887756278754
090612,HUANCAVELICA,HUAYTARA,SAN ISIDRO,SIERRA,DISTRITAL,Sierra con Población urbana de hasta 10 mil habitantes,1133,346,787,0.4452923055521492,0.15407113772104364,56.23596526818093
090613,HUANCAVELICA,HUAYTARA,SANTIAGO DE CHOCORVOS,SIERRA,DISTRITAL,Sierra con Población urbana de hasta 10 mil habitantes,1381,366,1015,0.23,0.08418,30.725700000000003
090614,HUANCAVELICA,HUAYTARA,SANTIAGO DE QUIRAHUARA,SIERRA,DISTRITAL,Sierra con Población urbana de hasta 10 mil habitantes,311,174,137,0.4452923055521492,0.07748086116607396,28.280514325616995
090615,HUANCAVELICA,HUAYTARA,SANTO DOMINGO DE CAPILLAS,SIERRA,DISTRITAL,Sierra con Población urbana de hasta 10 mil habitantes,697,143,554,0.4452923055521492,0.06367679969395733,23.242031888294424
090616,HUANCAVELICA,HUAYTARA,TAMBO,SIERRA,DISTRITAL,Sierra con Población urbana de hasta 10 mil habitantes,862,347,515,0.4452923055521492,0.15451643002659576,56.39849695970745
090701,HUANCAVELICA,TAYACAJA,PAMPAS,SIERRA,PROVINCIAL,Sierra con Población urbana de hasta 10 mil habitantes,11515,8964,2551,0.54,4.84056,1766.8044
090702,HUANCAVELICA,TAYACAJA,ACOSTAMBO,SIERRA,DISTRITAL,Sierra con Población urbana de hasta 10 mil habitantes,3166,807,2359,0.4452923055521492,0.3593508905805844,131.1630750619133
090703,HUANCAVELICA,TAYACAJA,ACRAQUIA,SIERRA,DISTRITAL,Sierra con Población urbana de hasta 10 mil habitantes,3293,772,2521,0.41,0.31651999999999997,115.5298
090704,HUANCAVELICA,TAYACAJA,AHUAYCHA,SIERRA,DISTRITAL,Sierra con Población urbana de hasta 10 mil habitantes,3758,748,3010,0.4452923055521492,0.3330786445530076,121.57370526184778
090705,HUANCAVELICA,TAYACAJA,COLCABAMBA,SIERRA,DISTRITAL,Sierra con Población urbana de hasta 10 mil habitantes,11614,2695,8919,0.29,0.78155,285.26574999999997
090706,HUANCAVELICA,TAYACAJA,DANIEL HERNANDEZ,SIERRA,DISTRITAL,Sierra con Población urbana de hasta 10 mil habitantes,10052,5560,4492,0.67,3.7252,1359.698
090707,HUANCAVELICA,TAYACAJA,HUACHOCOLPA 4/,SIERRA,DISTRITAL,Sierra con Población urbana de hasta 10 mil habitantes,2329,890,1439,0.58,0.5161999999999999,188.41299999999995
090709,HUANCAVELICA,TAYACAJA,HUARIBAMBA,SIERRA,DISTRITAL,Sierra con Población urbana de hasta 10 mil habitantes,2852,457,2395,0.4452923055521492,0.2034985836373322,74.27698302762626
090710,HUANCAVELICA,TAYACAJA,ÑAHUIMPUQUIO,SIERRA,DISTRITAL,Sierra con Población urbana de hasta 10 mil habitantes,1372,1004,368,0.23,0.23092000000000001,84.28580000000001
090711,HUANCAVELICA,TAYACAJA,PAZOS,SIERRA,DISTRITAL,Sierra con Población urbana de hasta 10 mil habitantes,4834,2557,2277,0.39,0.9972300000000001,363.98895000000005
090713,HUANCAVELICA,TAYACAJA,QUISHUAR,SIERRA,DISTRITAL,Sierra con Población urbana de hasta 10 mil habitantes,718,626,92,0.4452923055521492,0.2787529832756454,101.74483889561057
090714,HUANCAVELICA,TAYACAJA,SALCABAMBA,SIERRA,DISTRITAL,Sierra con Población urbana de hasta 10 mil habitantes,3799,216,3583,0.4452923055521492,0.09618313799926423,35.106845369731445
090715,HUANCAVELICA,TAYACAJA,SALCAHUASI,SIERRA,DISTRITAL,Sierra con Población urbana de hasta 10 mil habitantes,2557,224,2333,0.4452923055521492,0.09974547644368142,36.40709890194372
090716,HUANCAVELICA,TAYACAJA,SAN MARCOS DE ROCCHAC,SIERRA,DISTRITAL,Sierra con Población urbana de hasta 10 mil habitantes,1613,223,1390,0.4452923055521492,0.09930018413812927,36.24456721041719
090717,HUANCAVELICA,TAYACAJA,SURCUBAMBA 4/,SIERRA,DISTRITAL,Sierra con Población urbana de hasta 10 mil habitantes,4068,522,3546,0.4452923055521492,0.2324425834982219,84.84154297685099
090718,HUANCAVELICA,TAYACAJA,TINTAY PUNCU  7/,SIERRA,DISTRITAL,Sierra con Población urbana de hasta 10 mil habitantes,1575,380,1195,0.4452923055521492,0.1692110761098167,61.76204278008309
090719,HUANCAVELICA,TAYACAJA,QUICHUAS,SIERRA,DISTRITAL,Sierra con Población urbana de hasta 10 mil habitantes,4198,656,3542,0.4452923055521492,0.2921117524422099,106.6207896414066
090720,HUANCAVELICA,TAYACAJA,ANDAYMARCA,SIERRA,DISTRITAL,Sierra con Población urbana de hasta 10 mil habitantes,2677,459,2218,0.42,0.19278,70.3647
090721,HUANCAVELICA,TAYACAJA,ROBLE,SIERRA,DISTRITAL,Sierra con Población urbana de hasta 10 mil habitantes,1066,411,655,0.4452923055521492,0.18301513758193333,66.80052521740566
090722,HUANCAVELICA,TAYACAJA,PICHOS,SIERRA,DISTRITAL,Sierra con Población urbana de hasta 10 mil habitantes,1705,797,908,0.4452923055521492,0.3548979675250629,129.53775814664797
090723,HUANCAVELICA,TAYACAJA,SANTIAGO DE TUCUMA,SIERRA,DISTRITAL,Sierra con Población urbana de hasta 10 mil habitantes,1503,535,968,0.42,0.22469999999999998,82.01549999999999
090724,HUANCAVELICA,TAYACAJA,LAMBRAS 4/,SIERRA,DISTRITAL,Sierra con Población urbana de hasta 10 mil habitantes,1568,258,1310,0.4452923055521492,0.1148854148324545,41.93317641384589
090725,HUANCAVELICA,TAYACAJA,COCHABAMBA 7/,SIERRA,DISTRITAL,Sierra con Población urbana de hasta 10 mil habitantes,988,743,245,0.4452923055521492,0.3308521830252469,120.76104680421511
100101,HUÁNUCO,HUÁNUCO,HUÁNUCO,SIERRA,PROVINCIAL,Sierra con Población urbana de más de 50 mil habitantes,97086,88642,8444,0.64,56.730880000000006,20706.771200000003
100102,HUÁNUCO,HUÁNUCO,AMARILIS,SIERRA,DISTRITAL,Sierra con Población urbana de más de 50 mil habitantes,90762,81705,9057,0.66,53.9253,19682.7345
100103,HUÁNUCO,HUÁNUCO,CHINCHAO,SELVA,DISTRITAL,Selva con Población urbana de hasta 10 mil habitantes,12920,2265,10655,0.29,0.6568499999999999,239.75024999999997
100104,HUÁNUCO,HUÁNUCO,CHURUBAMBA,SIERRA,DISTRITAL,Sierra con Población urbana de hasta 10 mil habitantes,13954,1554,12400,0.3,0.4662,170.163
100105,HUÁNUCO,HUÁNUCO,MARGOS,SIERRA,DISTRITAL,Sierra con Población urbana de hasta 10 mil habitantes,3784,1350,2434,0.4452923055521492,0.6011446124954015,219.41778356082156
100106,HUÁNUCO,HUÁNUCO,QUISQUI,SIERRA,DISTRITAL,Sierra con Población urbana de hasta 10 mil habitantes,2963,298,2665,0.4452923055521492,0.13269710705454046,48.43444407490727
100107,HUÁNUCO,HUÁNUCO,SAN FRANCISCO DE CAYRAN,SIERRA,DISTRITAL,Sierra con Población urbana de hasta 10 mil habitantes,4767,388,4379,0.23,0.08924000000000001,32.57260000000001
100108,HUÁNUCO,HUÁNUCO,SAN PEDRO DE CHAULAN,SIERRA,DISTRITAL,Sierra con Población urbana de hasta 10 mil habitantes,2484,359,2125,0.41,0.14719,53.724349999999994
100109,HUÁNUCO,HUÁNUCO,SANTA MARIA DEL VALLE,SIERRA,DISTRITAL,Sierra con Población urbana de hasta 10 mil habitantes,22123,1424,20699,0.62,0.88288,322.2512
100110,HUÁNUCO,HUÁNUCO,YARUMAYO,SIERRA,DISTRITAL,Sierra con Población urbana de hasta 10 mil habitantes,1578,220,1358,0.4452923055521492,0.09796430722147283,35.75697213583758
100111,HUÁNUCO,HUÁNUCO,PILLCO MARCA,SIERRA,DISTRITAL,Sierra con Población urbana entre 10 mil y 50 mil habitantes,55072,49548,5524,0.52,25.76496,9404.2104
100112,HUÁNUCO,HUÁNUCO,YACUS,SIERRA,DISTRITAL,Sierra con Población urbana de hasta 10 mil habitantes,4857,1341,3516,0.4452923055521492,0.5971369817454321,217.9549983370827
100113,HUÁNUCO,HUÁNUCO,SAN PABLO DE PILLAO,SIERRA,DISTRITAL,Sierra con Población urbana de hasta 10 mil habitantes,7919,760,7159,0.41,0.3116,113.734
100201,HUÁNUCO,AMBO,AMBO,SIERRA,PROVINCIAL,Sierra con Población urbana entre 10 mil y 50 mil habitantes,24054,15932,8122,0.48,7.64736,2791.2864
100202,HUÁNUCO,AMBO,CAYNA,SIERRA,DISTRITAL,Sierra con Población urbana de hasta 10 mil habitantes,2188,965,1223,0.4452923055521492,0.429707074857824,156.84308232310576
100203,HUÁNUCO,AMBO,COLPAS,SIERRA,DISTRITAL,Sierra con Población urbana de hasta 10 mil habitantes,1482,335,1147,0.4452923055521492,0.14917292235996998,54.448116661389044
100204,HUÁNUCO,AMBO,CONCHAMARCA,SIERRA,DISTRITAL,Sierra con Población urbana de hasta 10 mil habitantes,4135,703,3432,0.42,0.29525999999999997,107.76989999999999
100205,HUÁNUCO,AMBO,HUACAR,SIERRA,DISTRITAL,Sierra con Población urbana de hasta 10 mil habitantes,7920,1795,6125,0.4452923055521492,0.7992996884661078,291.74438629012934
100206,HUÁNUCO,AMBO,SAN FRANCISCO,SIERRA,DISTRITAL,Sierra con Población urbana de hasta 10 mil habitantes,1199,514,685,0.26,0.13364,48.778600000000004
100207,HUÁNUCO,AMBO,SAN RAFAEL,SIERRA,DISTRITAL,Sierra con Población urbana de hasta 10 mil habitantes,8230,2390,5840,0.46,1.0994000000000002,401.28100000000006
100208,HUÁNUCO,AMBO,TOMAY KICHWA,SIERRA,DISTRITAL,Sierra con Población urbana de hasta 10 mil habitantes,3140,1637,1503,0.51,0.83487,304.72755
100301,HUÁNUCO,DOS DE MAYO,LA UNION,SIERRA,PROVINCIAL,Sierra con Población urbana de hasta 10 mil habitantes,7108,5533,1575,0.54,2.98782,1090.5543
100307,HUÁNUCO,DOS DE MAYO,CHUQUIS,SIERRA,DISTRITAL,Sierra con Población urbana de hasta 10 mil habitantes,2833,988,1845,0.4452923055521492,0.43994879788552343,160.58131122821607
100311,HUÁNUCO,DOS DE MAYO,MARIAS,SELVA,DISTRITAL,Selva con Población urbana de hasta 10 mil habitantes,5170,1672,3498,0.5188473382439173,0.8675127495438296,316.6421535834978
100313,HUÁNUCO,DOS DE MAYO,PACHAS,SIERRA,DISTRITAL,Sierra con Población urbana de hasta 10 mil habitantes,4131,1339,2792,0.37,0.49543,180.83195
100316,HUÁNUCO,DOS DE MAYO,QUIVILLA,SIERRA,DISTRITAL,Sierra con Población urbana de hasta 10 mil habitantes,968,499,469,0.48,0.23951999999999998,87.42479999999999
100317,HUÁNUCO,DOS DE MAYO,RIPAN,SIERRA,DISTRITAL,Sierra con Población urbana de hasta 10 mil habitantes,5078,2752,2326,0.42,1.15584,421.8816
100321,HUÁNUCO,DOS DE MAYO,SHUNQUI,SIERRA,DISTRITAL,Sierra con Población urbana de hasta 10 mil habitantes,1423,361,1062,0.4452923055521492,0.16075052230432588,58.67394064107894
100322,HUÁNUCO,DOS DE MAYO,SILLAPATA,SIERRA,DISTRITAL,Sierra con Población urbana de hasta 10 mil habitantes,1493,349,1144,0.4452923055521492,0.1554070146377001,56.723560342760535
100323,HUÁNUCO,DOS DE MAYO,YANAS,SIERRA,DISTRITAL,Sierra con Población urbana de hasta 10 mil habitantes,2035,670,1365,0.4452923055521492,0.29834584471993997,108.89623332277809
100401,HUÁNUCO,HUACAYBAMBA,HUACAYBAMBA,SIERRA,PROVINCIAL,Sierra con Población urbana de hasta 10 mil habitantes,5602,2310,3292,0.56,1.2936,472.16400000000004
100402,HUÁNUCO,HUACAYBAMBA,CANCHABAMBA,SIERRA,DISTRITAL,Sierra con Población urbana de hasta 10 mil habitantes,2645,469,2176,0.2,0.09380000000000001,34.237
100403,HUÁNUCO,HUACAYBAMBA,COCHABAMBA,SIERRA,DISTRITAL,Sierra con Población urbana de hasta 10 mil habitantes,1297,359,938,0.4452923055521492,0.15985993769322157,58.34887725802587
100404,HUÁNUCO,HUACAYBAMBA,PINRA,SIERRA,DISTRITAL,Sierra con Población urbana de hasta 10 mil habitantes,6100,519,5581,0.4452923055521492,0.23110670658156546,84.35394790227139
100501,HUÁNUCO,HUAMALIES,LLATA,SIERRA,PROVINCIAL,Sierra con Población urbana de hasta 10 mil habitantes,13439,7550,5889,0.46,3.473,1267.645
100502,HUÁNUCO,HUAMALIES,ARANCAY,SIERRA,DISTRITAL,Sierra con Población urbana de hasta 10 mil habitantes,1237,301,936,0.4452923055521492,0.13403298397119692,48.92203914948688
100503,HUÁNUCO,HUAMALIES,CHAVIN DE PARIARCA,SIERRA,DISTRITAL,Sierra con Población urbana de hasta 10 mil habitantes,3739,1673,2066,0.4452923055521492,0.7449740271887456,271.91551992389213
100504,HUÁNUCO,HUAMALIES,JACAS GRANDE,SIERRA,DISTRITAL,Sierra con Población urbana de hasta 10 mil habitantes,5735,945,4790,0.4452923055521492,0.420801228746781,153.59244849257507
100505,HUÁNUCO,HUAMALIES,JIRCAN,SELVA,DISTRITAL,Selva con Población urbana de hasta 10 mil habitantes,1079,219,860,0.2,0.043800000000000006,15.987000000000002
100506,HUÁNUCO,HUAMALIES,MIRAFLORES,SIERRA,DISTRITAL,Sierra con Población urbana de hasta 10 mil habitantes,3023,1855,1168,0.4452923055521492,0.8260172267992368,301.49628778172143
100507,HUÁNUCO,HUAMALIES,MONZON,SELVA,DISTRITAL,Selva con Población urbana de hasta 10 mil habitantes,11068,5370,5698,0.52,2.7924,1019.2260000000001
100508,HUÁNUCO,HUAMALIES,PUNCHAO,SIERRA,DISTRITAL,Sierra con Población urbana de hasta 10 mil habitantes,1893,1466,427,0.39,0.57174,208.6851
100509,HUÁNUCO,HUAMALIES,PUÑOS,SIERRA,DISTRITAL,Sierra con Población urbana de hasta 10 mil habitantes,3995,1051,2944,0.8,0.8408000000000001,306.89200000000005
100510,HUÁNUCO,HUAMALIES,SINGA,SIERRA,DISTRITAL,Sierra con Población urbana de hasta 10 mil habitantes,2861,923,1938,0.4452923055521492,0.4110047980246337,150.0167512789913
100511,HUÁNUCO,HUAMALIES,TANTAMAYO,SIERRA,DISTRITAL,Sierra con Población urbana de hasta 10 mil habitantes,1516,164,1352,0.4452923055521492,0.07302793811055247,26.65519741035165
100601,HUÁNUCO,LEONCIO PRADO,RUPA-RUPA,SELVA,PROVINCIAL,Selva con Población urbana de más de 50 mil habitantes,59894,57179,2715,0.56,32.02024,11687.3876
100602,HUÁNUCO,LEONCIO PRADO,DANIEL ALOMIA ROBLES,SELVA,DISTRITAL,Selva con Población urbana de hasta 10 mil habitantes,6890,927,5963,0.58,0.5376599999999999,196.24589999999998
100603,HUÁNUCO,LEONCIO PRADO,HERMILIO VALDIZAN,SELVA,DISTRITAL,Selva con Población urbana de hasta 10 mil habitantes,3635,246,3389,0.5188473382439173,0.12763644520800366,46.58730250092133
100604,HUÁNUCO,LEONCIO PRADO,JOSE CRESPO Y CASTILLO,SELVA,DISTRITAL,Selva con Población urbana entre 10 mil y 50 mil habitantes,23918,17028,6890,0.6,10.2168,3729.1319999999996
100605,HUÁNUCO,LEONCIO PRADO,LUYANDO,SELVA,DISTRITAL,Selva con Población urbana de hasta 10 mil habitantes,9519,4557,4962,0.49,2.2329299999999996,815.0194499999999
100606,HUÁNUCO,LEONCIO PRADO,MARIANO DAMASO BERAUN,SELVA,DISTRITAL,Selva con Población urbana de hasta 10 mil habitantes,11390,4086,7304,0.52,2.1247200000000004,775.5228000000002
100607,HUÁNUCO,LEONCIO PRADO,PUCAYACU,SELVA,DISTRITAL,Selva con Población urbana de hasta 10 mil habitantes,3924,747,3177,0.52,0.38844,141.7806
100608,HUÁNUCO,LEONCIO PRADO,CASTILLO GRANDE,SELVA,DISTRITAL,Selva con Población urbana entre 10 mil y 50 mil habitantes,14382,12828,1554,0.45,5.772600000000001,2106.9990000000003
100609,HUÁNUCO,LEONCIO PRADO,PUEBLO NUEVO,SELVA,DISTRITAL,Selva con Población urbana de hasta 10 mil habitantes,4320,580,3740,0.5188473382439173,0.300931456181472,109.83998150623728
100610,HUÁNUCO,LEONCIO PRADO,SANTO DOMINGO DE ANDA,SELVA,DISTRITAL,Selva con Población urbana de hasta 10 mil habitantes,2581,251,2330,0.5188473382439173,0.13023068189922324,47.534198893216484
100701,HUÁNUCO,MARAÑÓN,HUACRACHUCO,SIERRA,PROVINCIAL,Sierra con Población urbana de hasta 10 mil habitantes,15077,5496,9581,0.2,1.0992,401.20799999999997
100702,HUÁNUCO,MARAÑÓN,CHOLON,SELVA,DISTRITAL,Selva con Población urbana de hasta 10 mil habitantes,5507,2095,3412,0.5188473382439173,1.0869851736210066,396.7495883716674
100703,HUÁNUCO,MARAÑÓN,SAN BUENAVENTURA,SIERRA,DISTRITAL,Sierra con Población urbana de hasta 10 mil habitantes,2010,362,1648,0.4452923055521492,0.16119581460987803,58.83647233260548
100704,HUÁNUCO,MARAÑÓN,LA MORADA,SIERRA,DISTRITAL,Sierra con Población urbana de hasta 10 mil habitantes,3902,1500,2402,0.4452923055521492,0.6679384583282238,243.7975372898017
100705,HUÁNUCO,MARAÑÓN,SANTA ROSA DE ALTO YANAJANCA,SIERRA,DISTRITAL,Sierra con Población urbana de hasta 10 mil habitantes,2781,1207,1574,0.4452923055521492,0.5374678128014441,196.17575167252707
100801,HUÁNUCO,PACHITEA,PANAO,SIERRA,PROVINCIAL,Sierra con Población urbana de hasta 10 mil habitantes,17778,4359,13419,0.38,1.65642,604.5933
100802,HUÁNUCO,PACHITEA,CHAGLLA,SELVA,DISTRITAL,Selva con Población urbana de hasta 10 mil habitantes,9714,3732,5982,0.4,1.4928000000000001,544.8720000000001
100803,HUÁNUCO,PACHITEA,MOLINO,SIERRA,DISTRITAL,Sierra con Población urbana de hasta 10 mil habitantes,10277,3760,6517,0.45,1.692,617.5799999999999
100804,HUÁNUCO,PACHITEA,UMARI,SIERRA,DISTRITAL,Sierra con Población urbana de hasta 10 mil habitantes,10043,464,9579,0.63,0.29231999999999997,106.69679999999998
100901,HUÁNUCO,PUERTO INCA,PUERTO INCA,SELVA,PROVINCIAL,Selva con Población urbana de hasta 10 mil habitantes,10870,5217,5653,0.4,2.0868,761.6820000000001
100902,HUÁNUCO,PUERTO INCA,CODO DEL POZUZO,SELVA,DISTRITAL,Selva con Población urbana de hasta 10 mil habitantes,8532,2453,6079,0.5,1.2265,447.67249999999996
100903,HUÁNUCO,PUERTO INCA,HONORIA,SELVA,DISTRITAL,Selva con Población urbana de hasta 10 mil habitantes,4637,1270,3367,0.5188473382439173,0.6589361195697749,240.51168364296785
100904,HUÁNUCO,PUERTO INCA,TOURNAVISTA,SELVA,DISTRITAL,Selva con Población urbana de hasta 10 mil habitantes,6723,1496,5227,0.58,0.8676799999999999,316.7032
100905,HUÁNUCO,PUERTO INCA,YUYAPICHIS,SELVA,DISTRITAL,Selva con Población urbana de hasta 10 mil habitantes,6791,1304,5487,0.5188473382439173,0.6765769290700681,246.95057911057484
101001,HUÁNUCO,LAURICOCHA,JESUS,SIERRA,PROVINCIAL,Sierra con Población urbana de hasta 10 mil habitantes,3578,1849,1729,0.31,0.57319,209.21435
101002,HUÁNUCO,LAURICOCHA,BAÑOS,SIERRA,DISTRITAL,Sierra con Población urbana de hasta 10 mil habitantes,1301,573,728,0.2,0.11460000000000001,41.829
101003,HUÁNUCO,LAURICOCHA,JIVIA,SIERRA,DISTRITAL,Sierra con Población urbana de hasta 10 mil habitantes,869,270,599,0.4452923055521492,0.12022892249908028,43.8835567121643
101004,HUÁNUCO,LAURICOCHA,QUEROPALCA,SIERRA,DISTRITAL,Sierra con Población urbana de hasta 10 mil habitantes,827,593,234,0.39,0.23127,84.41355
101005,HUÁNUCO,LAURICOCHA,RONDOS,SIERRA,DISTRITAL,Sierra con Población urbana de hasta 10 mil habitantes,2896,864,2032,0.33,0.28512,104.0688
101006,HUÁNUCO,LAURICOCHA,SAN FRANCISCO DE ASIS,SIERRA,DISTRITAL,Sierra con Población urbana de hasta 10 mil habitantes,1007,546,461,0.4452923055521492,0.24312959883147345,88.7423035734878
101007,HUÁNUCO,LAURICOCHA,SAN MIGUEL DE CAURI,SIERRA,DISTRITAL,Sierra con Población urbana de hasta 10 mil habitantes,4599,1236,3363,0.4452923055521492,0.5503812896624565,200.8891707267966
101101,HUÁNUCO,YAROWILCA,CHAVINILLO,SIERRA,PROVINCIAL,Sierra con Población urbana de hasta 10 mil habitantes,4207,1657,2550,0.51,0.8450700000000001,308.45055
101102,HUÁNUCO,YAROWILCA,CAHUAC,SIERRA,DISTRITAL,Sierra con Población urbana de hasta 10 mil habitantes,821,450,371,0.4452923055521492,0.20038153749846713,73.1392611869405
101103,HUÁNUCO,YAROWILCA,CHACABAMBA,SIERRA,DISTRITAL,Sierra con Población urbana de hasta 10 mil habitantes,795,157,638,0.4452923055521492,0.06991089197168741,25.517475569665905
101104,HUÁNUCO,YAROWILCA,APARICIO POMARES,SIERRA,DISTRITAL,Sierra con Población urbana de hasta 10 mil habitantes,4379,1138,3241,0.4452923055521492,0.5067426437183458,184.9610649571962
101105,HUÁNUCO,YAROWILCA,JACAS CHICO,SIERRA,DISTRITAL,Sierra con Población urbana de hasta 10 mil habitantes,892,294,598,0.4452923055521492,0.13091593783233188,47.784317308801135
101106,HUÁNUCO,YAROWILCA,OBAS,SIERRA,DISTRITAL,Sierra con Población urbana de hasta 10 mil habitantes,3342,989,2353,0.4452923055521492,0.44039409019107556,160.74384291974258
101107,HUÁNUCO,YAROWILCA,PAMPAMARCA,SIERRA,DISTRITAL,Sierra con Población urbana de hasta 10 mil habitantes,859,243,616,0.4452923055521492,0.10820603024917226,39.495201040947876
101108,HUÁNUCO,YAROWILCA,CHORAS,SIERRA,DISTRITAL,Sierra con Población urbana de hasta 10 mil habitantes,1661,392,1269,0.4452923055521492,0.17455458377644248,63.71242307840151
110101,ICA,ICA,ICA,COSTA,PROVINCIAL,Costa con Población urbana de más de 50 mil habitantes,177538,176703,835,0.71,125.45912999999999,45792.582449999994
110102,ICA,ICA,LA TINGUIÑA,COSTA,DISTRITAL,Costa con Población urbana entre 10 mil y 50 mil habitantes,49227,46052,3175,0.53,24.40756,8908.7594
110103,ICA,ICA,LOS AQUIJES,COSTA,DISTRITAL,Costa con Población urbana entre 10 mil y 50 mil habitantes,26796,24282,2514,0.44,10.68408,3899.6892
110104,ICA,ICA,OCUCAJE,COSTA,DISTRITAL,Costa con Población urbana de hasta 10 mil habitantes,5448,3482,1966,0.51,1.77582,648.1743
110105,ICA,ICA,PACHACUTEC,COSTA,DISTRITAL,Costa con Población urbana de hasta 10 mil habitantes,8741,8372,369,0.42,3.51624,1283.4276
110106,ICA,ICA,PARCONA,COSTA,DISTRITAL,Costa con Población urbana de más de 50 mil habitantes,62071,60976,1095,0.59,35.97584,13131.1816
110107,ICA,ICA,PUEBLO NUEVO,COSTA,DISTRITAL,Costa con Población urbana de hasta 10 mil habitantes,8150,5369,2781,0.43,2.30867,842.6645500000001
110108,ICA,ICA,SALAS,COSTA,DISTRITAL,Costa con Población urbana entre 10 mil y 50 mil habitantes,31666,30939,727,0.58,17.94462,6549.7863
110109,ICA,ICA,SAN JOSE DE LOS MOLINOS,SIERRA,DISTRITAL,Sierra con Población urbana de hasta 10 mil habitantes,8372,6699,1673,0.45,3.0145500000000003,1100.31075
110110,ICA,ICA,SAN JUAN BAUTISTA,COSTA,DISTRITAL,Costa con Población urbana entre 10 mil y 50 mil habitantes,16137,14110,2027,0.47,6.6316999999999995,2420.5705
110111,ICA,ICA,SANTIAGO,COSTA,DISTRITAL,Costa con Población urbana entre 10 mil y 50 mil habitantes,32245,23747,8498,0.5,11.8735,4333.8275
110112,ICA,ICA,SUBTANJALLA,COSTA,DISTRITAL,Costa con Población urbana entre 10 mil y 50 mil habitantes,34046,33678,368,0.42,14.14476,5162.8374
110113,ICA,ICA,TATE,COSTA,DISTRITAL,Costa con Población urbana de hasta 10 mil habitantes,5398,5125,273,0.38,1.9475,710.8375
110114,ICA,ICA,YAUCA DEL ROSARIO,SIERRA,DISTRITAL,Sierra con Población urbana de hasta 10 mil habitantes,1296,102,1194,0.4452923055521492,0.04541981516631922,16.578232535706515
110201,ICA,CHINCHA,CHINCHA ALTA,COSTA,PROVINCIAL,Costa con Población urbana de más de 50 mil habitantes,79899,79899,0,0.57,45.542429999999996,16622.98695
110202,ICA,CHINCHA,ALTO LARAN,COSTA,DISTRITAL,Costa con Población urbana de hasta 10 mil habitantes,9339,6730,2609,0.31,2.0863,761.4995
110203,ICA,CHINCHA,CHAVIN,SIERRA,DISTRITAL,Sierra con Población urbana de hasta 10 mil habitantes,3057,198,2859,0.4452923055521492,0.08816787649932555,32.18127492225383
110204,ICA,CHINCHA,CHINCHA BAJA,COSTA,DISTRITAL,Costa con Población urbana entre 10 mil y 50 mil habitantes,14928,10321,4607,0.46,4.74766,1732.8959
110205,ICA,CHINCHA,EL CARMEN,COSTA,DISTRITAL,Costa con Población urbana de hasta 10 mil habitantes,14222,9502,4720,0.4881283256607997,4.638195350428918,1692.9413029065552
110206,ICA,CHINCHA,GROCIO PRADO,COSTA,DISTRITAL,Costa con Población urbana entre 10 mil y 50 mil habitantes,30450,28871,1579,0.521567928503992,15.058187663838753,5496.238497301145
110207,ICA,CHINCHA,PUEBLO NUEVO,COSTA,DISTRITAL,Costa con Población urbana de más de 50 mil habitantes,77050,77050,0,0.43,33.1315,12092.997500000001
110208,ICA,CHINCHA,SAN JUAN DE YANAC,SIERRA,DISTRITAL,Sierra con Población urbana de hasta 10 mil habitantes,1993,577,1416,0.2,0.1154,42.121
110209,ICA,CHINCHA,SAN PEDRO DE HUACARPANA,SIERRA,DISTRITAL,Sierra con Población urbana de hasta 10 mil habitantes,1111,310,801,0.4452923055521492,0.13804061472116627,50.38482437322569
110210,ICA,CHINCHA,SUNAMPE,COSTA,DISTRITAL,Costa con Población urbana entre 10 mil y 50 mil habitantes,34535,33820,715,0.8,27.056,9875.44
110211,ICA,CHINCHA,TAMBO DE MORA,COSTA,DISTRITAL,Costa con Población urbana de hasta 10 mil habitantes,6879,6467,412,0.48,3.10416,1133.0184
110301,ICA,NASCA,NASCA,COSTA,PROVINCIAL,Costa con Población urbana entre 10 mil y 50 mil habitantes,30819,27872,2947,0.71,19.78912,7223.0288
110302,ICA,NASCA,CHANGUILLO,COSTA,DISTRITAL,Costa con Población urbana de hasta 10 mil habitantes,2247,1157,1090,0.4881283256607997,0.5647644727895452,206.139032568184
110303,ICA,NASCA,EL INGENIO,COSTA,DISTRITAL,Costa con Población urbana de hasta 10 mil habitantes,3749,2274,1475,0.4881283256607997,1.1100038125526586,405.15139158172036
110304,ICA,NASCA,MARCONA,COSTA,DISTRITAL,Costa con Población urbana entre 10 mil y 50 mil habitantes,19194,19124,70,0.29,5.54596,2024.2754
110305,ICA,NASCA,VISTA ALEGRE,COSTA,DISTRITAL,Costa con Población urbana entre 10 mil y 50 mil habitantes,26003,24120,1883,0.36,8.6832,3169.368
110401,ICA,PALPA,PALPA,SIERRA,PROVINCIAL,Sierra con Población urbana de hasta 10 mil habitantes,8952,7873,1079,0.52,4.09396,1494.2954
110402,ICA,PALPA,LLIPATA,SIERRA,DISTRITAL,Sierra con Población urbana de hasta 10 mil habitantes,1829,1312,517,0.53,0.69536,253.8064
110403,ICA,PALPA,RIO GRANDE,SIERRA,DISTRITAL,Sierra con Población urbana de hasta 10 mil habitantes,2995,1517,1478,0.47,0.71299,260.24135
110404,ICA,PALPA,SANTA CRUZ,SIERRA,DISTRITAL,Sierra con Población urbana de hasta 10 mil habitantes,1041,433,608,0.4452923055521492,0.1928115683040806,70.37622243098943
110405,ICA,PALPA,TIBILLO,SIERRA,DISTRITAL,Sierra con Población urbana de hasta 10 mil habitantes,358,239,119,0.4452923055521492,0.10642486102696366,38.845074274841735
110501,ICA,PISCO,PISCO,COSTA,PROVINCIAL,Costa con Población urbana de más de 50 mil habitantes,82721,82601,120,0.59,48.73459,17788.12535
110502,ICA,PISCO,HUANCANO,SIERRA,DISTRITAL,Sierra con Población urbana de hasta 10 mil habitantes,1443,418,1025,0.74,0.30932,112.9018
110503,ICA,PISCO,HUMAY,COSTA,DISTRITAL,Costa con Población urbana de hasta 10 mil habitantes,5923,3443,2480,0.8,2.7544,1005.356
110504,ICA,PISCO,INDEPENDENCIA,COSTA,DISTRITAL,Costa con Población urbana de hasta 10 mil habitantes,14908,7220,7688,0.56,4.043200000000001,1475.7680000000003
110505,ICA,PISCO,PARACAS,COSTA,DISTRITAL,Costa con Población urbana de hasta 10 mil habitantes,10082,9814,268,0.49,4.808859999999999,1755.2338999999997
110506,ICA,PISCO,SAN ANDRES,COSTA,DISTRITAL,Costa con Población urbana entre 10 mil y 50 mil habitantes,16471,14140,2331,0.67,9.4738,3457.9370000000004
110507,ICA,PISCO,SAN CLEMENTE,COSTA,DISTRITAL,Costa con Población urbana entre 10 mil y 50 mil habitantes,30611,29684,927,0.37,10.98308,4008.8241999999996
110508,ICA,PISCO,TUPAC AMARU INCA,COSTA,DISTRITAL,Costa con Población urbana entre 10 mil y 50 mil habitantes,20110,19954,156,0.55,10.9747,4005.7655
120101,JUNÍN,HUANCAYO,HUANCAYO,SIERRA,PROVINCIAL,Sierra con Población urbana de más de 50 mil habitantes,125709,123745,1964,0.51,63.109950000000005,23035.13175
120104,JUNÍN,HUANCAYO,CARHUACALLANGA,SIERRA,DISTRITAL,Sierra con Población urbana de hasta 10 mil habitantes,431,431,0,0.4452923055521492,0.1919209836929763,70.05115904793635
120105,JUNÍN,HUANCAYO,CHACAPAMPA,SIERRA,DISTRITAL,Sierra con Población urbana de hasta 10 mil habitantes,899,415,484,0.37,0.15355000000000002,56.045750000000005
120106,JUNÍN,HUANCAYO,CHICCHE,SIERRA,DISTRITAL,Sierra con Población urbana de hasta 10 mil habitantes,630,335,295,0.38,0.1273,46.4645
120107,JUNÍN,HUANCAYO,CHILCA,SIERRA,DISTRITAL,Sierra con Población urbana de más de 50 mil habitantes,102548,102470,78,0.47,48.16089999999999,17578.728499999997
120108,JUNÍN,HUANCAYO,CHONGOS ALTO,SIERRA,DISTRITAL,Sierra con Población urbana de hasta 10 mil habitantes,1481,785,696,0.4452923055521492,0.34955445985843714,127.58737784832955
120111,JUNÍN,HUANCAYO,CHUPURO,SIERRA,DISTRITAL,Sierra con Población urbana de hasta 10 mil habitantes,2065,723,1342,0.4452923055521492,0.3219463369142039,117.51041297368441
120112,JUNÍN,HUANCAYO,COLCA,SIERRA,DISTRITAL,Sierra con Población urbana de hasta 10 mil habitantes,996,568,428,0.22,0.12495999999999999,45.6104
120113,JUNÍN,HUANCAYO,CULLHUAS,SIERRA,DISTRITAL,Sierra con Población urbana de hasta 10 mil habitantes,1233,573,660,0.4452923055521492,0.2551524910813815,93.13065924470425
120114,JUNÍN,HUANCAYO,EL TAMBO,SIERRA,DISTRITAL,Sierra con Población urbana de más de 50 mil habitantes,178306,168485,9821,0.8,134.788,49197.62
120116,JUNÍN,HUANCAYO,HUACRAPUQUIO,SIERRA,DISTRITAL,Sierra con Población urbana de hasta 10 mil habitantes,1390,1303,87,0.2,0.2606,95.119
120117,JUNÍN,HUANCAYO,HUALHUAS,SIERRA,DISTRITAL,Sierra con Población urbana de hasta 10 mil habitantes,6092,6092,0,0.24,1.4620799999999998,533.6591999999999
120119,JUNÍN,HUANCAYO,HUANCAN,SIERRA,DISTRITAL,Sierra con Población urbana entre 10 mil y 50 mil habitantes,31882,29953,1929,0.4,11.981200000000001,4373.138000000001
120120,JUNÍN,HUANCAYO,HUASICANCHA,SIERRA,DISTRITAL,Sierra con Población urbana de hasta 10 mil habitantes,810,575,235,0.46,0.2645,96.5425
120121,JUNÍN,HUANCAYO,HUAYUCACHI,SIERRA,DISTRITAL,Sierra con Población urbana entre 10 mil y 50 mil habitantes,11063,10964,99,0.33,3.6181200000000002,1320.6138
120122,JUNÍN,HUANCAYO,INGENIO,SIERRA,DISTRITAL,Sierra con Población urbana de hasta 10 mil habitantes,2384,2068,316,0.42,0.86856,317.0244
120124,JUNÍN,HUANCAYO,PARIAHUANCA,SIERRA,DISTRITAL,Sierra con Población urbana de hasta 10 mil habitantes,4902,109,4793,0.4452923055521492,0.04853686130518427,17.715954376392258
120125,JUNÍN,HUANCAYO,PILCOMAYO,SIERRA,DISTRITAL,Sierra con Población urbana entre 10 mil y 50 mil habitantes,25618,25618,0,0.29,7.429219999999999,2711.6652999999997
120126,JUNÍN,HUANCAYO,PUCARA,SIERRA,DISTRITAL,Sierra con Población urbana de hasta 10 mil habitantes,4695,2441,2254,0.2,0.4882,178.193
120127,JUNÍN,HUANCAYO,QUICHUAY,SIERRA,DISTRITAL,Sierra con Población urbana de hasta 10 mil habitantes,1896,1042,854,0.4452923055521492,0.46399458238533947,169.3580225706489
120128,JUNÍN,HUANCAYO,QUILCAS,SIERRA,DISTRITAL,Sierra con Población urbana de hasta 10 mil habitantes,4105,2928,1177,0.36,1.05408,384.7392
120129,JUNÍN,HUANCAYO,SAN AGUSTIN,SIERRA,DISTRITAL,Sierra con Población urbana entre 10 mil y 50 mil habitantes,20025,18455,1570,0.44,8.1202,2963.873
120130,JUNÍN,HUANCAYO,SAN JERONIMO DE TUNAN,SIERRA,DISTRITAL,Sierra con Población urbana entre 10 mil y 50 mil habitantes,13350,13350,0,0.46,6.141,2241.465
120132,JUNÍN,HUANCAYO,SAÑO,SIERRA,DISTRITAL,Sierra con Población urbana de hasta 10 mil habitantes,6623,6589,34,0.23,1.51547,553.14655
120133,JUNÍN,HUANCAYO,SAPALLANGA,SIERRA,DISTRITAL,Sierra con Población urbana entre 10 mil y 50 mil habitantes,26887,23858,3029,0.42,10.020359999999998,3657.4313999999995
120134,JUNÍN,HUANCAYO,SICAYA,SIERRA,DISTRITAL,Sierra con Población urbana entre 10 mil y 50 mil habitantes,24599,23821,778,0.2,4.7642,1738.933
120135,JUNÍN,HUANCAYO,SANTO DOMINGO DE ACOBAMBA,SIERRA,DISTRITAL,Sierra con Población urbana de hasta 10 mil habitantes,6086,289,5797,0.4452923055521492,0.12868947630457112,46.971658851168456
120136,JUNÍN,HUANCAYO,VIQUES,SIERRA,DISTRITAL,Sierra con Población urbana de hasta 10 mil habitantes,3016,2941,75,0.48,1.4116799999999998,515.2632
120201,JUNÍN,CONCEPCIÓN,CONCEPCION,SIERRA,PROVINCIAL,Sierra con Población urbana entre 10 mil y 50 mil habitantes,17124,15171,1953,0.39,5.916690000000001,2159.5918500000002
120202,JUNÍN,CONCEPCIÓN,ACO,SIERRA,DISTRITAL,Sierra con Población urbana de hasta 10 mil habitantes,1586,1365,221,0.34,0.4641,169.3965
120203,JUNÍN,CONCEPCIÓN,ANDAMARCA,SIERRA,DISTRITAL,Sierra con Población urbana de hasta 10 mil habitantes,3075,292,2783,0.4452923055521492,0.13002535322122757,47.459253925748065
120204,JUNÍN,CONCEPCIÓN,CHAMBARA,SIERRA,DISTRITAL,Sierra con Población urbana de hasta 10 mil habitantes,2609,688,1921,0.4452923055521492,0.30636110621987866,111.82180377025571
120205,JUNÍN,CONCEPCIÓN,COCHAS,SIERRA,DISTRITAL,Sierra con Población urbana de hasta 10 mil habitantes,1919,306,1613,0.34,0.10404000000000001,37.9746
120206,JUNÍN,CONCEPCIÓN,COMAS,SIERRA,DISTRITAL,Sierra con Población urbana de hasta 10 mil habitantes,5002,716,4286,0.4452923055521492,0.31882929077533884,116.37269113299868
120207,JUNÍN,CONCEPCIÓN,HEROINAS TOLEDO,SIERRA,DISTRITAL,Sierra con Población urbana de hasta 10 mil habitantes,880,95,785,0.4452923055521492,0.042302769027454175,15.440510695020773
120208,JUNÍN,CONCEPCIÓN,MANZANARES,SIERRA,DISTRITAL,Sierra con Población urbana de hasta 10 mil habitantes,1519,1392,127,0.27,0.37584,137.1816
120209,JUNÍN,CONCEPCIÓN,MARISCAL CASTILLA,SIERRA,DISTRITAL,Sierra con Población urbana de hasta 10 mil habitantes,1448,306,1142,0.4452923055521492,0.13625944549895766,49.73469760711954
120210,JUNÍN,CONCEPCIÓN,MATAHUASI,SIERRA,DISTRITAL,Sierra con Población urbana de hasta 10 mil habitantes,6468,4526,1942,0.57,2.57982,941.6342999999999
120211,JUNÍN,CONCEPCIÓN,MITO,SIERRA,DISTRITAL,Sierra con Población urbana de hasta 10 mil habitantes,1445,890,555,0.24,0.21359999999999998,77.964
120212,JUNÍN,CONCEPCIÓN,NUEVE DE JULIO,SIERRA,DISTRITAL,Sierra con Población urbana de hasta 10 mil habitantes,2679,2274,405,0.27,0.61398,224.1027
120213,JUNÍN,CONCEPCIÓN,ORCOTUNA,SIERRA,DISTRITAL,Sierra con Población urbana de hasta 10 mil habitantes,5401,4548,853,0.32,1.4553600000000002,531.2064
120214,JUNÍN,CONCEPCIÓN,SAN JOSE DE QUERO,SIERRA,DISTRITAL,Sierra con Población urbana de hasta 10 mil habitantes,5548,2103,3445,0.45,0.94635,345.41775
120215,JUNÍN,CONCEPCIÓN,SANTA ROSA DE OCOPA,SIERRA,DISTRITAL,Sierra con Población urbana de hasta 10 mil habitantes,2071,1845,226,0.22,0.4059,148.15349999999998
120301,JUNÍN,CHANCHAMAYO,CHANCHAMAYO,SELVA,PROVINCIAL,Selva con Población urbana entre 10 mil y 50 mil habitantes,29494,25896,3598,0.55,14.2428,5198.622
120302,JUNÍN,CHANCHAMAYO,PERENE,SELVA,DISTRITAL,Selva con Población urbana entre 10 mil y 50 mil habitantes,60585,35877,24708,0.63,22.60251,8249.91615
120303,JUNÍN,CHANCHAMAYO,PICHANAQUI,SELVA,DISTRITAL,Selva con Población urbana entre 10 mil y 50 mil habitantes,41498,22894,18604,0.5,11.447,4178.155
120304,JUNÍN,CHANCHAMAYO,SAN LUIS DE SHUARO,SELVA,DISTRITAL,Selva con Población urbana de hasta 10 mil habitantes,3580,1499,2081,0.34,0.50966,186.0259
120305,JUNÍN,CHANCHAMAYO,SAN RAMON,SELVA,DISTRITAL,Selva con Población urbana entre 10 mil y 50 mil habitantes,29821,23852,5969,0.8,19.0816,6964.784000000001
120306,JUNÍN,CHANCHAMAYO,VITOC,SELVA,DISTRITAL,Selva con Población urbana de hasta 10 mil habitantes,1605,405,1200,0.27,0.10935,39.91275
120401,JUNÍN,JAUJA,JAUJA,SIERRA,PROVINCIAL,Sierra con Población urbana entre 10 mil y 50 mil habitantes,20347,20191,156,0.54,10.90314,3979.6461000000004
120402,JUNÍN,JAUJA,ACOLLA,SIERRA,DISTRITAL,Sierra con Población urbana de hasta 10 mil habitantes,5737,3968,1769,0.5,1.984,724.16
120403,JUNÍN,JAUJA,APATA,SIERRA,DISTRITAL,Sierra con Población urbana de hasta 10 mil habitantes,4491,1573,2918,0.28,0.44044000000000005,160.7606
120404,JUNÍN,JAUJA,ATAURA,SIERRA,DISTRITAL,Sierra con Población urbana de hasta 10 mil habitantes,1398,1060,338,0.59,0.6254,228.271
120405,JUNÍN,JAUJA,CANCHAYLLO,SIERRA,DISTRITAL,Sierra con Población urbana de hasta 10 mil habitantes,1665,1362,303,0.4452923055521492,0.6064881201620272,221.36816385913994
120406,JUNÍN,JAUJA,CURICACA,SIERRA,DISTRITAL,Sierra con Población urbana de hasta 10 mil habitantes,1399,381,1018,0.4452923055521492,0.16965636841536885,61.92457447160963
120407,JUNÍN,JAUJA,EL MANTARO,SIERRA,DISTRITAL,Sierra con Población urbana de hasta 10 mil habitantes,2758,2580,178,0.23,0.5933999999999999,216.59099999999998
120408,JUNÍN,JAUJA,HUAMALI,SIERRA,DISTRITAL,Sierra con Población urbana de hasta 10 mil habitantes,1601,1202,399,0.37,0.44474,162.33010000000002
120409,JUNÍN,JAUJA,HUARIPAMPA,SIERRA,DISTRITAL,Sierra con Población urbana de hasta 10 mil habitantes,1105,1071,34,0.45,0.48195,175.91174999999998
120410,JUNÍN,JAUJA,HUERTAS,SIERRA,DISTRITAL,Sierra con Población urbana de hasta 10 mil habitantes,2275,1587,688,0.43,0.68241,249.07965
120411,JUNÍN,JAUJA,JANJAILLO,SIERRA,DISTRITAL,Sierra con Población urbana de hasta 10 mil habitantes,529,161,368,0.4452923055521492,0.07169206119389603,26.16760233577205
120412,JUNÍN,JAUJA,JULCAN,SIERRA,DISTRITAL,Sierra con Población urbana de hasta 10 mil habitantes,739,739,0,0.59,0.43601,159.14365
120413,JUNÍN,JAUJA,LEONOR ORDOÑEZ,SIERRA,DISTRITAL,Sierra con Población urbana de hasta 10 mil habitantes,1597,1317,280,0.5,0.6585,240.3525
120414,JUNÍN,JAUJA,LLOCLLAPAMPA,SIERRA,DISTRITAL,Sierra con Población urbana de hasta 10 mil habitantes,1145,764,381,0.5,0.382,139.43
120415,JUNÍN,JAUJA,MARCO,SIERRA,DISTRITAL,Sierra con Población urbana de hasta 10 mil habitantes,1359,979,380,0.49,0.47970999999999997,175.09414999999998
120416,JUNÍN,JAUJA,MASMA,SIERRA,DISTRITAL,Sierra con Población urbana de hasta 10 mil habitantes,1696,593,1103,0.46,0.27278,99.5647
120417,JUNÍN,JAUJA,MASMA CHICCHE,SIERRA,DISTRITAL,Sierra con Población urbana de hasta 10 mil habitantes,711,208,503,0.33,0.06864,25.053600000000003
120418,JUNÍN,JAUJA,MOLINOS,SIERRA,DISTRITAL,Sierra con Población urbana de hasta 10 mil habitantes,1571,1150,421,0.38,0.437,159.505
120419,JUNÍN,JAUJA,MONOBAMBA,SELVA,DISTRITAL,Selva con Población urbana de hasta 10 mil habitantes,2008,440,1568,0.3,0.132,48.18
120420,JUNÍN,JAUJA,MUQUI,SIERRA,DISTRITAL,Sierra con Población urbana de hasta 10 mil habitantes,1047,1042,5,0.45,0.46890000000000004,171.1485
120421,JUNÍN,JAUJA,MUQUIYAUYO,SIERRA,DISTRITAL,Sierra con Población urbana de hasta 10 mil habitantes,2356,2325,31,0.38,0.8835,322.47749999999996
120422,JUNÍN,JAUJA,PACA,SIERRA,DISTRITAL,Sierra con Población urbana de hasta 10 mil habitantes,820,517,303,0.59,0.30502999999999997,111.33594999999998
120423,JUNÍN,JAUJA,PACCHA,SIERRA,DISTRITAL,Sierra con Población urbana de hasta 10 mil habitantes,1319,370,949,0.21,0.0777,28.360500000000002
120424,JUNÍN,JAUJA,PANCAN,SIERRA,DISTRITAL,Sierra con Población urbana de hasta 10 mil habitantes,1234,607,627,0.2,0.12140000000000001,44.311
120425,JUNÍN,JAUJA,PARCO,SIERRA,DISTRITAL,Sierra con Población urbana de hasta 10 mil habitantes,1095,835,260,0.59,0.49265,179.81725
120426,JUNÍN,JAUJA,POMACANCHA,SIERRA,DISTRITAL,Sierra con Población urbana de hasta 10 mil habitantes,1277,404,873,0.4452923055521492,0.1798980914430683,65.66280337671992
120427,JUNÍN,JAUJA,RICRAN,SIERRA,DISTRITAL,Sierra con Población urbana de hasta 10 mil habitantes,1145,580,565,0.4452923055521492,0.25826953722024654,94.26838108538999
120428,JUNÍN,JAUJA,SAN LORENZO,SIERRA,DISTRITAL,Sierra con Población urbana de hasta 10 mil habitantes,2881,2386,495,0.3,0.7158,261.267
120429,JUNÍN,JAUJA,SAN PEDRO DE CHUNAN,SIERRA,DISTRITAL,Sierra con Población urbana de hasta 10 mil habitantes,632,628,4,0.58,0.36423999999999995,132.9476
120430,JUNÍN,JAUJA,SAUSA,SIERRA,DISTRITAL,Sierra con Población urbana de hasta 10 mil habitantes,3428,3428,0,0.55,1.8854000000000002,688.171
120431,JUNÍN,JAUJA,SINCOS,SIERRA,DISTRITAL,Sierra con Población urbana de hasta 10 mil habitantes,4143,2086,2057,0.47,0.98042,357.8533
120432,JUNÍN,JAUJA,TUNAN MARCA,SIERRA,DISTRITAL,Sierra con Población urbana de hasta 10 mil habitantes,939,799,140,0.41,0.32759,119.57034999999999
120433,JUNÍN,JAUJA,YAULI,SIERRA,DISTRITAL,Sierra con Población urbana de hasta 10 mil habitantes,976,799,177,0.46,0.36754000000000003,134.15210000000002
120434,JUNÍN,JAUJA,YAUYOS,SIERRA,DISTRITAL,Sierra con Población urbana de hasta 10 mil habitantes,10099,9637,462,0.58,5.58946,2040.1529
120501,JUNÍN,JUNÍN,JUNÍN,SIERRA,PROVINCIAL,Sierra con Población urbana entre 10 mil y 50 mil habitantes,10817,9855,962,0.3,2.9565,1079.1225
120502,JUNÍN,JUNÍN,CARHUAMAYO,SIERRA,DISTRITAL,Sierra con Población urbana de hasta 10 mil habitantes,6157,5808,349,0.25,1.452,529.98
120503,JUNÍN,JUNÍN,ONDORES,SIERRA,DISTRITAL,Sierra con Población urbana de hasta 10 mil habitantes,1021,403,618,0.29,0.11686999999999999,42.65754999999999
120504,JUNÍN,JUNÍN,ULCUMAYO,SIERRA,DISTRITAL,Sierra con Población urbana de hasta 10 mil habitantes,3656,689,2967,0.33,0.22737000000000002,82.99005000000001
120601,JUNÍN,SATIPO,SATIPO,SELVA,PROVINCIAL,Selva con Población urbana entre 10 mil y 50 mil habitantes,43401,29566,13835,0.73,21.58318,7877.860699999999
120602,JUNÍN,SATIPO,COVIRIALI,SELVA,DISTRITAL,Selva con Población urbana de hasta 10 mil habitantes,6711,336,6375,0.39,0.13104,47.8296
120603,JUNÍN,SATIPO,LLAYLLA,SELVA,DISTRITAL,Selva con Población urbana de hasta 10 mil habitantes,7849,1732,6117,0.41,0.71012,259.1938
120604,JUNÍN,SATIPO,MAZAMARI,SELVA,DISTRITAL,Selva con Población urbana entre 10 mil y 50 mil habitantes,44652,18753,25899,0.49,9.18897,3353.97405
120605,JUNÍN,SATIPO,PAMPA HERMOSA,SELVA,DISTRITAL,Selva con Población urbana de hasta 10 mil habitantes,3335,308,3027,0.5188473382439173,0.1598049801791265,58.328817765381174
120606,JUNÍN,SATIPO,PANGOA,SELVA,DISTRITAL,Selva con Población urbana entre 10 mil y 50 mil habitantes,67539,26132,41407,0.57,14.895239999999998,5436.762599999999
120607,JUNÍN,SATIPO,RIO NEGRO,SELVA,DISTRITAL,Selva con Población urbana de hasta 10 mil habitantes,35464,5390,30074,0.39,2.1021,767.2665000000001
120608,JUNÍN,SATIPO,RIO TAMBO,SELVA,DISTRITAL,Selva con Población urbana de hasta 10 mil habitantes,29138,2917,26221,0.63,1.83771,670.76415
120609,JUNÍN,SATIPO,VIZCATÁN DEL ENE,SELVA,DISTRITAL,Selva con Población urbana de hasta 10 mil habitantes,6356,644,5712,0.5188473382439173,0.3341376858290827,121.96025532761519
120701,JUNÍN,TARMA,TARMA,SIERRA,PROVINCIAL,Sierra con Población urbana entre 10 mil y 50 mil habitantes,49795,43986,5809,0.69,30.350339999999996,11077.874099999999
120702,JUNÍN,TARMA,ACOBAMBA,SIERRA,DISTRITAL,Sierra con Población urbana de hasta 10 mil habitantes,8762,5200,3562,0.36,1.872,683.2800000000001
120703,JUNÍN,TARMA,HUARICOLCA,SIERRA,DISTRITAL,Sierra con Población urbana de hasta 10 mil habitantes,1648,1083,565,0.4452923055521492,0.4822515669129776,176.0218219232368
120704,JUNÍN,TARMA,HUASAHUASI,SIERRA,DISTRITAL,Sierra con Población urbana de hasta 10 mil habitantes,8969,3750,5219,0.49,1.8375,670.6875
120705,JUNÍN,TARMA,LA UNION,SIERRA,DISTRITAL,Sierra con Población urbana de hasta 10 mil habitantes,3579,2855,724,0.37,1.05635,385.56775
120706,JUNÍN,TARMA,PALCA,SIERRA,DISTRITAL,Sierra con Población urbana de hasta 10 mil habitantes,5770,2966,2804,0.48,1.4236799999999998,519.6432
120707,JUNÍN,TARMA,PALCAMAYO,SIERRA,DISTRITAL,Sierra con Población urbana de hasta 10 mil habitantes,2794,1479,1315,0.36,0.5324399999999999,194.34059999999997
120708,JUNÍN,TARMA,SAN PEDRO DE CAJAS,SIERRA,DISTRITAL,Sierra con Población urbana de hasta 10 mil habitantes,3061,2422,639,0.29,0.70238,256.3687
120709,JUNÍN,TARMA,TAPO,SIERRA,DISTRITAL,Sierra con Población urbana de hasta 10 mil habitantes,4227,697,3530,0.4452923055521492,0.310368736969848,113.28458899399452
120801,JUNÍN,YAULI,LA OROYA,SIERRA,PROVINCIAL,Sierra con Población urbana entre 10 mil y 50 mil habitantes,12949,12795,154,0.54,6.9093,2521.8945
120802,JUNÍN,YAULI,CHACAPALPA,SIERRA,DISTRITAL,Sierra con Población urbana de hasta 10 mil habitantes,629,225,404,0.4452923055521492,0.10019076874923356,36.56963059347025
120803,JUNÍN,YAULI,HUAY-HUAY,SIERRA,DISTRITAL,Sierra con Población urbana de hasta 10 mil habitantes,2246,2106,140,0.41,0.8634599999999999,315.1629
120804,JUNÍN,YAULI,MARCAPOMACOCHA,SIERRA,DISTRITAL,Sierra con Población urbana de hasta 10 mil habitantes,730,480,250,0.46,0.22080000000000002,80.59200000000001
120805,JUNÍN,YAULI,MOROCOCHA,SIERRA,DISTRITAL,Sierra con Población urbana de hasta 10 mil habitantes,5244,4655,589,0.51,2.37405,866.52825
120806,JUNÍN,YAULI,PACCHA,SIERRA,DISTRITAL,Sierra con Población urbana de hasta 10 mil habitantes,1604,1170,434,0.33,0.3861,140.9265
120807,JUNÍN,YAULI,SANTA BARBARA DE CARHUACAYAN,SIERRA,DISTRITAL,Sierra con Población urbana de hasta 10 mil habitantes,903,497,406,0.48,0.23856,87.0744
120808,JUNÍN,YAULI,SANTA ROSA DE SACCO,SIERRA,DISTRITAL,Sierra con Población urbana de hasta 10 mil habitantes,8207,8186,21,0.4,3.2744,1195.156
120809,JUNÍN,YAULI,SUITUCANCHA,SIERRA,DISTRITAL,Sierra con Población urbana de hasta 10 mil habitantes,681,401,280,0.4452923055521492,0.17856221452641183,65.17520830214032
120810,JUNÍN,YAULI,YAULI,SIERRA,DISTRITAL,Sierra con Población urbana de hasta 10 mil habitantes,5356,4312,1044,0.47,2.02664,739.7236
120901,JUNÍN,CHUPACA,CHUPACA,SIERRA,PROVINCIAL,Sierra con Población urbana entre 10 mil y 50 mil habitantes,21432,14832,6600,0.5,7.416,2706.84
120902,JUNÍN,CHUPACA,AHUAC,SIERRA,DISTRITAL,Sierra con Población urbana de hasta 10 mil habitantes,6677,3454,3223,0.41,1.41614,516.8910999999999
120903,JUNÍN,CHUPACA,CHONGOS BAJO,SIERRA,DISTRITAL,Sierra con Población urbana de hasta 10 mil habitantes,4829,3877,952,0.36,1.39572,509.43780000000004
120904,JUNÍN,CHUPACA,HUACHAC,SIERRA,DISTRITAL,Sierra con Población urbana de hasta 10 mil habitantes,2938,1690,1248,0.42,0.7098,259.077
120905,JUNÍN,CHUPACA,HUAMANCACA CHICO,SIERRA,DISTRITAL,Sierra con Población urbana de hasta 10 mil habitantes,11881,9784,2097,0.4452923055521492,4.356739917522228,1590.2100698956133
120906,JUNÍN,CHUPACA,SAN JUAN DE ISCOS,SIERRA,DISTRITAL,Sierra con Población urbana de hasta 10 mil habitantes,2314,1060,1254,0.26,0.2756,100.59400000000001
120907,JUNÍN,CHUPACA,SAN JUAN DE JARPA,SIERRA,DISTRITAL,Sierra con Población urbana de hasta 10 mil habitantes,2455,901,1554,0.4452923055521492,0.4012083673024865,146.44105406540757
120908,JUNÍN,CHUPACA,TRES DE DICIEMBRE,SIERRA,DISTRITAL,Sierra con Población urbana de hasta 10 mil habitantes,3325,3325,0,0.38,1.2635,461.1775
120909,JUNÍN,CHUPACA,YANACANCHA,SIERRA,DISTRITAL,Sierra con Población urbana de hasta 10 mil habitantes,2520,442,2078,0.4452923055521492,0.19681919905404996,71.83900765472823
130101,LA LIBERTAD,TRUJILLO,TRUJILLO,COSTA,PROVINCIAL,Costa con Población urbana de más de 50 mil habitantes,350915,350705,210,0.56,196.3948,71684.102
130102,LA LIBERTAD,TRUJILLO,EL PORVENIR,COSTA,DISTRITAL,Costa con Población urbana de más de 50 mil habitantes,242202,242202,0,0.41,99.30282,36245.5293
130103,LA LIBERTAD,TRUJILLO,FLORENCIA DE MORA,COSTA,DISTRITAL,Costa con Población urbana entre 10 mil y 50 mil habitantes,37879,37879,0,0.52,19.697080000000003,7189.4342000000015
130104,LA LIBERTAD,TRUJILLO,HUANCHACO,COSTA,DISTRITAL,Costa con Población urbana de más de 50 mil habitantes,93851,92738,1113,0.58,53.788039999999995,19632.634599999998
130105,LA LIBERTAD,TRUJILLO,LA ESPERANZA,COSTA,DISTRITAL,Costa con Población urbana de más de 50 mil habitantes,234854,234854,0,0.59,138.56385999999998,50575.80889999999
130106,LA LIBERTAD,TRUJILLO,LAREDO,COSTA,DISTRITAL,Costa con Población urbana entre 10 mil y 50 mil habitantes,44440,30763,13677,0.59,18.15017,6624.8120499999995
130107,LA LIBERTAD,TRUJILLO,MOCHE,COSTA,DISTRITAL,Costa con Población urbana entre 10 mil y 50 mil habitantes,44663,37270,7393,0.54,20.1258,7345.917
130108,LA LIBERTAD,TRUJILLO,POROTO,COSTA,DISTRITAL,Costa con Población urbana de hasta 10 mil habitantes,3969,1084,2885,0.4881283256607997,0.529131105016307,193.13285333095206
130109,LA LIBERTAD,TRUJILLO,SALAVERRY,COSTA,DISTRITAL,Costa con Población urbana entre 10 mil y 50 mil habitantes,24028,23963,65,0.61,14.61743,5335.36195
130110,LA LIBERTAD,TRUJILLO,SIMBAL,COSTA,DISTRITAL,Costa con Población urbana de hasta 10 mil habitantes,4575,793,3782,0.4881283256607997,0.3870857622490142,141.28630322089018
130111,LA LIBERTAD,TRUJILLO,VICTOR LARCO HERRERA,COSTA,DISTRITAL,Costa con Población urbana de más de 50 mil habitantes,81494,81494,0,0.67,54.60098,19929.3577
130201,LA LIBERTAD,ASCOPE,ASCOPE,COSTA,PROVINCIAL,Costa con Población urbana de hasta 10 mil habitantes,6868,6265,603,0.51,3.19515,1166.22975
130202,LA LIBERTAD,ASCOPE,CHICAMA,COSTA,DISTRITAL,Costa con Población urbana entre 10 mil y 50 mil habitantes,16180,14633,1547,0.43,6.29219,2296.6493499999997
130203,LA LIBERTAD,ASCOPE,CHOCOPE,COSTA,DISTRITAL,Costa con Población urbana de hasta 10 mil habitantes,9808,7301,2507,0.52,3.79652,1385.7298
130204,LA LIBERTAD,ASCOPE,MAGDALENA DE CAO,COSTA,DISTRITAL,Costa con Población urbana de hasta 10 mil habitantes,2652,2123,529,0.8,1.6984000000000001,619.916
130205,LA LIBERTAD,ASCOPE,PAIJAN,COSTA,DISTRITAL,Costa con Población urbana entre 10 mil y 50 mil habitantes,29804,27770,2034,0.56,15.551200000000001,5676.188
130206,LA LIBERTAD,ASCOPE,RAZURI,COSTA,DISTRITAL,Costa con Población urbana de hasta 10 mil habitantes,9572,6136,3436,0.58,3.55888,1298.9912
130207,LA LIBERTAD,ASCOPE,SANTIAGO DE CAO,COSTA,DISTRITAL,Costa con Población urbana entre 10 mil y 50 mil habitantes,20118,19439,679,0.42,8.16438,2979.9986999999996
130208,LA LIBERTAD,ASCOPE,CASA GRANDE,COSTA,DISTRITAL,Costa con Población urbana entre 10 mil y 50 mil habitantes,29942,28019,1923,0.59,16.531209999999998,6033.89165
130301,LA LIBERTAD,BOLIVAR,BOLIVAR,SIERRA,PROVINCIAL,Sierra con Población urbana de hasta 10 mil habitantes,5083,1562,3521,0.64,0.99968,364.8832
130302,LA LIBERTAD,BOLIVAR,BAMBAMARCA,SIERRA,DISTRITAL,Sierra con Población urbana de hasta 10 mil habitantes,3109,583,2526,0.49,0.28567000000000004,104.26955000000001
130303,LA LIBERTAD,BOLIVAR,CONDORMARCA,SIERRA,DISTRITAL,Sierra con Población urbana de hasta 10 mil habitantes,2135,331,1804,0.4452923055521492,0.14739175313776137,53.7979898952829
130304,LA LIBERTAD,BOLIVAR,LONGOTEA,SIERRA,DISTRITAL,Sierra con Población urbana de hasta 10 mil habitantes,2357,1241,1116,0.4452923055521492,0.5526077511902172,201.70182918442927
130305,LA LIBERTAD,BOLIVAR,UCHUMARCA,SIERRA,DISTRITAL,Sierra con Población urbana de hasta 10 mil habitantes,2330,966,1364,0.55,0.5313000000000001,193.92450000000005
130306,LA LIBERTAD,BOLIVAR,UCUNCHA,SIERRA,DISTRITAL,Sierra con Población urbana de hasta 10 mil habitantes,899,641,258,0.16,0.10256,37.4344
130401,LA LIBERTAD,CHEPEN,CHEPEN,COSTA,PROVINCIAL,Costa con Población urbana entre 10 mil y 50 mil habitantes,49489,45669,3820,0.61,27.85809,10168.20285
130402,LA LIBERTAD,CHEPEN,PACANGA,COSTA,DISTRITAL,Costa con Población urbana entre 10 mil y 50 mil habitantes,25806,20369,5437,0.44,8.96236,3271.2614000000003
130403,LA LIBERTAD,CHEPEN,PUEBLO NUEVO,COSTA,DISTRITAL,Costa con Población urbana de hasta 10 mil habitantes,12857,9361,3496,0.53,4.96133,1810.88545
130501,LA LIBERTAD,JULCAN,JULCAN,SIERRA,PROVINCIAL,Sierra con Población urbana de hasta 10 mil habitantes,12804,2657,10147,0.53,1.40821,513.9966499999999
130502,LA LIBERTAD,JULCAN,CALAMARCA,SIERRA,DISTRITAL,Sierra con Población urbana de hasta 10 mil habitantes,4906,553,4353,0.4452923055521492,0.24624664497033852,89.88002541417356
130503,LA LIBERTAD,JULCAN,CARABAMBA,SIERRA,DISTRITAL,Sierra con Población urbana de hasta 10 mil habitantes,6929,1197,5732,0.38,0.45486,166.0239
130504,LA LIBERTAD,JULCAN,HUASO,SIERRA,DISTRITAL,Sierra con Población urbana de hasta 10 mil habitantes,6249,612,5637,0.6,0.36719999999999997,134.028
130601,LA LIBERTAD,OTUZCO,OTUZCO,SIERRA,PROVINCIAL,Sierra con Población urbana entre 10 mil y 50 mil habitantes,27201,13423,13778,0.5,6.7115,2449.6975
130602,LA LIBERTAD,OTUZCO,AGALLPAMPA,SIERRA,DISTRITAL,Sierra con Población urbana de hasta 10 mil habitantes,10550,798,9752,0.4452923055521492,0.35534325983061504,129.70028983817448
130604,LA LIBERTAD,OTUZCO,CHARAT,SIERRA,DISTRITAL,Sierra con Población urbana de hasta 10 mil habitantes,2512,639,1873,0.4452923055521492,0.2845417832478233,103.8577508854555
130605,LA LIBERTAD,OTUZCO,HUARANCHAL,SIERRA,DISTRITAL,Sierra con Población urbana de hasta 10 mil habitantes,4005,1838,2167,0.4452923055521492,0.8184472576048503,298.73324902577036
130606,LA LIBERTAD,OTUZCO,LA CUESTA,SIERRA,DISTRITAL,Sierra con Población urbana de hasta 10 mil habitantes,658,63,595,0.62,0.039060000000000004,14.256900000000002
130608,LA LIBERTAD,OTUZCO,MACHE,SIERRA,DISTRITAL,Sierra con Población urbana de hasta 10 mil habitantes,2835,812,2023,0.4452923055521492,0.3615773521083452,131.975733519546
130610,LA LIBERTAD,OTUZCO,PARANDAY,SIERRA,DISTRITAL,Sierra con Población urbana de hasta 10 mil habitantes,530,120,410,0.4452923055521492,0.05343507666625791,19.503802983184137
130611,LA LIBERTAD,OTUZCO,SALPO,SIERRA,DISTRITAL,Sierra con Población urbana de hasta 10 mil habitantes,6591,1089,5502,0.4452923055521492,0.48492332074629046,176.99701207239602
130613,LA LIBERTAD,OTUZCO,SINSICAP,SIERRA,DISTRITAL,Sierra con Población urbana de hasta 10 mil habitantes,7467,1983,5484,0.44,0.87252,318.46979999999996
130614,LA LIBERTAD,OTUZCO,USQUIL,SIERRA,DISTRITAL,Sierra con Población urbana de hasta 10 mil habitantes,22622,3079,19543,0.48,1.47792,539.4408
130701,LA LIBERTAD,PACASMAYO,SAN PEDRO DE LLOC,COSTA,PROVINCIAL,Costa con Población urbana entre 10 mil y 50 mil habitantes,19882,18586,1296,0.26,4.83236,1763.8114
130702,LA LIBERTAD,PACASMAYO,GUADALUPE,COSTA,DISTRITAL,Costa con Población urbana entre 10 mil y 50 mil habitantes,45202,40508,4694,0.39,15.79812,5766.3138
130703,LA LIBERTAD,PACASMAYO,JEQUETEPEQUE,COSTA,DISTRITAL,Costa con Población urbana de hasta 10 mil habitantes,4803,4357,446,0.55,2.3963500000000004,874.6677500000002
130704,LA LIBERTAD,PACASMAYO,PACASMAYO,COSTA,DISTRITAL,Costa con Población urbana entre 10 mil y 50 mil habitantes,33150,33109,41,0.6,19.865399999999998,7250.870999999999
130705,LA LIBERTAD,PACASMAYO,SAN JOSE,COSTA,DISTRITAL,Costa con Población urbana entre 10 mil y 50 mil habitantes,12902,11566,1336,0.49,5.66734,2068.5791
130801,LA LIBERTAD,PATAZ,TAYABAMBA,SIERRA,PROVINCIAL,Sierra con Población urbana de hasta 10 mil habitantes,13848,3711,10137,0.46,1.7070600000000002,623.0769000000001
130802,LA LIBERTAD,PATAZ,BULDIBUYO,SIERRA,DISTRITAL,Sierra con Población urbana de hasta 10 mil habitantes,4292,1010,3282,0.4452923055521492,0.4497452286076707,164.1570084417998
130803,LA LIBERTAD,PATAZ,CHILLIA,SIERRA,DISTRITAL,Sierra con Población urbana de hasta 10 mil habitantes,13206,2026,11180,0.4452923055521492,0.9021622110486542,329.2892070327588
130804,LA LIBERTAD,PATAZ,HUANCASPATA,SIERRA,DISTRITAL,Sierra con Población urbana de hasta 10 mil habitantes,6122,1092,5030,0.36,0.39312,143.4888
130805,LA LIBERTAD,PATAZ,HUAYLILLAS,SIERRA,DISTRITAL,Sierra con Población urbana de hasta 10 mil habitantes,1034,356,678,0.4452923055521492,0.1585240607765651,57.861282183446264
130806,LA LIBERTAD,PATAZ,HUAYO,SIERRA,DISTRITAL,Sierra con Población urbana de hasta 10 mil habitantes,3716,296,3420,0.4452923055521492,0.13180652244343616,48.1093806918542
130807,LA LIBERTAD,PATAZ,ONGON,SIERRA,DISTRITAL,Sierra con Población urbana de hasta 10 mil habitantes,1320,119,1201,0.46,0.054740000000000004,19.9801
130808,LA LIBERTAD,PATAZ,PARCOY,SIERRA,DISTRITAL,Sierra con Población urbana de hasta 10 mil habitantes,21889,8057,13832,0.58,4.6730599999999995,1705.6669
130809,LA LIBERTAD,PATAZ,PATAZ,SIERRA,DISTRITAL,Sierra con Población urbana de hasta 10 mil habitantes,11333,3399,7934,0.41,1.3935899999999999,508.66034999999994
130810,LA LIBERTAD,PATAZ,PIAS,SIERRA,DISTRITAL,Sierra con Población urbana de hasta 10 mil habitantes,1961,509,1452,0.4452923055521492,0.22665378352604396,82.72863098700604
130811,LA LIBERTAD,PATAZ,SANTIAGO DE CHALLAS,SIERRA,DISTRITAL,Sierra con Población urbana de hasta 10 mil habitantes,2228,952,1276,0.4452923055521492,0.42391827488564604,154.73017033326082
130812,LA LIBERTAD,PATAZ,TAURIJA,SIERRA,DISTRITAL,Sierra con Población urbana de hasta 10 mil habitantes,3030,872,2158,0.4452923055521492,0.38829489044147414,141.72763501113806
130813,LA LIBERTAD,PATAZ,URPAY,SIERRA,DISTRITAL,Sierra con Población urbana de hasta 10 mil habitantes,2352,435,1917,0.4452923055521492,0.19370215291518492,70.70128581404249
130901,LA LIBERTAD,SANCHEZ CARRION,HUAMACHUCO,SIERRA,PROVINCIAL,Sierra con Población urbana entre 10 mil y 50 mil habitantes,84084,47638,36446,0.66,31.441080000000003,11475.994200000001
130902,LA LIBERTAD,SANCHEZ CARRION,CHUGAY,SIERRA,DISTRITAL,Sierra con Población urbana de hasta 10 mil habitantes,19702,1754,17948,0.35,0.6139,224.0735
130903,LA LIBERTAD,SANCHEZ CARRION,COCHORCO,SIERRA,DISTRITAL,Sierra con Población urbana de hasta 10 mil habitantes,10271,851,9420,0.37,0.31487,114.92755
130904,LA LIBERTAD,SANCHEZ CARRION,CURGOS,SIERRA,DISTRITAL,Sierra con Población urbana de hasta 10 mil habitantes,8909,1701,7208,0.4452923055521492,0.7574422117442058,276.4664072866351
130905,LA LIBERTAD,SANCHEZ CARRION,MARCABAL,SIERRA,DISTRITAL,Sierra con Población urbana de hasta 10 mil habitantes,10927,243,10684,0.37,0.08990999999999999,32.81715
130906,LA LIBERTAD,SANCHEZ CARRION,SANAGORAN,SIERRA,DISTRITAL,Sierra con Población urbana de hasta 10 mil habitantes,15197,329,14868,0.51,0.16779,61.24335
130907,LA LIBERTAD,SANCHEZ CARRION,SARIN,SIERRA,DISTRITAL,Sierra con Población urbana de hasta 10 mil habitantes,10040,1736,8304,0.4452923055521492,0.773027442438531,282.1550164900638
130908,LA LIBERTAD,SANCHEZ CARRION,SARTIMBAMBA,SIERRA,DISTRITAL,Sierra con Población urbana de hasta 10 mil habitantes,14654,538,14116,0.4452923055521492,0.23956726038705628,87.44205004127554
131001,LA LIBERTAD,SANTIAGO DE CHUCO,SANTIAGO DE CHUCO,SIERRA,PROVINCIAL,Sierra con Población urbana de hasta 10 mil habitantes,20520,7178,13342,0.57,4.09146,1493.3828999999998
131002,LA LIBERTAD,SANTIAGO DE CHUCO,ANGASMARCA,SIERRA,DISTRITAL,Sierra con Población urbana de hasta 10 mil habitantes,4870,1613,3257,0.4452923055521492,0.7182564888556167,262.1636184323001
131003,LA LIBERTAD,SANTIAGO DE CHUCO,CACHICADAN,SIERRA,DISTRITAL,Sierra con Población urbana de hasta 10 mil habitantes,5685,2384,3301,0.34,0.8105600000000001,295.8544
131004,LA LIBERTAD,SANTIAGO DE CHUCO,MOLLEBAMBA,SIERRA,DISTRITAL,Sierra con Población urbana de hasta 10 mil habitantes,1835,924,911,0.4452923055521492,0.4114500903301859,150.17928297051787
131005,LA LIBERTAD,SANTIAGO DE CHUCO,MOLLEPATA,SIERRA,DISTRITAL,Sierra con Población urbana de hasta 10 mil habitantes,2405,138,2267,0.4452923055521492,0.06145033816619659,22.429373430661755
131006,LA LIBERTAD,SANTIAGO DE CHUCO,QUIRUVILCA,SIERRA,DISTRITAL,Sierra con Población urbana de hasta 10 mil habitantes,13698,6899,6799,0.8,5.5192000000000005,2014.5080000000003
131007,LA LIBERTAD,SANTIAGO DE CHUCO,SANTA CRUZ DE CHUCA,SIERRA,DISTRITAL,Sierra con Población urbana de hasta 10 mil habitantes,3033,534,2499,0.4452923055521492,0.23778609116484767,86.7919232751694
131008,LA LIBERTAD,SANTIAGO DE CHUCO,SITABAMBA,SIERRA,DISTRITAL,Sierra con Población urbana de hasta 10 mil habitantes,3679,746,2933,0.4452923055521492,0.3321880599419033,121.24864187879471
131101,LA LIBERTAD,GRAN CHIMU,CASCAS,COSTA,PROVINCIAL,Costa con Población urbana de hasta 10 mil habitantes,14381,4269,10112,0.44,1.8783599999999998,685.6013999999999
131102,LA LIBERTAD,GRAN CHIMU,LUCMA,SIERRA,DISTRITAL,Sierra con Población urbana de hasta 10 mil habitantes,4800,516,4284,0.49,0.25284,92.2866
131103,LA LIBERTAD,GRAN CHIMU,MARMOT,SIERRA,DISTRITAL,Sierra con Población urbana de hasta 10 mil habitantes,2582,476,2106,0.4452923055521492,0.21195913744282302,77.36508516663041
131104,LA LIBERTAD,GRAN CHIMU,SAYAPULLO,SIERRA,DISTRITAL,Sierra con Población urbana de hasta 10 mil habitantes,6405,1441,4964,0.4452923055521492,0.641666212300647,234.20816748973616
131201,LA LIBERTAD,VIRU,VIRU,COSTA,PROVINCIAL,Costa con Población urbana entre 10 mil y 50 mil habitantes,60018,45198,14820,0.521567928503992,23.57382723252343,8604.446939871052
131202,LA LIBERTAD,VIRU,CHAO,COSTA,DISTRITAL,Costa con Población urbana entre 10 mil y 50 mil habitantes,41760,34561,7199,0.67,23.155870000000004,8451.89255
131203,LA LIBERTAD,VIRU,GUADALUPITO,COSTA,DISTRITAL,Costa con Población urbana de hasta 10 mil habitantes,7882,7504,378,0.45,3.3768000000000002,1232.5320000000002
140101,LAMBAYEQUE,CHICLAYO,CHICLAYO,COSTA,PROVINCIAL,Costa con Población urbana de más de 50 mil habitantes,293332,293015,317,0.45,131.85675,48127.71375
140102,LAMBAYEQUE,CHICLAYO,CHONGOYAPE,COSTA,DISTRITAL,Costa con Población urbana entre 10 mil y 50 mil habitantes,19966,16866,3100,0.54,9.107640000000002,3324.2886000000008
140103,LAMBAYEQUE,CHICLAYO,ETEN,COSTA,DISTRITAL,Costa con Población urbana entre 10 mil y 50 mil habitantes,13542,13228,314,0.78,10.31784,3766.0116000000003
140104,LAMBAYEQUE,CHICLAYO,ETEN PUERTO,COSTA,DISTRITAL,Costa con Población urbana de hasta 10 mil habitantes,2471,2471,0,0.58,1.43318,523.1107
140105,LAMBAYEQUE,CHICLAYO,JOSE LEONARDO ORTIZ,COSTA,DISTRITAL,Costa con Población urbana de más de 50 mil habitantes,167037,167037,0,0.8,133.6296,48774.804000000004
140106,LAMBAYEQUE,CHICLAYO,LA VICTORIA,COSTA,DISTRITAL,Costa con Población urbana de más de 50 mil habitantes,100801,94939,5862,0.68,64.55852,23563.859800000002
140107,LAMBAYEQUE,CHICLAYO,LAGUNAS,COSTA,DISTRITAL,Costa con Población urbana de hasta 10 mil habitantes,11074,9087,1987,0.52,4.725239999999999,1724.7125999999998
140108,LAMBAYEQUE,CHICLAYO,MONSEFU,COSTA,DISTRITAL,Costa con Población urbana entre 10 mil y 50 mil habitantes,36188,26383,9805,0.57,15.03831,5488.98315
140109,LAMBAYEQUE,CHICLAYO,NUEVA ARICA,COSTA,DISTRITAL,Costa con Población urbana de hasta 10 mil habitantes,2561,2273,288,0.59,1.34107,489.49055
140110,LAMBAYEQUE,CHICLAYO,OYOTUN,COSTA,DISTRITAL,Costa con Población urbana de hasta 10 mil habitantes,8268,6611,1657,0.43,2.84273,1037.59645
140111,LAMBAYEQUE,CHICLAYO,PICSI,COSTA,DISTRITAL,Costa con Población urbana entre 10 mil y 50 mil habitantes,15048,13510,1538,0.74,9.997399999999999,3649.0509999999995
140112,LAMBAYEQUE,CHICLAYO,PIMENTEL,COSTA,DISTRITAL,Costa con Población urbana entre 10 mil y 50 mil habitantes,53446,48858,4588,0.58,28.33764,10343.2386
140113,LAMBAYEQUE,CHICLAYO,REQUE,COSTA,DISTRITAL,Costa con Población urbana entre 10 mil y 50 mil habitantes,18318,14944,3374,0.51,7.621440000000001,2781.8256
140114,LAMBAYEQUE,CHICLAYO,SANTA ROSA,COSTA,DISTRITAL,Costa con Población urbana entre 10 mil y 50 mil habitantes,14366,14164,202,0.5,7.082,2584.93
140115,LAMBAYEQUE,CHICLAYO,SAÑA,COSTA,DISTRITAL,Costa con Población urbana entre 10 mil y 50 mil habitantes,12654,10138,2516,0.56,5.6772800000000005,2072.2072000000003
140116,LAMBAYEQUE,CHICLAYO,CAYALTI,COSTA,DISTRITAL,Costa con Población urbana entre 10 mil y 50 mil habitantes,15153,13671,1482,0.46,6.28866,2295.3609
140117,LAMBAYEQUE,CHICLAYO,PATAPO,COSTA,DISTRITAL,Costa con Población urbana entre 10 mil y 50 mil habitantes,25723,21968,3755,0.7,15.3776,5612.824
140118,LAMBAYEQUE,CHICLAYO,POMALCA,COSTA,DISTRITAL,Costa con Población urbana entre 10 mil y 50 mil habitantes,27672,24054,3618,0.45,10.824300000000001,3950.8695000000002
140119,LAMBAYEQUE,CHICLAYO,PUCALA,COSTA,DISTRITAL,Costa con Población urbana de hasta 10 mil habitantes,9062,7850,1212,0.61,4.7885,1747.8025
140120,LAMBAYEQUE,CHICLAYO,TUMAN,COSTA,DISTRITAL,Costa con Población urbana entre 10 mil y 50 mil habitantes,30159,28006,2153,0.51,14.283059999999999,5213.3169
140201,LAMBAYEQUE,FERREÑAFE,FERREÑAFE,COSTA,PROVINCIAL,Costa con Población urbana entre 10 mil y 50 mil habitantes,38489,37542,947,0.61,22.90062,8358.7263
140202,LAMBAYEQUE,FERREÑAFE,CAÑARIS,SIERRA,DISTRITAL,Sierra con Población urbana de hasta 10 mil habitantes,12096,368,11728,0.4452923055521492,0.16386756844319092,59.811662481764685
140203,LAMBAYEQUE,FERREÑAFE,INCAHUASI,SIERRA,DISTRITAL,Sierra con Población urbana de hasta 10 mil habitantes,15266,1567,13699,0.3,0.47009999999999996,171.58649999999997
140204,LAMBAYEQUE,FERREÑAFE,MANUEL ANTONIO MESONES MURO,COSTA,DISTRITAL,Costa con Población urbana de hasta 10 mil habitantes,4210,1853,2357,0.4881283256607997,0.9045017874494619,330.1431524190536
140205,LAMBAYEQUE,FERREÑAFE,PITIPO,COSTA,DISTRITAL,Costa con Población urbana de hasta 10 mil habitantes,22242,8276,13966,0.4881283256607997,4.039750023168779,1474.5087584566043
140206,LAMBAYEQUE,FERREÑAFE,PUEBLO NUEVO,COSTA,DISTRITAL,Costa con Población urbana entre 10 mil y 50 mil habitantes,16135,15103,1032,0.41,6.1922299999999995,2260.1639499999997
140301,LAMBAYEQUE,LAMBAYEQUE,LAMBAYEQUE,COSTA,PROVINCIAL,Costa con Población urbana de más de 50 mil habitantes,83717,69631,14086,0.53,36.90443,13470.11695
140302,LAMBAYEQUE,LAMBAYEQUE,CHOCHOPE,COSTA,DISTRITAL,Costa con Población urbana de hasta 10 mil habitantes,1650,503,1147,0.4881283256607997,0.24552854780738226,89.61791994969452
140303,LAMBAYEQUE,LAMBAYEQUE,ILLIMO,COSTA,DISTRITAL,Costa con Población urbana de hasta 10 mil habitantes,9623,5320,4303,0.44,2.3408,854.392
140304,LAMBAYEQUE,LAMBAYEQUE,JAYANCA,COSTA,DISTRITAL,Costa con Población urbana entre 10 mil y 50 mil habitantes,20559,10620,9939,0.54,5.7348,2093.2019999999998
140305,LAMBAYEQUE,LAMBAYEQUE,MOCHUMI,COSTA,DISTRITAL,Costa con Población urbana de hasta 10 mil habitantes,20524,8354,12170,0.4881283256607997,4.077824032570321,1488.4057718881672
140306,LAMBAYEQUE,LAMBAYEQUE,MORROPE,COSTA,DISTRITAL,Costa con Población urbana entre 10 mil y 50 mil habitantes,57818,14518,43300,0.38,5.51684,2013.6466
140307,LAMBAYEQUE,LAMBAYEQUE,MOTUPE,COSTA,DISTRITAL,Costa con Población urbana entre 10 mil y 50 mil habitantes,35523,18874,16649,0.2,3.7748000000000004,1377.8020000000001
140308,LAMBAYEQUE,LAMBAYEQUE,OLMOS,COSTA,DISTRITAL,Costa con Población urbana entre 10 mil y 50 mil habitantes,57359,17018,40341,0.58,9.870439999999999,3602.7105999999994
140309,LAMBAYEQUE,LAMBAYEQUE,PACORA,COSTA,DISTRITAL,Costa con Población urbana de hasta 10 mil habitantes,9292,4384,4908,0.37,1.62208,592.0592
140310,LAMBAYEQUE,LAMBAYEQUE,SALAS,SIERRA,DISTRITAL,Sierra con Población urbana de hasta 10 mil habitantes,13801,4500,9301,0.43,1.935,706.275
140311,LAMBAYEQUE,LAMBAYEQUE,SAN JOSE,COSTA,DISTRITAL,Costa con Población urbana entre 10 mil y 50 mil habitantes,18801,16876,1925,0.521567928503992,8.801980361433369,3212.7228319231795
140312,LAMBAYEQUE,LAMBAYEQUE,TUCUME,COSTA,DISTRITAL,Costa con Población urbana entre 10 mil y 50 mil habitantes,25048,10419,14629,0.33,3.43827,1254.96855
150101,LIMA,LIMA,LIMA,LIMA Y CALLAO,PROVINCIAL,Provincia de Lima y Callao ,266887,266887,0,0.69,184.15203,67215.49094999999
150102,LIMA,LIMA,ANCON,LIMA Y CALLAO,DISTRITAL,Provincia de Lima y Callao ,91478,91478,0,0.68,62.205040000000004,22704.839600000003
150103,LIMA,LIMA,ATE,LIMA Y CALLAO,DISTRITAL,Provincia de Lima y Callao ,702815,702815,0,0.69,484.94235,177003.95775
150104,LIMA,LIMA,BARRANCO,LIMA Y CALLAO,DISTRITAL,Provincia de Lima y Callao ,36467,36467,0,0.46,16.77482,6122.809299999999
150105,LIMA,LIMA,BREÑA,LIMA Y CALLAO,DISTRITAL,Provincia de Lima y Callao ,95187,95187,0,0.8,76.1496,27794.604000000003
150106,LIMA,LIMA,CARABAYLLO,LIMA Y CALLAO,DISTRITAL,Provincia de Lima y Callao ,423894,418005,5889,0.68,284.2434,103748.841
150107,LIMA,LIMA,CHACLACAYO,LIMA Y CALLAO,DISTRITAL,Provincia de Lima y Callao ,45091,45091,0,0.73,32.91643,12014.496949999999
150108,LIMA,LIMA,CHORRILLOS,LIMA Y CALLAO,DISTRITAL,Provincia de Lima y Callao ,367099,367099,0,0.65,238.61435,87094.23775
150109,LIMA,LIMA,CIENEGUILLA,LIMA Y CALLAO,DISTRITAL,Provincia de Lima y Callao ,40193,39914,279,0.75,29.9355,10926.4575
150110,LIMA,LIMA,COMAS,LIMA Y CALLAO,DISTRITAL,Provincia de Lima y Callao ,586914,586914,0,0.78,457.79292000000004,167094.41580000002
150111,LIMA,LIMA,EL AGUSTINO,LIMA Y CALLAO,DISTRITAL,Provincia de Lima y Callao ,229426,229426,0,0.69,158.30394,57780.93810000001
150112,LIMA,LIMA,INDEPENDENCIA,LIMA Y CALLAO,DISTRITAL,Provincia de Lima y Callao ,228121,228121,0,0.57,130.02897,47460.574049999996
150113,LIMA,LIMA,JESUS MARIA,LIMA Y CALLAO,DISTRITAL,Provincia de Lima y Callao ,83904,83904,0,0.8,67.1232,24499.968
150114,LIMA,LIMA,LA MOLINA,LIMA Y CALLAO,DISTRITAL,Provincia de Lima y Callao ,165020,165020,0,0.68,112.2136,40957.964
150115,LIMA,LIMA,LA VICTORIA,LIMA Y CALLAO,DISTRITAL,Provincia de Lima y Callao ,189594,189594,0,0.49,92.90106,33908.8869
150116,LIMA,LIMA,LINCE,LIMA Y CALLAO,DISTRITAL,Provincia de Lima y Callao ,61689,61689,0,0.52,32.07828,11708.5722
150117,LIMA,LIMA,LOS OLIVOS,LIMA Y CALLAO,DISTRITAL,Provincia de Lima y Callao ,358910,358910,0,0.8,287.128,104801.72
150118,LIMA,LIMA,LURIGANCHO,LIMA Y CALLAO,DISTRITAL,Provincia de Lima y Callao ,302599,302599,0,0.53,160.37747,58537.776549999995
150119,LIMA,LIMA,LURIN,LIMA Y CALLAO,DISTRITAL,Provincia de Lima y Callao ,114024,112135,1889,0.53,59.43155,21692.515750000002
150120,LIMA,LIMA,MAGDALENA DEL MAR,LIMA Y CALLAO,DISTRITAL,Provincia de Lima y Callao ,67761,67761,0,0.65,44.044650000000004,16076.297250000001
150121,LIMA,LIMA,PUEBLO LIBRE ,LIMA Y CALLAO,DISTRITAL,Provincia de Lima y Callao ,97568,97568,0,0.68,66.34624000000001,24216.377600000003
150122,LIMA,LIMA,MIRAFLORES,LIMA Y CALLAO,DISTRITAL,Provincia de Lima y Callao ,113503,113503,0,0.61,69.23683,25271.44295
150123,LIMA,LIMA,PACHACAMAC,LIMA Y CALLAO,DISTRITAL,Provincia de Lima y Callao ,152268,150562,1706,0.59,88.83158,32423.526700000002
150124,LIMA,LIMA,PUCUSANA,LIMA Y CALLAO,DISTRITAL,Provincia de Lima y Callao ,17620,17620,0,0.62,10.9244,3987.406
150125,LIMA,LIMA,PUENTE PIEDRA,LIMA Y CALLAO,DISTRITAL,Provincia de Lima y Callao ,412174,412174,0,0.62,255.54788,93274.97619999999
150126,LIMA,LIMA,PUNTA HERMOSA,LIMA Y CALLAO,DISTRITAL,Provincia de Lima y Callao ,23470,23421,49,0.62,14.52102,5300.1723
150127,LIMA,LIMA,PUNTA NEGRA,LIMA Y CALLAO,DISTRITAL,Provincia de Lima y Callao ,8808,8807,1,0.51,4.491569999999999,1639.4230499999999
150128,LIMA,LIMA,RIMAC,LIMA Y CALLAO,DISTRITAL,Provincia de Lima y Callao ,182882,182882,0,0.6617040383936531,121.01375794950808,44170.021651570445
150129,LIMA,LIMA,SAN BARTOLO,LIMA Y CALLAO,DISTRITAL,Provincia de Lima y Callao ,9273,9045,228,0.53,4.79385,1749.75525
150130,LIMA,LIMA,SAN BORJA,LIMA Y CALLAO,DISTRITAL,Provincia de Lima y Callao ,130882,130882,0,0.51,66.74982000000001,24363.684300000004
150131,LIMA,LIMA,SAN ISIDRO,LIMA Y CALLAO,DISTRITAL,Provincia de Lima y Callao ,69409,69409,0,0.68,47.19812,17227.3138
150132,LIMA,LIMA,SAN JUAN DE LURIGANCHO,LIMA Y CALLAO,DISTRITAL,Provincia de Lima y Callao ,1225092,1225092,0,0.61,747.30612,272766.7338
150133,LIMA,LIMA,SAN JUAN DE MIRAFLORES,LIMA Y CALLAO,DISTRITAL,Provincia de Lima y Callao ,422197,422197,0,0.64,270.20608000000004,98625.21920000002
150134,LIMA,LIMA,SAN LUIS,LIMA Y CALLAO,DISTRITAL,Provincia de Lima y Callao ,56302,56302,0,0.72,40.53744,14796.165599999998
150135,LIMA,LIMA,SAN MARTIN DE PORRES,LIMA Y CALLAO,DISTRITAL,Provincia de Lima y Callao ,770725,770725,0,0.8,616.58,225051.7
150136,LIMA,LIMA,SAN MIGUEL,LIMA Y CALLAO,DISTRITAL,Provincia de Lima y Callao ,180647,180647,0,0.64,115.61408,42199.1392
150137,LIMA,LIMA,SANTA ANITA,LIMA Y CALLAO,DISTRITAL,Provincia de Lima y Callao ,227530,227530,0,0.61,138.7933,50659.5545
150138,LIMA,LIMA,SANTA MARIA DEL MAR,LIMA Y CALLAO,DISTRITAL,Provincia de Lima y Callao ,1216,1207,9,0.75,0.90525,330.41625
150139,LIMA,LIMA,SANTA ROSA,LIMA Y CALLAO,DISTRITAL,Provincia de Lima y Callao ,42107,42107,0,0.8,33.6856,12295.244
150140,LIMA,LIMA,SANTIAGO DE SURCO,LIMA Y CALLAO,DISTRITAL,Provincia de Lima y Callao ,420016,420016,0,0.65,273.0104,99648.796
150141,LIMA,LIMA,SURQUILLO,LIMA Y CALLAO,DISTRITAL,Provincia de Lima y Callao ,102434,102434,0,0.47,48.14398,17572.5527
150142,LIMA,LIMA,VILLA EL SALVADOR,LIMA Y CALLAO,DISTRITAL,Provincia de Lima y Callao ,432170,432170,0,0.72,311.1624,113574.276
150143,LIMA,LIMA,VILLA MARIA DEL TRIUNFO,LIMA Y CALLAO,DISTRITAL,Provincia de Lima y Callao ,448775,448775,0,0.71,318.63025,116300.04125
150201,LIMA,BARRANCA,BARRANCA,COSTA,PROVINCIAL,Costa con Población urbana de más de 50 mil habitantes,74630,68577,6053,0.53,36.34581000000001,13266.220650000003
150202,LIMA,BARRANCA,PARAMONGA,COSTA,DISTRITAL,Costa con Población urbana entre 10 mil y 50 mil habitantes,21633,19177,2456,0.48,9.20496,3359.8104
150203,LIMA,BARRANCA,PATIVILCA,COSTA,DISTRITAL,Costa con Población urbana entre 10 mil y 50 mil habitantes,18171,16457,1714,0.66,10.86162,3964.4913
150204,LIMA,BARRANCA,SUPE,COSTA,DISTRITAL,Costa con Población urbana entre 10 mil y 50 mil habitantes,26709,19907,6802,0.56,11.147920000000003,4068.990800000001
150205,LIMA,BARRANCA,SUPE PUERTO,COSTA,DISTRITAL,Costa con Población urbana entre 10 mil y 50 mil habitantes,13882,13788,94,0.63,8.686440000000001,3170.5506000000005
150301,LIMA,CAJATAMBO,CAJATAMBO,SIERRA,PROVINCIAL,Sierra con Población urbana de hasta 10 mil habitantes,1899,1548,351,0.4452923055521492,0.689312488994727,251.59905848307534
150302,LIMA,CAJATAMBO,COPA,SIERRA,DISTRITAL,Sierra con Población urbana de hasta 10 mil habitantes,827,821,6,0.4452923055521492,0.3655849828583145,133.4385187432848
150303,LIMA,CAJATAMBO,GORGOR,SIERRA,DISTRITAL,Sierra con Población urbana de hasta 10 mil habitantes,1559,345,1214,0.4452923055521492,0.15362584541549149,56.073433576654395
150304,LIMA,CAJATAMBO,HUANCAPON,SIERRA,DISTRITAL,Sierra con Población urbana de hasta 10 mil habitantes,911,590,321,0.4452923055521492,0.262722460275768,95.89369800065532
150305,LIMA,CAJATAMBO,MANAS,SIERRA,DISTRITAL,Sierra con Población urbana de hasta 10 mil habitantes,956,503,453,0.4452923055521492,0.22398202969273107,81.75344083784684
150401,LIMA,CANTA,CANTA,SIERRA,PROVINCIAL,Sierra con Población urbana de hasta 10 mil habitantes,2222,2076,146,0.62,1.2871199999999998,469.7987999999999
150402,LIMA,CANTA,ARAHUAY,SIERRA,DISTRITAL,Sierra con Población urbana de hasta 10 mil habitantes,574,269,305,0.4452923055521492,0.11978363019352814,43.72102502063777
150403,LIMA,CANTA,HUAMANTANGA,SIERRA,DISTRITAL,Sierra con Población urbana de hasta 10 mil habitantes,621,527,94,0.4452923055521492,0.23466904502598263,85.65420143448365
150404,LIMA,CANTA,HUAROS,SIERRA,DISTRITAL,Sierra con Población urbana de hasta 10 mil habitantes,749,659,90,0.8,0.5272,192.428
150405,LIMA,CANTA,LACHAQUI,SIERRA,DISTRITAL,Sierra con Población urbana de hasta 10 mil habitantes,862,658,204,0.67,0.44086000000000003,160.9139
150406,LIMA,CANTA,SAN BUENAVENTURA,SIERRA,DISTRITAL,Sierra con Población urbana de hasta 10 mil habitantes,604,561,43,0.59,0.33099,120.81135
150407,LIMA,CANTA,SANTA ROSA DE QUIVES,SIERRA,DISTRITAL,Sierra con Población urbana de hasta 10 mil habitantes,5817,3581,2236,0.25,0.89525,326.76625
150501,LIMA,CAÑETE,SAN VICENTE DE CAÑETE,COSTA,PROVINCIAL,Costa con Población urbana de más de 50 mil habitantes,62496,54703,7793,0.43,23.52229,8585.63585
150502,LIMA,CAÑETE,ASIA,COSTA,DISTRITAL,Costa con Población urbana de hasta 10 mil habitantes,11148,9781,1367,0.53,5.18393,1892.13445
150503,LIMA,CAÑETE,CALANGO,COSTA,DISTRITAL,Costa con Población urbana de hasta 10 mil habitantes,2431,1071,1360,0.5,0.5355,195.45749999999998
150504,LIMA,CAÑETE,CERRO AZUL,COSTA,DISTRITAL,Costa con Población urbana de hasta 10 mil habitantes,9424,8482,942,0.33,2.79906,1021.6569
150505,LIMA,CAÑETE,CHILCA,COSTA,DISTRITAL,Costa con Población urbana entre 10 mil y 50 mil habitantes,25335,24434,901,0.56,13.68304,4994.3096
150506,LIMA,CAÑETE,COAYLLO,COSTA,DISTRITAL,Costa con Población urbana de hasta 10 mil habitantes,1082,511,571,0.4881283256607997,0.24943357441266867,91.04325466062406
150507,LIMA,CAÑETE,IMPERIAL,COSTA,DISTRITAL,Costa con Población urbana entre 10 mil y 50 mil habitantes,39293,37219,2074,0.58,21.587019999999995,7879.2622999999985
150508,LIMA,CAÑETE,LUNAHUANA,COSTA,DISTRITAL,Costa con Población urbana de hasta 10 mil habitantes,4008,3540,468,0.4881283256607997,1.7279742728392309,630.7106095863193
150509,LIMA,CAÑETE,MALA,COSTA,DISTRITAL,Costa con Población urbana entre 10 mil y 50 mil habitantes,34836,32550,2286,0.47,15.2985,5583.9525
150510,LIMA,CAÑETE,NUEVO IMPERIAL,COSTA,DISTRITAL,Costa con Población urbana entre 10 mil y 50 mil habitantes,29934,26908,3026,0.21,5.6506799999999995,2062.4982
150511,LIMA,CAÑETE,PACARAN,COSTA,DISTRITAL,Costa con Población urbana de hasta 10 mil habitantes,1713,697,1016,0.4881283256607997,0.3402254429855774,124.18228668973575
150512,LIMA,CAÑETE,QUILMANA,COSTA,DISTRITAL,Costa con Población urbana entre 10 mil y 50 mil habitantes,16614,14513,2101,0.53,7.69189,2807.53985
150513,LIMA,CAÑETE,SAN ANTONIO,COSTA,DISTRITAL,Costa con Población urbana de hasta 10 mil habitantes,4777,3927,850,0.48,1.88496,688.0104
150514,LIMA,CAÑETE,SAN LUIS,COSTA,DISTRITAL,Costa con Población urbana entre 10 mil y 50 mil habitantes,13322,12339,983,0.43,5.30577,1936.6060499999999
150515,LIMA,CAÑETE,SANTA CRUZ DE FLORES,COSTA,DISTRITAL,Costa con Población urbana de hasta 10 mil habitantes,3290,2540,750,0.48,1.2192,445.00800000000004
150516,LIMA,CAÑETE,ZUÑIGA,COSTA,DISTRITAL,Costa con Población urbana de hasta 10 mil habitantes,1305,833,472,0.4881283256607997,0.4066108952754462,148.41297677553786
150601,LIMA,HUARAL,HUARAL,COSTA,PROVINCIAL,Costa con Población urbana de más de 50 mil habitantes,108647,99640,9007,0.62,61.7768,22548.532
150602,LIMA,HUARAL,ATAVILLOS ALTO,SIERRA,DISTRITAL,Sierra con Población urbana de hasta 10 mil habitantes,641,488,153,0.4452923055521492,0.2173026451094488,79.31546546494882
150603,LIMA,HUARAL,ATAVILLOS BAJO,SIERRA,DISTRITAL,Sierra con Población urbana de hasta 10 mil habitantes,802,777,25,0.2,0.1554,56.721000000000004
150604,LIMA,HUARAL,AUCALLAMA,COSTA,DISTRITAL,Costa con Población urbana entre 10 mil y 50 mil habitantes,22181,16091,6090,0.49,7.88459,2877.8753500000003
150605,LIMA,HUARAL,CHANCAY,COSTA,DISTRITAL,Costa con Población urbana de más de 50 mil habitantes,62668,57662,5006,0.61,35.17382,12838.4443
150606,LIMA,HUARAL,IHUARI,SIERRA,DISTRITAL,Sierra con Población urbana de hasta 10 mil habitantes,1941,868,1073,0.4452923055521492,0.3865137212192655,141.0775082450319
150607,LIMA,HUARAL,LAMPIAN,SIERRA,DISTRITAL,Sierra con Población urbana de hasta 10 mil habitantes,295,271,24,0.4452923055521492,0.12067421480463245,44.046088403690845
150608,LIMA,HUARAL,PACARAOS,SIERRA,DISTRITAL,Sierra con Población urbana de hasta 10 mil habitantes,1283,1246,37,0.45,0.5607000000000001,204.65550000000002
150609,LIMA,HUARAL,SAN MIGUEL DE ACOS,SIERRA,DISTRITAL,Sierra con Población urbana de hasta 10 mil habitantes,624,494,130,0.6,0.2964,108.18599999999999
150610,LIMA,HUARAL,SANTA CRUZ DE ANDAMARCA,SIERRA,DISTRITAL,Sierra con Población urbana de hasta 10 mil habitantes,736,307,429,0.5,0.1535,56.027499999999996
150611,LIMA,HUARAL,SUMBILCA,SIERRA,DISTRITAL,Sierra con Población urbana de hasta 10 mil habitantes,658,374,284,0.66,0.24684,90.0966
150612,LIMA,HUARAL,VEINTISIETE DE NOVIEMBRE,SIERRA,DISTRITAL,Sierra con Población urbana de hasta 10 mil habitantes,371,358,13,0.27,0.09666000000000001,35.2809
150701,LIMA,HUAROCHIRI,MATUCANA,SIERRA,PROVINCIAL,Sierra con Población urbana de hasta 10 mil habitantes,3949,3148,801,0.42,1.3221599999999998,482.5883999999999
150702,LIMA,HUAROCHIRI,ANTIOQUIA,COSTA,DISTRITAL,Costa con Población urbana de hasta 10 mil habitantes,1187,362,825,0.4881283256607997,0.1767024538892095,64.49639566956147
150703,LIMA,HUAROCHIRI,CALLAHUANCA,SIERRA,DISTRITAL,Sierra con Población urbana de hasta 10 mil habitantes,632,507,125,0.57,0.28898999999999997,105.48134999999999
150704,LIMA,HUAROCHIRI,CARAMPOMA,SIERRA,DISTRITAL,Sierra con Población urbana de hasta 10 mil habitantes,303,291,12,0.63,0.18333000000000002,66.91545
150705,LIMA,HUAROCHIRI,CHICLA,SIERRA,DISTRITAL,Sierra con Población urbana de hasta 10 mil habitantes,2971,1657,1314,0.36,0.5965199999999999,217.72979999999998
150706,LIMA,HUAROCHIRI,CUENCA,SIERRA,DISTRITAL,Sierra con Población urbana de hasta 10 mil habitantes,470,119,351,0.4452923055521492,0.052989784360705755,19.341271291657602
150707,LIMA,HUAROCHIRI,HUACHUPAMPA,SIERRA,DISTRITAL,Sierra con Población urbana de hasta 10 mil habitantes,493,478,15,0.55,0.2629,95.95850000000002
150708,LIMA,HUAROCHIRI,HUANZA,SIERRA,DISTRITAL,Sierra con Población urbana de hasta 10 mil habitantes,711,580,131,0.48,0.2784,101.616
150709,LIMA,HUAROCHIRI,HUAROCHIRI,SIERRA,DISTRITAL,Sierra con Población urbana de hasta 10 mil habitantes,1194,1037,157,0.5,0.5185,189.2525
150710,LIMA,HUAROCHIRI,LAHUAYTAMBO,SIERRA,DISTRITAL,Sierra con Población urbana de hasta 10 mil habitantes,556,253,303,0.4452923055521492,0.11265895330469375,41.12051795621322
150711,LIMA,HUAROCHIRI,LANGA,SIERRA,DISTRITAL,Sierra con Población urbana de hasta 10 mil habitantes,806,448,358,0.4452923055521492,0.19949095288736285,72.81419780388744
150712,LIMA,HUAROCHIRI,LARAOS,SIERRA,DISTRITAL,Sierra con Población urbana de hasta 10 mil habitantes,542,518,24,0.4452923055521492,0.23066141427601328,84.19141621074485
150713,LIMA,HUAROCHIRI,MARIATANA,SIERRA,DISTRITAL,Sierra con Población urbana de hasta 10 mil habitantes,1387,254,1133,0.4452923055521492,0.1131042456102459,41.28304964773975
150714,LIMA,HUAROCHIRI,RICARDO PALMA,COSTA,DISTRITAL,Costa con Población urbana de hasta 10 mil habitantes,6699,6393,306,0.73,4.66689,1703.4148500000001
150715,LIMA,HUAROCHIRI,SAN ANDRES DE TUPICOCHA,SIERRA,DISTRITAL,Sierra con Población urbana de hasta 10 mil habitantes,1261,710,551,0.2,0.142,51.83
150716,LIMA,HUAROCHIRI,SAN ANTONIO,COSTA,DISTRITAL,Costa con Población urbana de hasta 10 mil habitantes,6032,1350,4682,0.4881283256607997,0.6589732396420797,240.52523246935908
150717,LIMA,HUAROCHIRI,SAN BARTOLOME,SIERRA,DISTRITAL,Sierra con Población urbana de hasta 10 mil habitantes,1041,725,316,0.43,0.31175,113.78875000000001
150718,LIMA,HUAROCHIRI,SAN DAMIAN,SIERRA,DISTRITAL,Sierra con Población urbana de hasta 10 mil habitantes,1089,910,179,0.4452923055521492,0.4052159980524558,147.90383928914636
150719,LIMA,HUAROCHIRI,SAN JUAN DE IRIS,SIERRA,DISTRITAL,Sierra con Población urbana de hasta 10 mil habitantes,623,618,5,0.52,0.32136000000000003,117.2964
150720,LIMA,HUAROCHIRI,SAN JUAN DE TANTARANCHE,SIERRA,DISTRITAL,Sierra con Población urbana de hasta 10 mil habitantes,333,313,20,0.8,0.2504,91.396
150721,LIMA,HUAROCHIRI,SAN LORENZO DE QUINTI,SIERRA,DISTRITAL,Sierra con Población urbana de hasta 10 mil habitantes,1095,926,169,0.56,0.51856,189.2744
150722,LIMA,HUAROCHIRI,SAN MATEO,SIERRA,DISTRITAL,Sierra con Población urbana de hasta 10 mil habitantes,3823,3307,516,0.31,1.0251700000000001,374.18705000000006
150723,LIMA,HUAROCHIRI,SAN MATEO DE OTAO,SIERRA,DISTRITAL,Sierra con Población urbana de hasta 10 mil habitantes,1285,160,1125,0.4452923055521492,0.07124676888834389,26.005070644245517
150724,LIMA,HUAROCHIRI,SAN PEDRO DE CASTA,SIERRA,DISTRITAL,Sierra con Población urbana de hasta 10 mil habitantes,851,642,209,0.72,0.46224,168.7176
150725,LIMA,HUAROCHIRI,SAN PEDRO DE HUANCAYRE,SIERRA,DISTRITAL,Sierra con Población urbana de hasta 10 mil habitantes,189,174,15,0.4452923055521492,0.07748086116607396,28.280514325616995
150726,LIMA,HUAROCHIRI,SANGALLAYA,SIERRA,DISTRITAL,Sierra con Población urbana de hasta 10 mil habitantes,620,162,458,0.39,0.06318,23.0607
150727,LIMA,HUAROCHIRI,SANTA CRUZ DE COCACHACRA,SIERRA,DISTRITAL,Sierra con Población urbana de hasta 10 mil habitantes,2645,2360,285,0.21,0.4956,180.894
150728,LIMA,HUAROCHIRI,SANTA EULALIA,COSTA,DISTRITAL,Costa con Población urbana entre 10 mil y 50 mil habitantes,13490,12765,725,0.55,7.0207500000000005,2562.57375
150729,LIMA,HUAROCHIRI,SANTIAGO DE ANCHUCAYA,SIERRA,DISTRITAL,Sierra con Población urbana de hasta 10 mil habitantes,269,265,4,0.63,0.16695,60.936749999999996
150730,LIMA,HUAROCHIRI,SANTIAGO DE TUNA,SIERRA,DISTRITAL,Sierra con Población urbana de hasta 10 mil habitantes,353,279,74,0.56,0.15624000000000002,57.02760000000001
150731,LIMA,HUAROCHIRI,SANTO DOMINGO DE LOS OLLEROS,COSTA,DISTRITAL,Costa con Población urbana de hasta 10 mil habitantes,3365,519,2846,0.4881283256607997,0.2533386010179551,92.4685893715536
150732,LIMA,HUAROCHIRI,SURCO,SIERRA,DISTRITAL,Sierra con Población urbana de hasta 10 mil habitantes,1322,945,377,0.4452923055521492,0.420801228746781,153.59244849257507
150801,LIMA,HUAURA,HUACHO,COSTA,PROVINCIAL,Costa con Población urbana de más de 50 mil habitantes,72159,71471,688,0.75,53.60325,19565.186250000002
150802,LIMA,HUAURA,AMBAR,COSTA,DISTRITAL,Costa con Población urbana de hasta 10 mil habitantes,1991,349,1642,0.4881283256607997,0.1703567856556191,62.18022676430097
150803,LIMA,HUAURA,CALETA DE CARQUIN,COSTA,DISTRITAL,Costa con Población urbana de hasta 10 mil habitantes,9126,9002,124,0.3,2.7006,985.719
150804,LIMA,HUAURA,CHECRAS,SIERRA,DISTRITAL,Sierra con Población urbana de hasta 10 mil habitantes,832,463,369,0.4452923055521492,0.2061703374706451,75.25217317678546
150805,LIMA,HUAURA,HUALMAY,COSTA,DISTRITAL,Costa con Población urbana entre 10 mil y 50 mil habitantes,29126,29033,93,0.75,21.77475,7947.7837500000005
150806,LIMA,HUAURA,HUAURA,COSTA,DISTRITAL,Costa con Población urbana entre 10 mil y 50 mil habitantes,37758,33623,4135,0.68,22.863640000000004,8345.228600000002
150807,LIMA,HUAURA,LEONCIO PRADO,SIERRA,DISTRITAL,Sierra con Población urbana de hasta 10 mil habitantes,1957,468,1489,0.44,0.20592,75.1608
150808,LIMA,HUAURA,PACCHO,SIERRA,DISTRITAL,Sierra con Población urbana de hasta 10 mil habitantes,1454,840,614,0.4452923055521492,0.37404553666380536,136.52662088228897
150809,LIMA,HUAURA,SANTA LEONOR,SIERRA,DISTRITAL,Sierra con Población urbana de hasta 10 mil habitantes,786,476,310,0.4452923055521492,0.21195913744282302,77.36508516663041
150810,LIMA,HUAURA,SANTA MARIA,COSTA,DISTRITAL,Costa con Población urbana entre 10 mil y 50 mil habitantes,40340,37455,2885,0.49,18.35295,6698.82675
150811,LIMA,HUAURA,SAYAN,COSTA,DISTRITAL,Costa con Población urbana entre 10 mil y 50 mil habitantes,25199,16343,8856,0.521567928503992,8.523984655540742,3111.254399272371
150812,LIMA,HUAURA,VEGUETA,COSTA,DISTRITAL,Costa con Población urbana entre 10 mil y 50 mil habitantes,29269,24986,4283,0.49,12.243139999999999,4468.746099999999
150901,LIMA,OYON,OYON,SIERRA,PROVINCIAL,Sierra con Población urbana de hasta 10 mil habitantes,11863,9672,2191,0.38,3.67536,1341.5064
150902,LIMA,OYON,ANDAJES,SIERRA,DISTRITAL,Sierra con Población urbana de hasta 10 mil habitantes,447,294,153,0.4452923055521492,0.13091593783233188,47.784317308801135
150903,LIMA,OYON,CAUJUL,SIERRA,DISTRITAL,Sierra con Población urbana de hasta 10 mil habitantes,486,182,304,0.4452923055521492,0.08104319961049115,29.580767857829272
150904,LIMA,OYON,COCHAMARCA,SIERRA,DISTRITAL,Sierra con Población urbana de hasta 10 mil habitantes,982,292,690,0.4452923055521492,0.13002535322122757,47.459253925748065
150905,LIMA,OYON,NAVAN,SIERRA,DISTRITAL,Sierra con Población urbana de hasta 10 mil habitantes,801,231,570,0.4452923055521492,0.10286252258254648,37.54482074262947
150906,LIMA,OYON,PACHANGARA,SIERRA,DISTRITAL,Sierra con Población urbana de hasta 10 mil habitantes,2273,1806,467,0.26,0.46956,171.3894
151001,LIMA,YAUYOS,YAUYOS,SIERRA,PROVINCIAL,Sierra con Población urbana de hasta 10 mil habitantes,1200,1002,198,0.45,0.4509,164.57850000000002
151002,LIMA,YAUYOS,ALIS,SIERRA,DISTRITAL,Sierra con Población urbana de hasta 10 mil habitantes,1474,225,1249,0.4452923055521492,0.10019076874923356,36.56963059347025
151003,LIMA,YAUYOS,AYAUCA,SIERRA,DISTRITAL,Sierra con Población urbana de hasta 10 mil habitantes,999,423,576,0.4452923055521492,0.18835864524855914,68.75090551572409
151004,LIMA,YAUYOS,AYAVIRI,SIERRA,DISTRITAL,Sierra con Población urbana de hasta 10 mil habitantes,491,469,22,0.52,0.24387999999999999,89.0162
151005,LIMA,YAUYOS,AZANGARO,SIERRA,DISTRITAL,Sierra con Población urbana de hasta 10 mil habitantes,389,120,269,0.4452923055521492,0.05343507666625791,19.503802983184137
151006,LIMA,YAUYOS,CACRA,SIERRA,DISTRITAL,Sierra con Población urbana de hasta 10 mil habitantes,522,203,319,0.4452923055521492,0.0903943380270863,32.9939333798865
151007,LIMA,YAUYOS,CARANIA,SIERRA,DISTRITAL,Sierra con Población urbana de hasta 10 mil habitantes,142,107,35,0.77,0.08239,30.07235
151008,LIMA,YAUYOS,CATAHUASI,SIERRA,DISTRITAL,Sierra con Población urbana de hasta 10 mil habitantes,1063,704,359,0.4452923055521492,0.31348578310871306,114.42231083468026
151009,LIMA,YAUYOS,CHOCOS,SIERRA,DISTRITAL,Sierra con Población urbana de hasta 10 mil habitantes,736,229,507,0.4452923055521492,0.10197193797144218,37.21975735957639
151010,LIMA,YAUYOS,COCHAS,SIERRA,DISTRITAL,Sierra con Población urbana de hasta 10 mil habitantes,205,192,13,0.4452923055521492,0.08549612266601266,31.20608477309462
151011,LIMA,YAUYOS,COLONIA,SIERRA,DISTRITAL,Sierra con Población urbana de hasta 10 mil habitantes,1049,383,666,0.4452923055521492,0.17054695302647316,62.2496378546627
151012,LIMA,YAUYOS,HONGOS,SIERRA,DISTRITAL,Sierra con Población urbana de hasta 10 mil habitantes,307,275,32,0.57,0.15675,57.21375
151013,LIMA,YAUYOS,HUAMPARA,SIERRA,DISTRITAL,Sierra con Población urbana de hasta 10 mil habitantes,127,119,8,0.55,0.06545000000000001,23.889250000000004
151014,LIMA,YAUYOS,HUANCAYA,SIERRA,DISTRITAL,Sierra con Población urbana de hasta 10 mil habitantes,474,406,68,0.47,0.19082,69.6493
151015,LIMA,YAUYOS,HUANGASCAR,SIERRA,DISTRITAL,Sierra con Población urbana de hasta 10 mil habitantes,642,357,285,0.4452923055521492,0.15896935308211727,58.0238138749728
151016,LIMA,YAUYOS,HUANTAN,SIERRA,DISTRITAL,Sierra con Población urbana de hasta 10 mil habitantes,945,593,352,0.4452923055521492,0.26405833719242444,96.38129307523492
151017,LIMA,YAUYOS,HUAÑEC,SIERRA,DISTRITAL,Sierra con Población urbana de hasta 10 mil habitantes,441,410,31,0.4452923055521492,0.18256984527638118,66.63799352587912
151018,LIMA,YAUYOS,LARAOS,SIERRA,DISTRITAL,Sierra con Población urbana de hasta 10 mil habitantes,481,333,148,0.41,0.13653,49.833450000000006
151019,LIMA,YAUYOS,LINCHA,SIERRA,DISTRITAL,Sierra con Población urbana de hasta 10 mil habitantes,379,101,278,0.4452923055521492,0.04497452286076707,16.41570084417998
151020,LIMA,YAUYOS,MADEAN,SIERRA,DISTRITAL,Sierra con Población urbana de hasta 10 mil habitantes,504,173,331,0.4452923055521492,0.07703556886052182,28.117982634090463
151021,LIMA,YAUYOS,MIRAFLORES,SIERRA,DISTRITAL,Sierra con Población urbana de hasta 10 mil habitantes,191,150,41,0.8,0.12,43.8
151022,LIMA,YAUYOS,OMAS,SIERRA,DISTRITAL,Sierra con Población urbana de hasta 10 mil habitantes,615,347,268,0.4452923055521492,0.15451643002659576,56.39849695970745
151023,LIMA,YAUYOS,PUTINZA,SIERRA,DISTRITAL,Sierra con Población urbana de hasta 10 mil habitantes,526,474,52,0.4452923055521492,0.21106855283171874,77.04002178357734
151024,LIMA,YAUYOS,QUINCHES,SIERRA,DISTRITAL,Sierra con Población urbana de hasta 10 mil habitantes,510,335,175,0.4452923055521492,0.14917292235996998,54.448116661389044
151025,LIMA,YAUYOS,QUINOCAY,SIERRA,DISTRITAL,Sierra con Población urbana de hasta 10 mil habitantes,392,329,63,0.46,0.15134,55.2391
151026,LIMA,YAUYOS,SAN JOAQUIN,SIERRA,DISTRITAL,Sierra con Población urbana de hasta 10 mil habitantes,146,121,25,0.54,0.06534000000000001,23.849100000000004
151027,LIMA,YAUYOS,SAN PEDRO DE PILAS,SIERRA,DISTRITAL,Sierra con Población urbana de hasta 10 mil habitantes,251,192,59,0.43,0.08256000000000001,30.134400000000003
151028,LIMA,YAUYOS,TANTA,SIERRA,DISTRITAL,Sierra con Población urbana de hasta 10 mil habitantes,505,489,16,0.71,0.34719,126.72435
151029,LIMA,YAUYOS,TAURIPAMPA,SIERRA,DISTRITAL,Sierra con Población urbana de hasta 10 mil habitantes,481,349,132,0.4452923055521492,0.1554070146377001,56.723560342760535
151030,LIMA,YAUYOS,TOMAS,SIERRA,DISTRITAL,Sierra con Población urbana de hasta 10 mil habitantes,436,191,245,0.4452923055521492,0.08505083036046049,31.043553081568078
151031,LIMA,YAUYOS,TUPE,SIERRA,DISTRITAL,Sierra con Población urbana de hasta 10 mil habitantes,472,266,206,0.4452923055521492,0.1184477532768717,43.233429946058166
151032,LIMA,YAUYOS,VIÑAC,SIERRA,DISTRITAL,Sierra con Población urbana de hasta 10 mil habitantes,1606,576,1030,0.4452923055521492,0.256488367998038,93.61825431928386
151033,LIMA,YAUYOS,VITIS,SIERRA,DISTRITAL,Sierra con Población urbana de hasta 10 mil habitantes,248,236,12,0.2,0.047200000000000006,17.228
160101,LORETO,MAYNAS,IQUITOS,SELVA,PROVINCIAL,Selva con Población urbana de más de 50 mil habitantes,164196,161946,2250,0.59,95.54814,34875.0711
160102,LORETO,MAYNAS,ALTO NANAY,SELVA,DISTRITAL,Selva con Población urbana de hasta 10 mil habitantes,3372,745,2627,0.5188473382439173,0.38654126699171837,141.0875624519772
160103,LORETO,MAYNAS,FERNANDO LORES,SELVA,DISTRITAL,Selva con Población urbana de hasta 10 mil habitantes,13577,5585,7992,0.52,2.9042000000000003,1060.0330000000001
160104,LORETO,MAYNAS,INDIANA,SELVA,DISTRITAL,Selva con Población urbana de hasta 10 mil habitantes,11604,4103,7501,0.55,2.25665,823.6772500000001
160105,LORETO,MAYNAS,LAS AMAZONAS,SELVA,DISTRITAL,Selva con Población urbana de hasta 10 mil habitantes,8249,2453,5796,0.5188473382439173,1.272732520712329,464.5473700600001
160106,LORETO,MAYNAS,MAZAN,SELVA,DISTRITAL,Selva con Población urbana de hasta 10 mil habitantes,14164,5092,9072,0.5188473382439173,2.641970646338027,964.3192859133798
160107,LORETO,MAYNAS,NAPO,SELVA,DISTRITAL,Selva con Población urbana de hasta 10 mil habitantes,17988,3971,14017,0.3,1.1913,434.8245
160108,LORETO,MAYNAS,PUNCHANA,SELVA,DISTRITAL,Selva con Población urbana de más de 50 mil habitantes,90609,82721,7888,0.57,47.150969999999994,17210.104049999998
160110,LORETO,MAYNAS,TORRES CAUSANA,SELVA,DISTRITAL,Selva con Población urbana de hasta 10 mil habitantes,5068,480,4588,0.5188473382439173,0.24904672235708028,90.9020536603343
160112,LORETO,MAYNAS,BELEN,SELVA,DISTRITAL,Selva con Población urbana de más de 50 mil habitantes,71162,61698,9464,0.68,41.95464,15313.443599999999
160113,LORETO,MAYNAS,SAN JUAN BAUTISTA,SELVA,DISTRITAL,Selva con Población urbana de más de 50 mil habitantes,159614,141026,18588,0.68,95.89768000000001,35002.6532
160201,LORETO,ALTO AMAZONAS,YURIMAGUAS,SELVA,PROVINCIAL,Selva con Población urbana de más de 50 mil habitantes,108870,88288,20582,0.77,67.98176,24813.342399999998
160202,LORETO,ALTO AMAZONAS,BALSAPUERTO,SELVA,DISTRITAL,Selva con Población urbana de hasta 10 mil habitantes,17360,1111,16249,0.5188473382439173,0.5764393927889921,210.40037836798214
160205,LORETO,ALTO AMAZONAS,JEBEROS,SELVA,DISTRITAL,Selva con Población urbana de hasta 10 mil habitantes,4712,2526,2186,0.5188473382439173,1.310608376404135,478.37205738750924
160206,LORETO,ALTO AMAZONAS,LAGUNAS,SELVA,DISTRITAL,Selva con Población urbana de hasta 10 mil habitantes,13739,8505,5234,0.5188473382439173,4.4127966117645165,1610.6707632940486
160210,LORETO,ALTO AMAZONAS,SANTA CRUZ,SELVA,DISTRITAL,Selva con Población urbana de hasta 10 mil habitantes,4296,842,3454,0.5188473382439173,0.43686945880137834,159.45735246250308
160211,LORETO,ALTO AMAZONAS,TENIENTE CESAR LOPEZ ROJAS,SELVA,DISTRITAL,Selva con Población urbana de hasta 10 mil habitantes,6259,3317,2942,0.5188473382439173,1.7210166209550737,628.1710666486019
160301,LORETO,LORETO,NAUTA,SELVA,PROVINCIAL,Selva con Población urbana entre 10 mil y 50 mil habitantes,34208,23036,11172,0.65,14.9734,5465.291
160302,LORETO,LORETO,PARINARI,SELVA,DISTRITAL,Selva con Población urbana de hasta 10 mil habitantes,6081,1404,4677,0.5188473382439173,0.7284616628944599,265.88850695647784
160303,LORETO,LORETO,TIGRE,SELVA,DISTRITAL,Selva con Población urbana de hasta 10 mil habitantes,7622,2080,5542,0.5188473382439173,1.0792024635473478,393.90889919478195
160304,LORETO,LORETO,TROMPETEROS,SELVA,DISTRITAL,Selva con Población urbana de hasta 10 mil habitantes,11281,2810,8471,0.5188473382439173,1.4579610204654074,532.1557724698737
160305,LORETO,LORETO,URARINAS,SELVA,DISTRITAL,Selva con Población urbana de hasta 10 mil habitantes,14079,2908,11171,0.5188473382439173,1.5088080596133113,550.7149417588587
160401,LORETO,MARISCAL RAMON CASTILLA,RAMON CASTILLA,SELVA,PROVINCIAL,Selva con Población urbana entre 10 mil y 50 mil habitantes,24655,12928,11727,0.7,9.049599999999998,3303.1039999999994
160402,LORETO,MARISCAL RAMON CASTILLA,PEBAS,SELVA,DISTRITAL,Selva con Población urbana de hasta 10 mil habitantes,12538,3786,8752,0.5,1.893,690.945
160403,LORETO,MARISCAL RAMON CASTILLA,YAVARI,SELVA,DISTRITAL,Selva con Población urbana de hasta 10 mil habitantes,9998,1837,8161,0.56,1.02872,375.48280000000005
160404,LORETO,MARISCAL RAMON CASTILLA,SAN PABLO,SELVA,DISTRITAL,Selva con Población urbana de hasta 10 mil habitantes,12762,3548,9214,0.5188473382439173,1.8408703560894184,671.9176799726378
160501,LORETO,REQUENA,REQUENA,SELVA,PROVINCIAL,Selva con Población urbana entre 10 mil y 50 mil habitantes,28209,25059,3150,0.66,16.538940000000004,6036.713100000002
160502,LORETO,REQUENA,ALTO TAPICHE,SELVA,DISTRITAL,Selva con Población urbana de hasta 10 mil habitantes,1579,621,958,0.43,0.26703,97.46594999999999
160503,LORETO,REQUENA,CAPELO,SELVA,DISTRITAL,Selva con Población urbana de hasta 10 mil habitantes,2224,1452,772,0.5188473382439173,0.7533663351301678,274.9787123225112
160504,LORETO,REQUENA,EMILIO SAN MARTIN,SELVA,DISTRITAL,Selva con Población urbana de hasta 10 mil habitantes,6821,2807,4014,0.5188473382439173,1.4564044784506758,531.5876346344967
160505,LORETO,REQUENA,MAQUIA,SELVA,DISTRITAL,Selva con Población urbana de hasta 10 mil habitantes,8758,2704,6054,0.5188473382439173,1.4029632026115524,512.0815689532167
160506,LORETO,REQUENA,PUINAHUA,SELVA,DISTRITAL,Selva con Población urbana de hasta 10 mil habitantes,4498,2312,2186,0.5188473382439173,1.1995750460199368,437.84489179727694
160507,LORETO,REQUENA,SAQUENA,SELVA,DISTRITAL,Selva con Población urbana de hasta 10 mil habitantes,3074,926,2148,0.5188473382439173,0.4804526352138674,175.3652118530616
160508,LORETO,REQUENA,SOPLIN,SELVA,DISTRITAL,Selva con Población urbana de hasta 10 mil habitantes,706,232,474,0.5188473382439173,0.12037258247258881,43.93599260249491
160509,LORETO,REQUENA,TAPICHE,SELVA,DISTRITAL,Selva con Población urbana de hasta 10 mil habitantes,934,488,446,0.5188473382439173,0.2531975010630316,92.41708788800655
160510,LORETO,REQUENA,JENARO HERRERA,SELVA,DISTRITAL,Selva con Población urbana de hasta 10 mil habitantes,5065,3881,1184,0.26152826510721244,1.0149911968810914,370.4717868615984
160511,LORETO,REQUENA,YAQUERANA,SELVA,DISTRITAL,Selva con Población urbana de hasta 10 mil habitantes,2232,785,1447,0.5188473382439173,0.4072951605214751,148.6627335903384
160601,LORETO,UCAYALI,CONTAMANA,SELVA,PROVINCIAL,Selva con Población urbana entre 10 mil y 50 mil habitantes,28991,20373,8618,0.8,16.2984,5948.916
160602,LORETO,UCAYALI,INAHUAYA,SELVA,DISTRITAL,Selva con Población urbana de hasta 10 mil habitantes,1698,958,740,0.5188473382439173,0.4970557500376727,181.42534876375055
160603,LORETO,UCAYALI,PADRE MARQUEZ,SELVA,DISTRITAL,Selva con Población urbana de hasta 10 mil habitantes,3239,1255,1984,0.5188473382439173,0.6511534094961162,237.67099446608242
160604,LORETO,UCAYALI,PAMPA HERMOSA,SELVA,DISTRITAL,Selva con Población urbana de hasta 10 mil habitantes,6078,1628,4450,0.5188473382439173,0.8446834666610973,308.3094653313005
160605,LORETO,UCAYALI,SARAYACU,SELVA,DISTRITAL,Selva con Población urbana de hasta 10 mil habitantes,15320,5657,9663,0.5188473382439173,2.9351193924458396,1071.3185782427315
160606,LORETO,UCAYALI,VARGAS GUERRA,SELVA,DISTRITAL,Selva con Población urbana de hasta 10 mil habitantes,7495,6171,1324,0.38,2.34498,855.9177
160701,LORETO,DATEM DEL MARAÑON,BARRANCA,SELVA,PROVINCIAL,Selva con Población urbana entre 10 mil y 50 mil habitantes,16355,10787,5568,0.71,7.65877,2795.4510499999997
160702,LORETO,DATEM DEL MARAÑON,CAHUAPANAS,SELVA,DISTRITAL,Selva con Población urbana de hasta 10 mil habitantes,8052,983,7069,0.6,0.5898,215.277
160703,LORETO,DATEM DEL MARAÑON,MANSERICHE,SELVA,DISTRITAL,Selva con Población urbana de hasta 10 mil habitantes,9506,3024,6482,0.5188473382439173,1.5689943508496058,572.6829380601062
160704,LORETO,DATEM DEL MARAÑON,MORONA,SELVA,DISTRITAL,Selva con Población urbana de hasta 10 mil habitantes,4355,1869,2486,0.5188473382439173,0.9697256751778813,353.9498714399267
160705,LORETO,DATEM DEL MARAÑON,PASTAZA,SELVA,DISTRITAL,Selva con Población urbana de hasta 10 mil habitantes,6129,2197,3932,0.5188473382439173,1.1399076021218861,416.0662747744884
160706,LORETO,DATEM DEL MARAÑON,ANDOAS,SELVA,DISTRITAL,Selva con Población urbana de hasta 10 mil habitantes,16425,1912,14513,0.2,0.3824,139.576
160801,LORETO,PUTUMAYO,PUTUMAYO,SELVA,PROVINCIAL,Selva con Población urbana de hasta 10 mil habitantes,4452,3605,847,0.65,2.34325,855.28625
160802,LORETO,PUTUMAYO,ROSA PANDURO,SELVA,DISTRITAL,Selva con Población urbana de hasta 10 mil habitantes,608,268,340,0.5188473382439173,0.13905108664936983,50.75364662701999
160803,LORETO,PUTUMAYO,TENIENTE MANUEL CLAVERO,SELVA,DISTRITAL,Selva con Población urbana de hasta 10 mil habitantes,2408,493,1915,0.5188473382439173,0.25579173775425124,93.36398428030171
160804,LORETO,PUTUMAYO,YAGUAS,SELVA,DISTRITAL,Selva con Población urbana de hasta 10 mil habitantes,1610,208,1402,0.5188473382439173,0.10792024635473478,39.3908899194782
170101,MADRE DE DIOS,TAMBOPATA,TAMBOPATA,SELVA,PROVINCIAL,Selva con Población urbana de más de 50 mil habitantes,106751,102358,4393,0.65,66.53269999999999,24284.435499999996
170102,MADRE DE DIOS,TAMBOPATA,INAMBARI,SELVA,DISTRITAL,Selva con Población urbana entre 10 mil y 50 mil habitantes,16494,10662,5832,0.6053681099427087,6.454434788209161,2355.8686976963436
170103,MADRE DE DIOS,TAMBOPATA,LAS PIEDRAS,SELVA,DISTRITAL,Selva con Población urbana entre 10 mil y 50 mil habitantes,21575,18459,3116,0.6053681099427087,11.17448994143246,4078.688828622848
170104,MADRE DE DIOS,TAMBOPATA,LABERINTO,SELVA,DISTRITAL,Selva con Población urbana de hasta 10 mil habitantes,6741,5276,1465,0.5188473382439173,2.7374385565749075,999.1650731498413
170201,MADRE DE DIOS,MANU,MANU,SELVA,PROVINCIAL,Selva con Población urbana de hasta 10 mil habitantes,2302,1111,1191,0.32,0.35552,129.7648
170202,MADRE DE DIOS,MANU,FITZCARRALD,SELVA,DISTRITAL,Selva con Población urbana de hasta 10 mil habitantes,1570,144,1426,0.5188473382439173,0.07471401670712409,27.27061609810029
170203,MADRE DE DIOS,MANU,MADRE DE DIOS,SELVA,DISTRITAL,Selva con Población urbana de hasta 10 mil habitantes,6363,1979,4384,0.5188473382439173,1.0267988823847123,374.78159207042
170204,MADRE DE DIOS,MANU,HUEPETUHE,SELVA,DISTRITAL,Selva con Población urbana de hasta 10 mil habitantes,10965,7925,3040,0.45,3.56625,1301.68125
170301,MADRE DE DIOS,TAHUAMANU,IÑAPARI,SELVA,PROVINCIAL,Selva con Población urbana de hasta 10 mil habitantes,3393,2606,787,0.49,1.27694,466.0831
170302,MADRE DE DIOS,TAHUAMANU,IBERIA,SELVA,DISTRITAL,Selva con Población urbana de hasta 10 mil habitantes,5696,5417,279,0.42,2.27514,830.4261
170303,MADRE DE DIOS,TAHUAMANU,TAHUAMANU,SELVA,DISTRITAL,Selva con Población urbana de hasta 10 mil habitantes,3628,1877,1751,0.8,1.5016,548.0840000000001
180101,MOQUEGUA,MARISCAL NIETO,MOQUEGUA,COSTA,PROVINCIAL,Costa con Población urbana entre 10 mil y 50 mil habitantes,47754,46164,1590,0.58,26.775119999999998,9772.9188
180102,MOQUEGUA,MARISCAL NIETO,CARUMAS,SIERRA,DISTRITAL,Sierra con Población urbana de hasta 10 mil habitantes,2152,1154,998,0.42,0.48468,176.9082
180103,MOQUEGUA,MARISCAL NIETO,CUCHUMBAYA,SIERRA,DISTRITAL,Sierra con Población urbana de hasta 10 mil habitantes,685,506,179,0.8,0.4048,147.752
180104,MOQUEGUA,MARISCAL NIETO,SAMEGUA,COSTA,DISTRITAL,Costa con Población urbana de hasta 10 mil habitantes,10104,9188,916,0.72,6.61536,2414.6064
180105,MOQUEGUA,MARISCAL NIETO,SAN CRISTOBAL,SIERRA,DISTRITAL,Sierra con Población urbana de hasta 10 mil habitantes,1481,1399,82,0.4452923055521492,0.6229639354674568,227.38183644562173
180106,MOQUEGUA,MARISCAL NIETO,TORATA,SIERRA,DISTRITAL,Sierra con Población urbana de hasta 10 mil habitantes,6736,3046,3690,0.38,1.15748,422.4802
180107,MOQUEGUA,MARISCAL NIETO,SAN ANTONIO 19/,SIERRA,DISTRITAL,Sierra con Población urbana entre 10 mil y 50 mil habitantes,29005,27613,1392,0.5107047368280869,14.102089898033965,5147.262812782397
180201,MOQUEGUA,GENERAL SANCHEZ CERRO,OMATE,SIERRA,PROVINCIAL,Sierra con Población urbana de hasta 10 mil habitantes,3002,2021,981,0.55,1.1115500000000003,405.71575000000007
180202,MOQUEGUA,GENERAL SANCHEZ CERRO,CHOJATA,SIERRA,DISTRITAL,Sierra con Población urbana de hasta 10 mil habitantes,520,230,290,0.4452923055521492,0.10241723027699431,37.38228905110292
180203,MOQUEGUA,GENERAL SANCHEZ CERRO,COALAQUE,SIERRA,DISTRITAL,Sierra con Población urbana de hasta 10 mil habitantes,926,297,629,0.4452923055521492,0.1322518147489883,48.27191238338073
180204,MOQUEGUA,GENERAL SANCHEZ CERRO,ICHUÑA,SIERRA,DISTRITAL,Sierra con Población urbana de hasta 10 mil habitantes,2893,686,2207,0.4452923055521492,0.30547052160877436,111.49674038720264
180205,MOQUEGUA,GENERAL SANCHEZ CERRO,LA CAPILLA,SIERRA,DISTRITAL,Sierra con Población urbana de hasta 10 mil habitantes,467,77,390,0.4452923055521492,0.034287507527515484,12.514940247543151
180206,MOQUEGUA,GENERAL SANCHEZ CERRO,LLOQUE,SIERRA,DISTRITAL,Sierra con Población urbana de hasta 10 mil habitantes,431,366,65,0.3,0.1098,40.077
180207,MOQUEGUA,GENERAL SANCHEZ CERRO,MATALAQUE,SIERRA,DISTRITAL,Sierra con Población urbana de hasta 10 mil habitantes,355,123,232,0.4452923055521492,0.05477095358291435,19.99139805776374
180208,MOQUEGUA,GENERAL SANCHEZ CERRO,PUQUINA,SIERRA,DISTRITAL,Sierra con Población urbana de hasta 10 mil habitantes,2436,1747,689,0.4452923055521492,0.7779256577996047,283.9428650968557
180209,MOQUEGUA,GENERAL SANCHEZ CERRO,QUINISTAQUILLAS,SIERRA,DISTRITAL,Sierra con Población urbana de hasta 10 mil habitantes,430,250,180,0.4452923055521492,0.1113230763880373,40.63292288163362
180210,MOQUEGUA,GENERAL SANCHEZ CERRO,UBINAS,SIERRA,DISTRITAL,Sierra con Población urbana de hasta 10 mil habitantes,1404,724,680,0.4452923055521492,0.32239162921975606,117.67294466521096
180211,MOQUEGUA,GENERAL SANCHEZ CERRO,YUNGA,SIERRA,DISTRITAL,Sierra con Población urbana de hasta 10 mil habitantes,750,427,323,0.4452923055521492,0.1901398144707677,69.40103228183021
180301,MOQUEGUA,ILO,ILO,COSTA,PROVINCIAL,Costa con Población urbana de más de 50 mil habitantes,71753,71289,464,0.54,38.49606000000001,14051.061900000002
180302,MOQUEGUA,ILO,EL ALGARROBAL,COSTA,DISTRITAL,Costa con Población urbana de hasta 10 mil habitantes,9437,9365,72,0.4,3.746,1367.29
180303,MOQUEGUA,ILO,PACOCHA,COSTA,DISTRITAL,Costa con Población urbana de hasta 10 mil habitantes,4616,4596,20,0.47,2.16012,788.4438
190101,PASCO,PASCO,CHAUPIMARCA,SIERRA,PROVINCIAL,Sierra con Población urbana entre 10 mil y 50 mil habitantes,26481,26447,34,0.32,8.463040000000001,3089.0096000000003
190102,PASCO,PASCO,HUACHON,SIERRA,DISTRITAL,Sierra con Población urbana de hasta 10 mil habitantes,4557,2867,1690,0.54,1.5481800000000001,565.0857000000001
190103,PASCO,PASCO,HUARIACA,SIERRA,DISTRITAL,Sierra con Población urbana de hasta 10 mil habitantes,6703,6124,579,0.6,3.6744,1341.156
190104,PASCO,PASCO,HUAYLLAY,SIERRA,DISTRITAL,Sierra con Población urbana de hasta 10 mil habitantes,9182,6548,2634,0.45,2.9466,1075.509
190105,PASCO,PASCO,NINACACA,SIERRA,DISTRITAL,Sierra con Población urbana de hasta 10 mil habitantes,4144,2832,1312,0.21,0.59472,217.0728
190106,PASCO,PASCO,PALLANCHACRA,SIERRA,DISTRITAL,Sierra con Población urbana de hasta 10 mil habitantes,1344,469,875,0.6,0.2814,102.711
190107,PASCO,PASCO,PAUCARTAMBO,SIERRA,DISTRITAL,Sierra con Población urbana de hasta 10 mil habitantes,8528,5877,2651,0.54,3.1735800000000003,1158.3567
190108,PASCO,PASCO,SAN FCO.DE ASIS DE YARUSYAC,SIERRA,DISTRITAL,Sierra con Población urbana de hasta 10 mil habitantes,3144,1580,1564,0.36,0.5688,207.612
190109,PASCO,PASCO,SIMON BOLIVAR,SIERRA,DISTRITAL,Sierra con Población urbana entre 10 mil y 50 mil habitantes,12428,11480,948,0.32,3.6736,1340.864
190110,PASCO,PASCO,TICLACAYAN,SIERRA,DISTRITAL,Sierra con Población urbana de hasta 10 mil habitantes,2404,786,1618,0.3,0.23579999999999998,86.067
190111,PASCO,PASCO,TINYAHUARCO,SIERRA,DISTRITAL,Sierra con Población urbana de hasta 10 mil habitantes,7421,7321,100,0.45,3.2944500000000003,1202.4742500000002
190112,PASCO,PASCO,VICCO,SIERRA,DISTRITAL,Sierra con Población urbana de hasta 10 mil habitantes,3959,3717,242,0.21,0.78057,284.90805
190113,PASCO,PASCO,YANACANCHA,SIERRA,DISTRITAL,Sierra con Población urbana entre 10 mil y 50 mil habitantes,31151,28885,2266,0.32,9.2432,3373.768
190201,PASCO,DANIEL ALCIDES CARRIÓN,YANAHUANCA,SIERRA,PROVINCIAL,Sierra con Población urbana de hasta 10 mil habitantes,10898,8626,2272,0.41,3.53666,1290.8808999999999
190202,PASCO,DANIEL ALCIDES CARRIÓN,CHACAYAN,SIERRA,DISTRITAL,Sierra con Población urbana de hasta 10 mil habitantes,1588,1251,337,0.57,0.71307,260.27055
190203,PASCO,DANIEL ALCIDES CARRIÓN,GOYLLARISQUIZGA,SIERRA,DISTRITAL,Sierra con Población urbana de hasta 10 mil habitantes,1305,1151,154,0.43,0.49493,180.64945
190204,PASCO,DANIEL ALCIDES CARRIÓN,PAUCAR,SIERRA,DISTRITAL,Sierra con Población urbana de hasta 10 mil habitantes,1685,1376,309,0.32,0.44032,160.7168
190205,PASCO,DANIEL ALCIDES CARRIÓN,SAN PEDRO DE PILLAO,SIERRA,DISTRITAL,Sierra con Población urbana de hasta 10 mil habitantes,1308,1098,210,0.22,0.24156,88.1694
190206,PASCO,DANIEL ALCIDES CARRIÓN,SANTA ANA DE TUSI,SIERRA,DISTRITAL,Sierra con Población urbana de hasta 10 mil habitantes,24580,5108,19472,0.45,2.2986,838.989
190207,PASCO,DANIEL ALCIDES CARRIÓN,TAPUC,SIERRA,DISTRITAL,Sierra con Población urbana de hasta 10 mil habitantes,1952,1848,104,0.38,0.70224,256.31759999999997
190208,PASCO,DANIEL ALCIDES CARRIÓN,VILCABAMBA,SIERRA,DISTRITAL,Sierra con Población urbana de hasta 10 mil habitantes,2105,1557,548,0.32,0.49824,181.85760000000002
190301,PASCO,OXAPAMPA,OXAPAMPA,SELVA,PROVINCIAL,Selva con Población urbana entre 10 mil y 50 mil habitantes,17643,12148,5495,0.43,5.2236400000000005,1906.6286000000002
190302,PASCO,OXAPAMPA,CHONTABAMBA,SELVA,DISTRITAL,Selva con Población urbana de hasta 10 mil habitantes,6773,3325,3448,0.47,1.56275,570.4037500000001
190303,PASCO,OXAPAMPA,HUANCABAMBA,SELVA,DISTRITAL,Selva con Población urbana de hasta 10 mil habitantes,7123,3140,3983,0.41,1.2873999999999999,469.90099999999995
190304,PASCO,OXAPAMPA,PALCAZU,SELVA,DISTRITAL,Selva con Población urbana de hasta 10 mil habitantes,7902,1972,5930,0.5188473382439173,1.023166951017005,373.45593712120683
190305,PASCO,OXAPAMPA,POZUZO,SELVA,DISTRITAL,Selva con Población urbana de hasta 10 mil habitantes,4174,1336,2838,0.38,0.50768,185.3032
190306,PASCO,OXAPAMPA,PUERTO BERMUDEZ,SELVA,DISTRITAL,Selva con Población urbana de hasta 10 mil habitantes,22387,7932,14455,0.2,1.5864,579.0360000000001
190307,PASCO,OXAPAMPA,VILLA RICA,SELVA,DISTRITAL,Selva con Población urbana entre 10 mil y 50 mil habitantes,18466,13604,4862,0.51,6.93804,2532.3846
190308,PASCO,OXAPAMPA,CONSTITUCIÓN,SELVA,DISTRITAL,Selva con Población urbana de hasta 10 mil habitantes,17961,9845,8116,0.74,7.2853,2659.1345
200101,PIURA,PIURA,PIURA,COSTA,PROVINCIAL,Costa con Población urbana de más de 50 mil habitantes,184732,175095,9637,0.72,126.0684,46014.966
200104,PIURA,PIURA,CASTILLA,COSTA,DISTRITAL,Costa con Población urbana de más de 50 mil habitantes,193225,191084,2141,0.59,112.73956,41149.939399999996
200105,PIURA,PIURA,CATACAOS,COSTA,DISTRITAL,Costa con Población urbana de más de 50 mil habitantes,82839,79383,3456,0.55,43.660650000000004,15936.137250000002
200107,PIURA,PIURA,CURA MORI,COSTA,DISTRITAL,Costa con Población urbana entre 10 mil y 50 mil habitantes,20441,19188,1253,0.24,4.60512,1680.8688000000002
200108,PIURA,PIURA,EL TALLAN,COSTA,DISTRITAL,Costa con Población urbana de hasta 10 mil habitantes,5643,5207,436,0.64,3.33248,1216.3552
200109,PIURA,PIURA,LA ARENA,COSTA,DISTRITAL,Costa con Población urbana entre 10 mil y 50 mil habitantes,42102,37661,4441,0.25,9.41525,3436.5662500000003
200110,PIURA,PIURA,LA UNION,COSTA,DISTRITAL,Costa con Población urbana entre 10 mil y 50 mil habitantes,45471,44303,1168,0.51,22.59453,8247.00345
200111,PIURA,PIURA,LAS LOMAS,COSTA,DISTRITAL,Costa con Población urbana entre 10 mil y 50 mil habitantes,29345,11146,18199,0.67,7.467820000000001,2725.7543
200114,PIURA,PIURA,TAMBO GRANDE,COSTA,DISTRITAL,Costa con Población urbana entre 10 mil y 50 mil habitantes,128004,42021,85983,0.57,23.951969999999996,8742.469049999998
200115,PIURA,PIURA,VEINTISÉIS DE OCTUBRE,COSTA,DISTRITAL,Costa con Población urbana de más de 50 mil habitantes,197261,197139,122,0.55,108.42645000000002,39575.65425000001
200201,PIURA,AYABACA,AYABACA,COSTA,PROVINCIAL,Costa con Población urbana de hasta 10 mil habitantes,32156,5174,26982,0.33,1.7074200000000002,623.2083
200202,PIURA,AYABACA,FRIAS,COSTA,DISTRITAL,Costa con Población urbana de hasta 10 mil habitantes,21201,2037,19164,0.5,1.0185,371.7525
200203,PIURA,AYABACA,JILILI,COSTA,DISTRITAL,Costa con Población urbana de hasta 10 mil habitantes,2642,194,2448,0.67,0.12998,47.4427
200204,PIURA,AYABACA,LAGUNAS,COSTA,DISTRITAL,Costa con Población urbana de hasta 10 mil habitantes,5719,302,5417,0.4,0.1208,44.092
200205,PIURA,AYABACA,MONTERO,COSTA,DISTRITAL,Costa con Población urbana de hasta 10 mil habitantes,6547,991,5556,0.44,0.43604000000000004,159.15460000000002
200206,PIURA,AYABACA,PACAIPAMPA,COSTA,DISTRITAL,Costa con Población urbana de hasta 10 mil habitantes,23119,1309,21810,0.4881283256607997,0.6389599782899867,233.22039207584515
200207,PIURA,AYABACA,PAIMAS,COSTA,DISTRITAL,Costa con Población urbana de hasta 10 mil habitantes,10542,3097,7445,0.58,1.7962599999999997,655.6348999999999
200208,PIURA,AYABACA,SAPILLICA,COSTA,DISTRITAL,Costa con Población urbana de hasta 10 mil habitantes,10994,929,10065,0.4881283256607997,0.4534712145388829,165.51699330669226
200209,PIURA,AYABACA,SICCHEZ,COSTA,DISTRITAL,Costa con Población urbana de hasta 10 mil habitantes,1567,771,796,0.4881283256607997,0.3763469390844766,137.36663276583394
200210,PIURA,AYABACA,SUYO,COSTA,DISTRITAL,Costa con Población urbana de hasta 10 mil habitantes,12063,3305,8758,0.5,1.6525,603.1625
200301,PIURA,HUANCABAMBA,HUANCABAMBA,SIERRA,PROVINCIAL,Sierra con Población urbana de hasta 10 mil habitantes,29395,8257,21138,0.5,4.1285,1506.9025
200302,PIURA,HUANCABAMBA,CANCHAQUE,COSTA,DISTRITAL,Costa con Población urbana de hasta 10 mil habitantes,7449,2077,5372,0.4881283256607997,1.0138425323974811,370.0525243250806
200303,PIURA,HUANCABAMBA,EL CARMEN DE LA FRONTERA,SIERRA,DISTRITAL,Sierra con Población urbana de hasta 10 mil habitantes,11685,492,11193,0.27,0.13284,48.4866
200304,PIURA,HUANCABAMBA,HUARMACA,SIERRA,DISTRITAL,Sierra con Población urbana de hasta 10 mil habitantes,37259,3088,34171,0.2,0.6176,225.424
200305,PIURA,HUANCABAMBA,LALAQUIZ,COSTA,DISTRITAL,Costa con Población urbana de hasta 10 mil habitantes,4057,1234,2823,0.4881283256607997,0.6023503538654269,219.85787916088083
200306,PIURA,HUANCABAMBA,SAN MIGUEL DE EL FAIQUE,COSTA,DISTRITAL,Costa con Población urbana de hasta 10 mil habitantes,9461,2119,7342,0.67,1.41973,518.20145
200307,PIURA,HUANCABAMBA,SONDOR,SIERRA,DISTRITAL,Sierra con Población urbana de hasta 10 mil habitantes,7295,1197,6098,0.31,0.37107,135.44055
200308,PIURA,HUANCABAMBA,SONDORILLO,SIERRA,DISTRITAL,Sierra con Población urbana de hasta 10 mil habitantes,11298,607,10691,0.4452923055521492,0.2702924294701546,98.65673675660642
200401,PIURA,MORROPON,CHULUCANAS,COSTA,PROVINCIAL,Costa con Población urbana de más de 50 mil habitantes,91141,65367,25774,0.65,42.488550000000004,15508.32075
200402,PIURA,MORROPON,BUENOS AIRES,COSTA,DISTRITAL,Costa con Población urbana de hasta 10 mil habitantes,10468,8236,2232,0.43684030158730136,3.597816723873014,1313.20310421365
200403,PIURA,MORROPON,CHALACO,COSTA,DISTRITAL,Costa con Población urbana de hasta 10 mil habitantes,7478,960,6518,0.4881283256607997,0.4686031926343678,171.04016531154423
200404,PIURA,MORROPON,LA MATANZA,COSTA,DISTRITAL,Costa con Población urbana de hasta 10 mil habitantes,15428,9261,6167,0.61,5.64921,2061.96165
200405,PIURA,MORROPON,MORROPON,COSTA,DISTRITAL,Costa con Población urbana entre 10 mil y 50 mil habitantes,16377,12385,3992,0.57,7.05945,2576.69925
200406,PIURA,MORROPON,SALITRAL,COSTA,DISTRITAL,Costa con Población urbana de hasta 10 mil habitantes,9215,6186,3029,0.4881283256607997,3.019561822537707,1102.1400652262632
200407,PIURA,MORROPON,SAN JUAN DE BIGOTE,COSTA,DISTRITAL,Costa con Población urbana de hasta 10 mil habitantes,6697,3737,2960,0.54,2.01798,736.5627000000001
200408,PIURA,MORROPON,SANTA CATALINA DE MOSSA,COSTA,DISTRITAL,Costa con Población urbana de hasta 10 mil habitantes,3755,1445,2310,0.4881283256607997,0.7053454305798555,257.45108216164726
200409,PIURA,MORROPON,SANTO DOMINGO,COSTA,DISTRITAL,Costa con Población urbana de hasta 10 mil habitantes,5750,881,4869,0.4881283256607997,0.43004105490716454,156.96498504111506
200410,PIURA,MORROPON,YAMANGO,COSTA,DISTRITAL,Costa con Población urbana de hasta 10 mil habitantes,8612,1648,6964,0.4881283256607997,0.804435480688998,293.61895045148424
200501,PIURA,PAITA,PAITA,COSTA,PROVINCIAL,Costa con Población urbana de más de 50 mil habitantes,106929,106920,9,0.4,42.768,15610.32
200502,PIURA,PAITA,AMOTAPE,COSTA,DISTRITAL,Costa con Población urbana de hasta 10 mil habitantes,2565,2467,98,0.68,1.6775600000000002,612.3094000000001
200503,PIURA,PAITA,ARENAL,COSTA,DISTRITAL,Costa con Población urbana de hasta 10 mil habitantes,1270,1000,270,0.68,0.68,248.20000000000002
200504,PIURA,PAITA,COLAN,COSTA,DISTRITAL,Costa con Población urbana entre 10 mil y 50 mil habitantes,17379,15377,2002,0.32,4.920640000000001,1796.0336000000002
200505,PIURA,PAITA,LA HUACA,COSTA,DISTRITAL,Costa con Población urbana entre 10 mil y 50 mil habitantes,14510,13277,1233,0.48,6.37296,2326.1304
200506,PIURA,PAITA,TAMARINDO,COSTA,DISTRITAL,Costa con Población urbana de hasta 10 mil habitantes,5479,5362,117,0.28927520760233916,1.5510936631637426,566.1491870547661
200507,PIURA,PAITA,VICHAYAL,COSTA,DISTRITAL,Costa con Población urbana de hasta 10 mil habitantes,6338,4505,1833,0.44,1.9822,723.503
200601,PIURA,SULLANA,SULLANA,COSTA,PROVINCIAL,Costa con Población urbana de más de 50 mil habitantes,193254,181535,11719,0.67,121.62845000000002,44394.38425
200602,PIURA,SULLANA,BELLAVISTA,COSTA,DISTRITAL,Costa con Población urbana entre 10 mil y 50 mil habitantes,39384,39384,0,0.51,20.08584,7331.3316
200603,PIURA,SULLANA,IGNACIO ESCUDERO,COSTA,DISTRITAL,Costa con Población urbana entre 10 mil y 50 mil habitantes,22210,21984,226,0.54,11.871360000000001,4333.0464
200604,PIURA,SULLANA,LANCONES,COSTA,DISTRITAL,Costa con Población urbana de hasta 10 mil habitantes,13363,463,12900,0.43,0.19909000000000002,72.66785
200605,PIURA,SULLANA,MARCAVELICA,COSTA,DISTRITAL,Costa con Población urbana entre 10 mil y 50 mil habitantes,33129,30466,2663,0.59,17.97494,6560.8531
200606,PIURA,SULLANA,MIGUEL CHECA,COSTA,DISTRITAL,Costa con Población urbana entre 10 mil y 50 mil habitantes,10587,10262,325,0.63,6.46506,2359.7469
200607,PIURA,SULLANA,QUERECOTILLO,COSTA,DISTRITAL,Costa con Población urbana entre 10 mil y 50 mil habitantes,28667,25660,3007,0.48,12.316799999999999,4495.632
200608,PIURA,SULLANA,SALITRAL,COSTA,DISTRITAL,Costa con Población urbana de hasta 10 mil habitantes,7884,7124,760,0.54,3.84696,1404.1404
200701,PIURA,TALARA,PARIÑAS,COSTA,PROVINCIAL,Costa con Población urbana de más de 50 mil habitantes,107159,106493,666,0.51,54.31143,19823.67195
200702,PIURA,TALARA,EL ALTO,COSTA,DISTRITAL,Costa con Población urbana de hasta 10 mil habitantes,9205,9205,0,0.51,4.6945500000000004,1713.5107500000001
200703,PIURA,TALARA,LA BREA,COSTA,DISTRITAL,Costa con Población urbana entre 10 mil y 50 mil habitantes,13300,13040,260,0.44,5.7376000000000005,2094.224
200704,PIURA,TALARA,LOBITOS,COSTA,DISTRITAL,Costa con Población urbana de hasta 10 mil habitantes,1376,1327,49,0.31,0.41137,150.15005
200705,PIURA,TALARA,LOS ORGANOS,COSTA,DISTRITAL,Costa con Población urbana entre 10 mil y 50 mil habitantes,11895,11825,70,0.61,7.21325,2632.8362500000003
200706,PIURA,TALARA,MANCORA,COSTA,DISTRITAL,Costa con Población urbana entre 10 mil y 50 mil habitantes,14576,14394,182,0.51,7.340940000000001,2679.4431000000004
200801,PIURA,SECHURA,SECHURA,COSTA,PROVINCIAL,Costa con Población urbana de más de 50 mil habitantes,53899,51868,2031,0.61,31.63948,11548.4102
200802,PIURA,SECHURA,BELLAVISTA DE LA UNION,COSTA,DISTRITAL,Costa con Población urbana de hasta 10 mil habitantes,5413,5174,239,0.44,2.27656,830.9444
200803,PIURA,SECHURA,BERNAL,COSTA,DISTRITAL,Costa con Población urbana de hasta 10 mil habitantes,7944,7347,597,0.4,2.9388,1072.662
200804,PIURA,SECHURA,CRISTO NOS VALGA,COSTA,DISTRITAL,Costa con Población urbana de hasta 10 mil habitantes,5209,2952,2257,0.4881283256607997,1.4409548173506808,525.9485083329985
200805,PIURA,SECHURA,VICE,COSTA,DISTRITAL,Costa con Población urbana entre 10 mil y 50 mil habitantes,18553,18000,553,0.3,5.4,1971.0000000000002
200806,PIURA,SECHURA,RINCONADA LLICUAR,COSTA,DISTRITAL,Costa con Población urbana de hasta 10 mil habitantes,3189,3182,7,0.4881283256607997,1.5532243322526647,566.9268812722225
210101,PUNO,PUNO,PUNO,SIERRA,PROVINCIAL,Sierra con Población urbana de más de 50 mil habitantes,142897,131980,10917,0.67,88.42660000000001,32275.709000000003
210102,PUNO,PUNO,ACORA,SIERRA,DISTRITAL,Sierra con Población urbana de hasta 10 mil habitantes,21929,2018,19911,0.47,0.94846,346.1879
210103,PUNO,PUNO,AMANTANI,SIERRA,DISTRITAL,Sierra con Población urbana de hasta 10 mil habitantes,3202,210,2992,0.4452923055521492,0.09351138416595134,34.13165522057224
210104,PUNO,PUNO,ATUNCOLLA,SIERRA,DISTRITAL,Sierra con Población urbana de hasta 10 mil habitantes,4496,177,4319,0.4452923055521492,0.0788167380827304,28.768109400196597
210105,PUNO,PUNO,CAPACHICA,SIERRA,DISTRITAL,Sierra con Población urbana de hasta 10 mil habitantes,6433,530,5903,0.4452923055521492,0.23600492194263908,86.14179650906327
210106,PUNO,PUNO,CHUCUITO,SIERRA,DISTRITAL,Sierra con Población urbana de hasta 10 mil habitantes,7055,632,6423,0.4452923055521492,0.2814247371089583,102.72002904476979
210107,PUNO,PUNO,COATA,SIERRA,DISTRITAL,Sierra con Población urbana de hasta 10 mil habitantes,6595,1121,5474,0.4452923055521492,0.49917267452395925,182.1980262012451
210108,PUNO,PUNO,HUATA,SIERRA,DISTRITAL,Sierra con Población urbana de hasta 10 mil habitantes,2537,164,2373,0.4452923055521492,0.07302793811055247,26.65519741035165
210109,PUNO,PUNO,MAÑAZO,SIERRA,DISTRITAL,Sierra con Población urbana de hasta 10 mil habitantes,5149,1753,3396,0.4452923055521492,0.7805974116329175,284.9180552460149
210110,PUNO,PUNO,PAUCARCOLLA,SIERRA,DISTRITAL,Sierra con Población urbana de hasta 10 mil habitantes,4149,335,3814,0.4452923055521492,0.14917292235996998,54.448116661389044
210111,PUNO,PUNO,PICHACANI,SIERRA,DISTRITAL,Sierra con Población urbana de hasta 10 mil habitantes,6006,1635,4371,0.4452923055521492,0.728052919577764,265.73931564588383
210112,PUNO,PUNO,PLATERIA,SIERRA,DISTRITAL,Sierra con Población urbana de hasta 10 mil habitantes,6967,267,6700,0.4452923055521492,0.11889304558242383,43.3959616375847
210113,PUNO,PUNO,SAN ANTONIO,SIERRA,DISTRITAL,Sierra con Población urbana de hasta 10 mil habitantes,2627,169,2458,0.4452923055521492,0.07525439963831322,27.467855867984326
210114,PUNO,PUNO,TIQUILLACA,SIERRA,DISTRITAL,Sierra con Población urbana de hasta 10 mil habitantes,1509,193,1316,0.4452923055521492,0.0859414149715648,31.36861646462115
210115,PUNO,PUNO,VILQUE,SIERRA,DISTRITAL,Sierra con Población urbana de hasta 10 mil habitantes,2874,540,2334,0.4452923055521492,0.24045784499816056,87.7671134243286
210201,PUNO,AZANGARO,AZANGARO,SIERRA,PROVINCIAL,Sierra con Población urbana entre 10 mil y 50 mil habitantes,32095,19917,12178,0.51,10.15767,3707.5495499999997
210202,PUNO,AZANGARO,ACHAYA,SIERRA,DISTRITAL,Sierra con Población urbana de hasta 10 mil habitantes,2647,55,2592,0.4452923055521492,0.024491076805368207,8.939243033959395
210203,PUNO,AZANGARO,ARAPA,SIERRA,DISTRITAL,Sierra con Población urbana de hasta 10 mil habitantes,6983,1206,5777,0.4452923055521492,0.5370225204958919,196.01321998100056
210204,PUNO,AZANGARO,ASILLO,SIERRA,DISTRITAL,Sierra con Población urbana de hasta 10 mil habitantes,14258,3227,11031,0.4452923055521492,1.4369582700167856,524.4897685561267
210205,PUNO,AZANGARO,CAMINACA,SIERRA,DISTRITAL,Sierra con Población urbana de hasta 10 mil habitantes,2888,99,2789,0.4452923055521492,0.04408393824966277,16.090637461126914
210206,PUNO,AZANGARO,CHUPA,SIERRA,DISTRITAL,Sierra con Población urbana de hasta 10 mil habitantes,5054,514,4540,0.43,0.22102000000000002,80.6723
210207,PUNO,AZANGARO,JOSE DOMINGO CHOQUEHUANCA,SIERRA,DISTRITAL,Sierra con Población urbana de hasta 10 mil habitantes,4733,2897,1836,0.42,1.21674,444.1101
210208,PUNO,AZANGARO,MUÑANI,SIERRA,DISTRITAL,Sierra con Población urbana de hasta 10 mil habitantes,6804,1684,5120,0.4452923055521492,0.7498722425498192,273.70336853068403
210209,PUNO,AZANGARO,POTONI,SIERRA,DISTRITAL,Sierra con Población urbana de hasta 10 mil habitantes,3301,1442,1859,0.4452923055521492,0.6421115046061993,234.37069918126272
210210,PUNO,AZANGARO,SAMAN,SIERRA,DISTRITAL,Sierra con Población urbana de hasta 10 mil habitantes,8511,306,8205,0.5,0.153,55.845
210211,PUNO,AZANGARO,SAN ANTON,SIERRA,DISTRITAL,Sierra con Población urbana de hasta 10 mil habitantes,7149,3003,4146,0.36,1.0810799999999998,394.59419999999994
210212,PUNO,AZANGARO,SAN JOSE,SIERRA,DISTRITAL,Sierra con Población urbana de hasta 10 mil habitantes,4805,1801,3004,0.65,1.1706500000000002,427.2872500000001
210213,PUNO,AZANGARO,SAN JUAN DE SALINAS,SIERRA,DISTRITAL,Sierra con Población urbana de hasta 10 mil habitantes,2743,120,2623,0.4452923055521492,0.05343507666625791,19.503802983184137
210214,PUNO,AZANGARO,SANTIAGO DE PUPUJA,SIERRA,DISTRITAL,Sierra con Población urbana de hasta 10 mil habitantes,4361,123,4238,0.4452923055521492,0.05477095358291435,19.99139805776374
210215,PUNO,AZANGARO,TIRAPATA,SIERRA,DISTRITAL,Sierra con Población urbana de hasta 10 mil habitantes,2961,531,2430,0.4452923055521492,0.23645021424819124,86.30432820058981
210301,PUNO,CARABAYA,MACUSANI,SIERRA,PROVINCIAL,Sierra con Población urbana entre 10 mil y 50 mil habitantes,14529,12414,2115,0.36,4.46904,1631.1996
210302,PUNO,CARABAYA,AJOYANI,SIERRA,DISTRITAL,Sierra con Población urbana de hasta 10 mil habitantes,2562,1561,1001,0.4452923055521492,0.6951012889669049,253.71197047292029
210303,PUNO,CARABAYA,AYAPATA,SELVA,DISTRITAL,Selva con Población urbana de hasta 10 mil habitantes,9574,2327,7247,0.29,0.6748299999999999,246.31294999999997
210304,PUNO,CARABAYA,COASA,SELVA,DISTRITAL,Selva con Población urbana de hasta 10 mil habitantes,5224,2560,2664,0.5188473382439173,1.3282491859044283,484.81095285511634
210305,PUNO,CARABAYA,CORANI,SIERRA,DISTRITAL,Sierra con Población urbana de hasta 10 mil habitantes,4909,2629,2280,0.4452923055521492,1.1706734712966005,427.2958170232592
210306,PUNO,CARABAYA,CRUCERO,SIERRA,DISTRITAL,Sierra con Población urbana de hasta 10 mil habitantes,10326,7552,2774,0.51,3.85152,1405.8048
210307,PUNO,CARABAYA,ITUATA,SELVA,DISTRITAL,Selva con Población urbana de hasta 10 mil habitantes,8973,810,8163,0.34,0.27540000000000003,100.52100000000002
210308,PUNO,CARABAYA,OLLACHEA,SIERRA,DISTRITAL,Sierra con Población urbana de hasta 10 mil habitantes,6798,2693,4105,0.49,1.31957,481.64304999999996
210309,PUNO,CARABAYA,SAN GABAN,SELVA,DISTRITAL,Selva con Población urbana de hasta 10 mil habitantes,8916,1818,7098,0.5188473382439173,0.9432644609274417,344.2915282385162
210310,PUNO,CARABAYA,USICAYOS,SELVA,DISTRITAL,Selva con Población urbana de hasta 10 mil habitantes,7955,2941,5014,0.5188473382439173,1.5259300217753606,556.9644579480066
210401,PUNO,CHUCUITO,JULI,SIERRA,PROVINCIAL,Sierra con Población urbana de hasta 10 mil habitantes,20291,7520,12771,0.36,2.7072,988.1279999999999
210402,PUNO,CHUCUITO,DESAGUADERO,SIERRA,DISTRITAL,Sierra con Población urbana de hasta 10 mil habitantes,12516,7098,5418,0.68,4.82664,1761.7236
210403,PUNO,CHUCUITO,HUACULLANI,SIERRA,DISTRITAL,Sierra con Población urbana de hasta 10 mil habitantes,8064,1835,6229,0.4452923055521492,0.8171113806881938,298.2456539511907
210404,PUNO,CHUCUITO,KELLUYO,SIERRA,DISTRITAL,Sierra con Población urbana de hasta 10 mil habitantes,5557,567,4990,0.4452923055521492,0.25248073724806863,92.15546909554504
210405,PUNO,CHUCUITO,PISACOMA,SIERRA,DISTRITAL,Sierra con Población urbana de hasta 10 mil habitantes,7756,1011,6745,0.36,0.36396,132.8454
210406,PUNO,CHUCUITO,POMATA,SIERRA,DISTRITAL,Sierra con Población urbana de hasta 10 mil habitantes,13729,2379,11350,0.4,0.9516,347.334
210407,PUNO,CHUCUITO,ZEPITA,SIERRA,DISTRITAL,Sierra con Población urbana de hasta 10 mil habitantes,17352,1877,15475,0.31,0.58187,212.38255
210501,PUNO,EL COLLAO,ILAVE,SIERRA,PROVINCIAL,Sierra con Población urbana entre 10 mil y 50 mil habitantes,47866,20470,27396,0.43,8.802100000000001,3212.7665000000006
210502,PUNO,EL COLLAO,CAPAZO,SIERRA,DISTRITAL,Sierra con Población urbana de hasta 10 mil habitantes,1025,84,941,0.4452923055521492,0.037404553666380534,13.652662088228896
210503,PUNO,EL COLLAO,PILCUYO,SIERRA,DISTRITAL,Sierra con Población urbana de hasta 10 mil habitantes,10369,1135,9234,0.4452923055521492,0.5054067668016894,184.47346988261663
210504,PUNO,EL COLLAO,SANTA ROSA,SIERRA,DISTRITAL,Sierra con Población urbana de hasta 10 mil habitantes,2882,871,2011,0.4452923055521492,0.38784959813592196,141.56510331961152
210505,PUNO,EL COLLAO,CONDURIRI,SIERRA,DISTRITAL,Sierra con Población urbana de hasta 10 mil habitantes,2212,457,1755,0.8,0.36560000000000004,133.44400000000002
210601,PUNO,HUANCANE,HUANCANE,SIERRA,PROVINCIAL,Sierra con Población urbana de hasta 10 mil habitantes,18718,6832,11886,0.34,2.32288,847.8512000000001
210602,PUNO,HUANCANE,COJATA,SIERRA,DISTRITAL,Sierra con Población urbana de hasta 10 mil habitantes,3951,1318,2633,0.45,0.5931000000000001,216.48150000000004
210603,PUNO,HUANCANE,HUATASANI,SIERRA,DISTRITAL,Sierra con Población urbana de hasta 10 mil habitantes,3000,1173,1827,0.4452923055521492,0.522327874412671,190.64967416062493
210604,PUNO,HUANCANE,INCHUPALLA,SIERRA,DISTRITAL,Sierra con Población urbana de hasta 10 mil habitantes,2466,133,2333,0.29,0.03857,14.07805
210605,PUNO,HUANCANE,PUSI,SIERRA,DISTRITAL,Sierra con Población urbana de hasta 10 mil habitantes,4895,736,4159,0.4452923055521492,0.32773513688638184,119.62332496352937
210606,PUNO,HUANCANE,ROSASPATA,SIERRA,DISTRITAL,Sierra con Población urbana de hasta 10 mil habitantes,3825,394,3431,0.4452923055521492,0.1754451683875468,64.03748646145459
210607,PUNO,HUANCANE,TARACO,SIERRA,DISTRITAL,Sierra con Población urbana de hasta 10 mil habitantes,13349,1595,11754,0.4452923055521492,0.710241227355678,259.23804798482246
210608,PUNO,HUANCANE,VILQUE CHICO,SIERRA,DISTRITAL,Sierra con Población urbana de hasta 10 mil habitantes,7202,755,6447,0.71,0.5360499999999999,195.65824999999998
210701,PUNO,LAMPA,LAMPA,SIERRA,PROVINCIAL,Sierra con Población urbana de hasta 10 mil habitantes,11708,5272,6436,0.8,4.2176,1539.424
210702,PUNO,LAMPA,CABANILLA,SIERRA,DISTRITAL,Sierra con Población urbana de hasta 10 mil habitantes,5992,1080,4912,0.4452923055521492,0.4809156899963211,175.5342268486572
210703,PUNO,LAMPA,CALAPUJA,SIERRA,DISTRITAL,Sierra con Población urbana de hasta 10 mil habitantes,1797,481,1316,0.4452923055521492,0.21418559897058378,78.17774362426309
210704,PUNO,LAMPA,NICASIO,SIERRA,DISTRITAL,Sierra con Población urbana de hasta 10 mil habitantes,2306,446,1860,0.4452923055521492,0.19860036827625854,72.48913442083438
210705,PUNO,LAMPA,OCUVIRI,SIERRA,DISTRITAL,Sierra con Población urbana de hasta 10 mil habitantes,2276,604,1672,0.4452923055521492,0.2689565525534981,98.1691416820268
210706,PUNO,LAMPA,PALCA,SIERRA,DISTRITAL,Sierra con Población urbana de hasta 10 mil habitantes,1545,515,1030,0.4452923055521492,0.22932553735935685,83.70382113616525
210707,PUNO,LAMPA,PARATIA,SIERRA,DISTRITAL,Sierra con Población urbana de hasta 10 mil habitantes,2205,713,1492,0.4452923055521492,0.3174934138586824,115.88509605841908
210708,PUNO,LAMPA,PUCARA,SIERRA,DISTRITAL,Sierra con Población urbana de hasta 10 mil habitantes,5219,1886,3333,0.4452923055521492,0.8398212882713534,306.534770219044
210709,PUNO,LAMPA,SANTA LUCIA,SIERRA,DISTRITAL,Sierra con Población urbana de hasta 10 mil habitantes,7279,5347,1932,0.44,2.35268,858.7281999999999
210710,PUNO,LAMPA,VILAVILA,SIERRA,DISTRITAL,Sierra con Población urbana de hasta 10 mil habitantes,1021,363,658,0.4452923055521492,0.16164110691543015,58.999004024132006
210801,PUNO,MELGAR,AYAVIRI,SIERRA,PROVINCIAL,Sierra con Población urbana entre 10 mil y 50 mil habitantes,26215,22497,3718,0.53,11.92341,4352.04465
210802,PUNO,MELGAR,ANTAUTA,SIERRA,DISTRITAL,Sierra con Población urbana de hasta 10 mil habitantes,5859,3569,2290,0.6,2.1414,781.611
210803,PUNO,MELGAR,CUPI,SIERRA,DISTRITAL,Sierra con Población urbana de hasta 10 mil habitantes,1936,237,1699,0.4452923055521492,0.10553427641585937,38.52001089178867
210804,PUNO,MELGAR,LLALLI,SIERRA,DISTRITAL,Sierra con Población urbana de hasta 10 mil habitantes,2317,1432,885,0.4452923055521492,0.6376585815506777,232.74538226599736
210805,PUNO,MELGAR,MACARI,SIERRA,DISTRITAL,Sierra con Población urbana de hasta 10 mil habitantes,7094,2791,4303,0.38,1.0605799999999999,387.1116999999999
210806,PUNO,MELGAR,NUÑOA,SIERRA,DISTRITAL,Sierra con Población urbana de hasta 10 mil habitantes,7921,3721,4200,0.29,1.0790899999999999,393.86785
210807,PUNO,MELGAR,ORURILLO,SIERRA,DISTRITAL,Sierra con Población urbana de hasta 10 mil habitantes,7130,823,6307,0.4452923055521492,0.36647556746941884,133.76358212633787
210808,PUNO,MELGAR,SANTA ROSA,SIERRA,DISTRITAL,Sierra con Población urbana de hasta 10 mil habitantes,6213,2607,3606,0.4452923055521492,1.160877040574453,423.7201198096754
210809,PUNO,MELGAR,UMACHIRI,SIERRA,DISTRITAL,Sierra con Población urbana de hasta 10 mil habitantes,3825,614,3211,0.4452923055521492,0.2734094756090196,99.79445859729216
210901,PUNO,MOHO,MOHO,SIERRA,PROVINCIAL,Sierra con Población urbana de hasta 10 mil habitantes,10383,2581,7802,0.42,1.08402,395.6673
210902,PUNO,MOHO,CONIMA,SIERRA,DISTRITAL,Sierra con Población urbana de hasta 10 mil habitantes,3242,826,2416,0.4452923055521492,0.36781144438607527,134.25117720091748
210903,PUNO,MOHO,HUAYRAPATA,SIERRA,DISTRITAL,Sierra con Población urbana de hasta 10 mil habitantes,2341,785,1556,0.4452923055521492,0.34955445985843714,127.58737784832955
210904,PUNO,MOHO,TILALI,SIERRA,DISTRITAL,Sierra con Población urbana de hasta 10 mil habitantes,2479,689,1790,0.4452923055521492,0.30680639852543085,111.98433546178227
211001,PUNO,SAN ANTONIO DE PUTINA,PUTINA,SIERRA,PROVINCIAL,Sierra con Población urbana de hasta 10 mil habitantes,13197,9263,3934,0.45,4.16835,1521.44775
211002,PUNO,SAN ANTONIO DE PUTINA,ANANEA,SIERRA,DISTRITAL,Sierra con Población urbana de hasta 10 mil habitantes,10722,9489,1233,0.8,7.591200000000001,2770.788
211003,PUNO,SAN ANTONIO DE PUTINA,PEDRO VILCA APAZA,SIERRA,DISTRITAL,Sierra con Población urbana de hasta 10 mil habitantes,1852,616,1236,0.3,0.1848,67.452
211004,PUNO,SAN ANTONIO DE PUTINA,QUILCAPUNCU,SIERRA,DISTRITAL,Sierra con Población urbana de hasta 10 mil habitantes,5574,2297,3277,0.4452923055521492,1.0228364258532867,373.33529543644966
211005,PUNO,SAN ANTONIO DE PUTINA,SINA,SIERRA,DISTRITAL,Sierra con Población urbana de hasta 10 mil habitantes,1888,594,1294,0.4452923055521492,0.2645036294979766,96.54382476676146
211101,PUNO,SAN ROMAN,JULIACA,SIERRA,PROVINCIAL,Sierra con Población urbana de más de 50 mil habitantes,258728,242485,16243,0.7,169.7395,61954.917499999996
211102,PUNO,SAN ROMAN,CABANA,SIERRA,DISTRITAL,Sierra con Población urbana de hasta 10 mil habitantes,5587,906,4681,0.36,0.32615999999999995,119.04839999999999
211103,PUNO,SAN ROMAN,CABANILLAS,SIERRA,DISTRITAL,Sierra con Población urbana de hasta 10 mil habitantes,4279,1989,2290,0.4452923055521492,0.8856863957432248,323.27553444627705
211104,PUNO,SAN ROMAN,CARACOTO,SIERRA,DISTRITAL,Sierra con Población urbana de hasta 10 mil habitantes,7597,1134,6463,0.4452923055521492,0.5049614744961373,184.3109381910901
211105,PUNO,SAN ROMAN,SAN MIGUEL,SIERRA,DISTRITAL,Sierra con Población urbana de más de 50 mil habitantes,76879,70347,6532,0.5,35.1735,12838.3275
211201,PUNO,SANDIA,SANDIA,SELVA,PROVINCIAL,Selva con Población urbana de hasta 10 mil habitantes,11289,3884,7405,0.52,2.01968,737.1832
211202,PUNO,SANDIA,CUYOCUYO,SIERRA,DISTRITAL,Sierra con Población urbana de hasta 10 mil habitantes,5611,1950,3661,0.4452923055521492,0.868319995826691,316.9367984767422
211203,PUNO,SANDIA,LIMBANI,SELVA,DISTRITAL,Selva con Población urbana de hasta 10 mil habitantes,3122,1470,1652,0.5188473382439173,0.7627055872185584,278.3875393347738
211204,PUNO,SANDIA,PATAMBUCO,SIERRA,DISTRITAL,Sierra con Población urbana de hasta 10 mil habitantes,4136,407,3729,0.4452923055521492,0.18123396835972475,66.15039845129954
211205,PUNO,SANDIA,PHARA,SELVA,DISTRITAL,Selva con Población urbana de hasta 10 mil habitantes,6290,1483,4807,0.49,0.7266699999999999,265.23454999999996
211206,PUNO,SANDIA,QUIACA,SIERRA,DISTRITAL,Sierra con Población urbana de hasta 10 mil habitantes,2291,321,1970,0.4452923055521492,0.1429388300822399,52.172672980017566
211207,PUNO,SANDIA,SAN JUAN DEL ORO,SELVA,DISTRITAL,Selva con Población urbana de hasta 10 mil habitantes,2808,1424,1384,0.5188473382439173,0.7388386096593382,269.6760925256585
211208,PUNO,SANDIA,YANAHUAYA,SELVA,DISTRITAL,Selva con Población urbana de hasta 10 mil habitantes,2045,934,1111,0.5188473382439173,0.4846034139198187,176.88024608073383
211209,PUNO,SANDIA,ALTO INAMBARI,SELVA,DISTRITAL,Selva con Población urbana de hasta 10 mil habitantes,7356,1460,5896,0.5188473382439173,0.7575171138361192,276.4937465501835
211210,PUNO,SANDIA,SAN PEDRO DE PUTINA PUNCU,SELVA,DISTRITAL,Selva con Población urbana de hasta 10 mil habitantes,10004,1718,8286,0.59,1.01362,369.9713
211301,PUNO,YUNGUYO,YUNGUYO,SIERRA,PROVINCIAL,Sierra con Población urbana entre 10 mil y 50 mil habitantes,24474,10571,13903,0.38,4.01698,1466.1977000000002
211302,PUNO,YUNGUYO,ANAPIA,SIERRA,DISTRITAL,Sierra con Población urbana de hasta 10 mil habitantes,1687,1415,272,0.2,0.283,103.29499999999999
211303,PUNO,YUNGUYO,COPANI,SIERRA,DISTRITAL,Sierra con Población urbana de hasta 10 mil habitantes,4904,530,4374,0.4452923055521492,0.23600492194263908,86.14179650906327
211304,PUNO,YUNGUYO,CUTURAPI,SIERRA,DISTRITAL,Sierra con Población urbana de hasta 10 mil habitantes,1323,821,502,0.4452923055521492,0.3655849828583145,133.4385187432848
211305,PUNO,YUNGUYO,OLLARAYA,SIERRA,DISTRITAL,Sierra con Población urbana de hasta 10 mil habitantes,2373,305,2068,0.27,0.08235,30.057750000000002
211306,PUNO,YUNGUYO,TINICACHI,SIERRA,DISTRITAL,Sierra con Población urbana de hasta 10 mil habitantes,815,477,338,0.4452923055521492,0.21240442974837517,77.52761685815693
211307,PUNO,YUNGUYO,UNICACHI,SIERRA,DISTRITAL,Sierra con Población urbana de hasta 10 mil habitantes,710,268,442,0.4452923055521492,0.119338337887976,43.55849332911124
220101,SAN MARTÍN,MOYOBAMBA,MOYOBAMBA,SELVA,PROVINCIAL,Selva con Población urbana de más de 50 mil habitantes,88059,64441,23618,0.69,44.46428999999999,16229.465849999997
220102,SAN MARTÍN,MOYOBAMBA,CALZADA,SELVA,DISTRITAL,Selva con Población urbana de hasta 10 mil habitantes,4889,4271,618,0.42,1.79382,654.7443
220103,SAN MARTÍN,MOYOBAMBA,HABANA,SELVA,DISTRITAL,Selva con Población urbana de hasta 10 mil habitantes,1664,1295,369,0.58,0.7510999999999999,274.15149999999994
220104,SAN MARTÍN,MOYOBAMBA,JEPELACIO,SELVA,DISTRITAL,Selva con Población urbana de hasta 10 mil habitantes,15547,5972,9575,0.46,2.7471200000000002,1002.6988000000001
220105,SAN MARTÍN,MOYOBAMBA,SORITOR,SELVA,DISTRITAL,Selva con Población urbana entre 10 mil y 50 mil habitantes,22810,15793,7017,0.67,10.581310000000002,3862.1781500000006
220106,SAN MARTÍN,MOYOBAMBA,YANTALO,SELVA,DISTRITAL,Selva con Población urbana de hasta 10 mil habitantes,2942,2248,694,0.44,0.98912,361.0288
220201,SAN MARTÍN,BELLAVISTA,BELLAVISTA,SELVA,PROVINCIAL,Selva con Población urbana entre 10 mil y 50 mil habitantes,19240,18289,951,0.31,5.66959,2069.4003500000003
220202,SAN MARTÍN,BELLAVISTA,ALTO BIAVO,SELVA,DISTRITAL,Selva con Población urbana de hasta 10 mil habitantes,10136,4647,5489,0.46,2.13762,780.2313
220203,SAN MARTÍN,BELLAVISTA,BAJO BIAVO,SELVA,DISTRITAL,Selva con Población urbana de hasta 10 mil habitantes,15494,2472,13022,0.59,1.45848,532.3452
220204,SAN MARTÍN,BELLAVISTA,HUALLAGA,SELVA,DISTRITAL,Selva con Población urbana de hasta 10 mil habitantes,2733,973,1760,0.5188473382439173,0.5048384601113315,184.26603794063598
220205,SAN MARTÍN,BELLAVISTA,SAN PABLO,SELVA,DISTRITAL,Selva con Población urbana de hasta 10 mil habitantes,8617,6206,2411,0.59,3.66154,1336.4621
220206,SAN MARTÍN,BELLAVISTA,SAN RAFAEL,SELVA,DISTRITAL,Selva con Población urbana de hasta 10 mil habitantes,6344,5476,868,0.77,4.21652,1539.0298
220301,SAN MARTÍN,EL DORADO,SAN JOSE DE SISA,SELVA,PROVINCIAL,Selva con Población urbana entre 10 mil y 50 mil habitantes,17540,12549,4991,0.54,6.77646,2473.4079
220302,SAN MARTÍN,EL DORADO,AGUA BLANCA,SELVA,DISTRITAL,Selva con Población urbana de hasta 10 mil habitantes,2342,1340,1002,0.47,0.6297999999999999,229.87699999999998
220303,SAN MARTÍN,EL DORADO,SAN MARTIN,SELVA,DISTRITAL,Selva con Población urbana de hasta 10 mil habitantes,13645,3389,10256,0.5188473382439173,1.7583736293086356,641.806374697652
220304,SAN MARTÍN,EL DORADO,SANTA ROSA,SELVA,DISTRITAL,Selva con Población urbana de hasta 10 mil habitantes,7502,2319,5183,0.5188473382439173,1.2032069773876441,439.1705467464901
220305,SAN MARTÍN,EL DORADO,SHATOJA,SELVA,DISTRITAL,Selva con Población urbana de hasta 10 mil habitantes,3313,1429,1884,0.5188473382439173,0.7414328463505577,270.6229889179536
220401,SAN MARTÍN,HUALLAGA,SAPOSOA,SELVA,PROVINCIAL,Selva con Población urbana de hasta 10 mil habitantes,15204,8959,6245,0.8,7.167200000000001,2616.0280000000002
220402,SAN MARTÍN,HUALLAGA,ALTO SAPOSOA,SELVA,DISTRITAL,Selva con Población urbana de hasta 10 mil habitantes,5805,3385,2420,0.67,2.2679500000000004,827.8017500000001
220403,SAN MARTÍN,HUALLAGA,EL ESLABON,SELVA,DISTRITAL,Selva con Población urbana de hasta 10 mil habitantes,1871,1084,787,0.74,0.80216,292.78839999999997
220404,SAN MARTÍN,HUALLAGA,PISCOYACU,SELVA,DISTRITAL,Selva con Población urbana de hasta 10 mil habitantes,4888,2332,2556,0.5188473382439173,1.209951992784815,441.63247736645746
220405,SAN MARTÍN,HUALLAGA,SACANCHE,SELVA,DISTRITAL,Selva con Población urbana de hasta 10 mil habitantes,2306,1111,1195,0.5188473382439173,0.5764393927889921,210.40037836798214
220406,SAN MARTÍN,HUALLAGA,TINGO DE SAPOSOA,SELVA,DISTRITAL,Selva con Población urbana de hasta 10 mil habitantes,832,760,72,0.63,0.4788,174.762
220501,SAN MARTÍN,LAMAS,LAMAS,SELVA,PROVINCIAL,Selva con Población urbana entre 10 mil y 50 mil habitantes,15773,13839,1934,0.69,9.54891,3485.3521499999997
220502,SAN MARTÍN,LAMAS,ALONSO DE ALVARADO,SELVA,DISTRITAL,Selva con Población urbana de hasta 10 mil habitantes,14365,6392,7973,0.56,3.5795200000000005,1306.5248000000001
220503,SAN MARTÍN,LAMAS,BARRANQUITA,SELVA,DISTRITAL,Selva con Población urbana de hasta 10 mil habitantes,7771,4134,3637,0.5188473382439173,2.144914896300354,782.8939371496292
220504,SAN MARTÍN,LAMAS,CAYNARACHI,SELVA,DISTRITAL,Selva con Población urbana de hasta 10 mil habitantes,11466,6608,4858,0.5188473382439173,3.428543211115805,1251.418272057269
220505,SAN MARTÍN,LAMAS,CUÑUMBUQUI,SELVA,DISTRITAL,Selva con Población urbana de hasta 10 mil habitantes,2895,1730,1165,0.5188473382439173,0.8976058951619769,327.62615173412155
220506,SAN MARTÍN,LAMAS,PINTO RECODO,SELVA,DISTRITAL,Selva con Población urbana de hasta 10 mil habitantes,9036,2257,6779,0.5188473382439173,1.1710384424165212,427.42903148203027
220507,SAN MARTÍN,LAMAS,RUMISAPA,SELVA,DISTRITAL,Selva con Población urbana de hasta 10 mil habitantes,3992,1967,2025,0.5,0.9835,358.9775
220508,SAN MARTÍN,LAMAS,SAN ROQUE DE CUMBAZA,SELVA,DISTRITAL,Selva con Población urbana de hasta 10 mil habitantes,1744,761,983,0.8,0.6088000000000001,222.21200000000005
220509,SAN MARTÍN,LAMAS,SHANAO,SELVA,DISTRITAL,Selva con Población urbana de hasta 10 mil habitantes,1806,864,942,0.45,0.38880000000000003,141.912
220510,SAN MARTÍN,LAMAS,TABALOSOS,SELVA,DISTRITAL,Selva con Población urbana entre 10 mil y 50 mil habitantes,14855,10137,4718,0.44,4.46028,1628.0022
220511,SAN MARTÍN,LAMAS,ZAPATERO,SELVA,DISTRITAL,Selva con Población urbana de hasta 10 mil habitantes,5970,2263,3707,0.5188473382439173,1.1741515264459848,428.56530715278444
220601,SAN MARTÍN,MARISCAL CACERES,JUANJUI,SELVA,PROVINCIAL,Selva con Población urbana entre 10 mil y 50 mil habitantes,35093,31615,3478,0.7,22.1305,8077.632500000001
220602,SAN MARTÍN,MARISCAL CACERES,CAMPANILLA,SELVA,DISTRITAL,Selva con Población urbana de hasta 10 mil habitantes,18897,5811,13086,0.5188473382439173,3.0150218825354034,1100.4829871254221
220603,SAN MARTÍN,MARISCAL CACERES,HUICUNGO,SELVA,DISTRITAL,Selva con Población urbana de hasta 10 mil habitantes,9948,5238,4710,0.58,3.03804,1108.8846
220604,SAN MARTÍN,MARISCAL CACERES,PACHIZA,SELVA,DISTRITAL,Selva con Población urbana de hasta 10 mil habitantes,7158,4070,3088,0.8,3.256,1188.4399999999998
220605,SAN MARTÍN,MARISCAL CACERES,PAJARILLO,SELVA,DISTRITAL,Selva con Población urbana de hasta 10 mil habitantes,5927,1513,4414,0.76,1.14988,419.7062
220701,SAN MARTÍN,PICOTA,PICOTA,SELVA,PROVINCIAL,Selva con Población urbana entre 10 mil y 50 mil habitantes,11895,10584,1311,0.66,6.9854400000000005,2549.6856000000002
220702,SAN MARTÍN,PICOTA,BUENOS AIRES,SELVA,DISTRITAL,Selva con Población urbana de hasta 10 mil habitantes,3014,1268,1746,0.5188473382439173,0.6578984248932871,240.1329250860498
220703,SAN MARTÍN,PICOTA,CASPISAPA,SELVA,DISTRITAL,Selva con Población urbana de hasta 10 mil habitantes,2224,1784,440,0.74,1.32016,481.8584
220704,SAN MARTÍN,PICOTA,PILLUANA,SELVA,DISTRITAL,Selva con Población urbana de hasta 10 mil habitantes,878,838,40,0.5188473382439173,0.4347940694484027,158.699835348667
220705,SAN MARTÍN,PICOTA,PUCACACA,SELVA,DISTRITAL,Selva con Población urbana de hasta 10 mil habitantes,3044,2838,206,0.5188473382439173,1.4724887459362372,537.4583922667266
220706,SAN MARTÍN,PICOTA,SAN CRISTOBAL,SELVA,DISTRITAL,Selva con Población urbana de hasta 10 mil habitantes,1195,1195,0,0.57,0.6811499999999999,248.61974999999998
220707,SAN MARTÍN,PICOTA,SAN HILARION,SELVA,DISTRITAL,Selva con Población urbana de hasta 10 mil habitantes,3720,2639,1081,0.63,1.6625699999999999,606.83805
220708,SAN MARTÍN,PICOTA,SHAMBOYACU,SELVA,DISTRITAL,Selva con Población urbana de hasta 10 mil habitantes,10885,2932,7953,0.62,1.81784,663.5115999999999
220709,SAN MARTÍN,PICOTA,TINGO DE PONASA,SELVA,DISTRITAL,Selva con Población urbana de hasta 10 mil habitantes,3862,2454,1408,0.51,1.2515399999999999,456.81209999999993
220710,SAN MARTÍN,PICOTA,TRES UNIDOS,SELVA,DISTRITAL,Selva con Población urbana de hasta 10 mil habitantes,4131,1852,2279,0.5188473382439173,0.9609052704277348,350.7304237061232
220801,SAN MARTÍN,RIOJA,RIOJA,SELVA,PROVINCIAL,Selva con Población urbana entre 10 mil y 50 mil habitantes,27203,24928,2275,0.63,15.70464,5732.1936
220802,SAN MARTÍN,RIOJA,AWAJUN,SELVA,DISTRITAL,Selva con Población urbana de hasta 10 mil habitantes,8012,2866,5146,0.65,1.8629,679.9585
220803,SAN MARTÍN,RIOJA,ELIAS SOPLIN VARGAS,SELVA,DISTRITAL,Selva con Población urbana entre 10 mil y 50 mil habitantes,22871,18977,3894,0.44,8.349879999999999,3047.7061999999996
220804,SAN MARTÍN,RIOJA,NUEVA CAJAMARCA,SELVA,DISTRITAL,Selva con Población urbana entre 10 mil y 50 mil habitantes,48250,39954,8296,0.58,23.17332,8458.2618
220805,SAN MARTÍN,RIOJA,PARDO MIGUEL,SELVA,DISTRITAL,Selva con Población urbana de hasta 10 mil habitantes,17133,9430,7703,0.65,6.1295,2237.2675
220806,SAN MARTÍN,RIOJA,POSIC,SELVA,DISTRITAL,Selva con Población urbana de hasta 10 mil habitantes,2191,1883,308,0.47,0.88501,323.02864999999997
220807,SAN MARTÍN,RIOJA,SAN FERNANDO,SELVA,DISTRITAL,Selva con Población urbana de hasta 10 mil habitantes,3660,2291,1369,0.5188473382439173,1.1886792519168146,433.8679269496373
220808,SAN MARTÍN,RIOJA,YORONGOS,SELVA,DISTRITAL,Selva con Población urbana de hasta 10 mil habitantes,2510,1975,535,0.41,0.80975,295.55875
220809,SAN MARTÍN,RIOJA,YURACYACU,SELVA,DISTRITAL,Selva con Población urbana de hasta 10 mil habitantes,3724,3282,442,0.4,1.3128000000000002,479.1720000000001
220901,SAN MARTÍN,SAN MARTIN,TARAPOTO,SELVA,PROVINCIAL,Selva con Población urbana de más de 50 mil habitantes,84794,84038,756,0.66,55.46508,20244.7542
220902,SAN MARTÍN,SAN MARTIN,ALBERTO LEVEAU,SELVA,DISTRITAL,Selva con Población urbana de hasta 10 mil habitantes,927,554,373,0.5188473382439173,0.28744142538713013,104.9161202663025
220903,SAN MARTÍN,SAN MARTIN,CACATACHI,SELVA,DISTRITAL,Selva con Población urbana de hasta 10 mil habitantes,3885,3195,690,0.58,1.8531,676.3815
220904,SAN MARTÍN,SAN MARTIN,CHAZUTA,SELVA,DISTRITAL,Selva con Población urbana de hasta 10 mil habitantes,10845,6915,3930,0.5,3.4575,1261.9875
220905,SAN MARTÍN,SAN MARTIN,CHIPURANA,SELVA,DISTRITAL,Selva con Población urbana de hasta 10 mil habitantes,2478,1990,488,0.5188473382439173,1.0325062031053953,376.8647641334693
220906,SAN MARTÍN,SAN MARTIN,EL PORVENIR,SELVA,DISTRITAL,Selva con Población urbana de hasta 10 mil habitantes,2615,1820,795,0.5188473382439173,0.9443021556039295,344.67028679543427
220907,SAN MARTÍN,SAN MARTIN,HUIMBAYOC,SELVA,DISTRITAL,Selva con Población urbana de hasta 10 mil habitantes,5700,2452,3248,0.5188473382439173,1.2722136733740852,464.3579907815411
220908,SAN MARTÍN,SAN MARTIN,JUAN GUERRA,SELVA,DISTRITAL,Selva con Población urbana de hasta 10 mil habitantes,4270,4077,193,0.54,2.20158,803.5767
220909,SAN MARTÍN,SAN MARTIN,LA BANDA DE SHILCAYO,SELVA,DISTRITAL,Selva con Población urbana entre 10 mil y 50 mil habitantes,52334,47375,4959,0.65,30.79375,11239.71875
220910,SAN MARTÍN,SAN MARTIN,MORALES,SELVA,DISTRITAL,Selva con Población urbana entre 10 mil y 50 mil habitantes,46263,42637,3626,0.77,32.83049,11983.12885
220911,SAN MARTÍN,SAN MARTIN,PAPAPLAYA,SELVA,DISTRITAL,Selva con Población urbana de hasta 10 mil habitantes,1972,1143,829,0.79,0.90297,329.58405
220912,SAN MARTÍN,SAN MARTIN,SAN ANTONIO,SELVA,DISTRITAL,Selva con Población urbana de hasta 10 mil habitantes,1770,1723,47,0.59,1.01657,371.04805
220913,SAN MARTÍN,SAN MARTIN,SAUCE,SELVA,DISTRITAL,Selva con Población urbana de hasta 10 mil habitantes,6459,4929,1530,0.51,2.5137899999999997,917.5333499999999
220914,SAN MARTÍN,SAN MARTIN,SHAPAJA,SELVA,DISTRITAL,Selva con Población urbana de hasta 10 mil habitantes,2081,1821,260,0.75,1.36575,498.49875000000003
221001,SAN MARTÍN,TOCACHE,TOCACHE  5/,SELVA,PROVINCIAL,Selva con Población urbana entre 10 mil y 50 mil habitantes,30856,21251,9605,0.62,13.17562,4809.1013
221002,SAN MARTÍN,TOCACHE,NUEVO PROGRESO,SELVA,DISTRITAL,Selva con Población urbana de hasta 10 mil habitantes,12753,4842,7911,0.52,2.51784,919.0116
221003,SAN MARTÍN,TOCACHE,POLVORA,SELVA,DISTRITAL,Selva con Población urbana de hasta 10 mil habitantes,11175,3091,8084,0.45,1.3909500000000001,507.69675000000007
221004,SAN MARTÍN,TOCACHE,SHUNTE,SELVA,DISTRITAL,Selva con Población urbana de hasta 10 mil habitantes,1410,436,974,0.5188473382439173,0.22621743947434794,82.569365408137
221005,SAN MARTÍN,TOCACHE,UCHIZA 5/,SELVA,DISTRITAL,Selva con Población urbana de hasta 10 mil habitantes,14758,8736,6022,0.61,5.32896,1945.0704
221006,SAN MARTÍN,TOCACHE,SANTA LUCIA 5/,SELVA,DISTRITAL,Selva con Población urbana de hasta 10 mil habitantes,6218,3549,2669,0.5188473382439173,1.8413892034276622,672.1070592510968
230101,TACNA,TACNA,TACNA,COSTA,PROVINCIAL,Costa con Población urbana de más de 50 mil habitantes,106071,105104,967,0.57,59.90927999999999,21866.887199999997
230102,TACNA,TACNA,ALTO DE LA ALIANZA,COSTA,DISTRITAL,Costa con Población urbana entre 10 mil y 50 mil habitantes,34733,34591,142,0.48,16.60368,6060.3432
230103,TACNA,TACNA,CALANA,COSTA,DISTRITAL,Costa con Población urbana de hasta 10 mil habitantes,3526,1080,2446,0.35,0.378,137.97
230104,TACNA,TACNA,CIUDAD NUEVA,COSTA,DISTRITAL,Costa con Población urbana entre 10 mil y 50 mil habitantes,32153,32018,135,0.3,9.6054,3505.971
230105,TACNA,TACNA,INCLAN,COSTA,DISTRITAL,Costa con Población urbana de hasta 10 mil habitantes,2484,930,1554,0.4881283256607997,0.4539593428645437,165.69516014555845
230106,TACNA,TACNA,PACHIA,COSTA,DISTRITAL,Costa con Población urbana de hasta 10 mil habitantes,2304,1376,928,0.41,0.56416,205.9184
230107,TACNA,TACNA,PALCA,SIERRA,DISTRITAL,Sierra con Población urbana de hasta 10 mil habitantes,2384,698,1686,0.4452923055521492,0.3108140292754002,113.44712068552107
230108,TACNA,TACNA,POCOLLAY,COSTA,DISTRITAL,Costa con Población urbana entre 10 mil y 50 mil habitantes,19471,18539,932,0.521567928503992,9.669347826535509,3529.3119566854607
230109,TACNA,TACNA,SAMA,COSTA,DISTRITAL,Costa con Población urbana de hasta 10 mil habitantes,3897,3011,886,0.4881283256607997,1.469754388564668,536.4603518261039
230110,TACNA,TACNA,CRNEL.GREGORIO ALBARRACIN LANCHIPA,COSTA,DISTRITAL,Costa con Población urbana de más de 50 mil habitantes,145066,144488,578,0.36,52.01568,18985.7232
230111,TACNA,TACNA,LA YARADA LOS PALOS,COSTA,DISTRITAL,Costa con Población urbana de hasta 10 mil habitantes,6846,196,6650,0.47,0.09212,33.623799999999996
230201,TACNA,CANDARAVE,CANDARAVE,SIERRA,PROVINCIAL,Sierra con Población urbana de hasta 10 mil habitantes,2343,1572,771,0.34,0.5344800000000001,195.08520000000001
230202,TACNA,CANDARAVE,CAIRANI,SIERRA,DISTRITAL,Sierra con Población urbana de hasta 10 mil habitantes,959,939,20,0.4452923055521492,0.41812947491346814,152.61725834341587
230203,TACNA,CANDARAVE,CAMILACA,SIERRA,DISTRITAL,Sierra con Población urbana de hasta 10 mil habitantes,1088,992,96,0.2,0.1984,72.416
230204,TACNA,CANDARAVE,CURIBAYA,SIERRA,DISTRITAL,Sierra con Población urbana de hasta 10 mil habitantes,554,419,135,0.2,0.08380000000000001,30.587000000000003
230205,TACNA,CANDARAVE,HUANUARA,SIERRA,DISTRITAL,Sierra con Población urbana de hasta 10 mil habitantes,457,423,34,0.32,0.13536,49.406400000000005
230206,TACNA,CANDARAVE,QUILAHUANI,SIERRA,DISTRITAL,Sierra con Población urbana de hasta 10 mil habitantes,661,556,105,0.22,0.12232000000000001,44.646800000000006
230301,TACNA,JORGE BASADRE,LOCUMBA,COSTA,PROVINCIAL,Costa con Población urbana de hasta 10 mil habitantes,2784,1427,1357,0.49,0.69923,255.21895
230302,TACNA,JORGE BASADRE,ILABAYA,COSTA,DISTRITAL,Costa con Población urbana de hasta 10 mil habitantes,7133,6277,856,0.46,2.88742,1053.9083
230303,TACNA,JORGE BASADRE,ITE,COSTA,DISTRITAL,Costa con Población urbana de hasta 10 mil habitantes,3198,2026,1172,0.4881283256607997,0.9889479877887802,360.9660155429048
230401,TACNA,TARATA,TARATA,SIERRA,PROVINCIAL,Sierra con Población urbana de hasta 10 mil habitantes,3578,2683,895,0.25,0.67075,244.82375
230402,TACNA,TARATA,HÉROES ALBARRACÍN,COSTA,DISTRITAL,Costa con Población urbana de hasta 10 mil habitantes,292,120,172,0.4881283256607997,0.05857539907929597,21.38002066394303
230403,TACNA,TARATA,ESTIQUE,COSTA,DISTRITAL,Costa con Población urbana de hasta 10 mil habitantes,218,194,24,0.4881283256607997,0.09469689517819514,34.56436674004123
230404,TACNA,TARATA,ESTIQUE-PAMPA,COSTA,DISTRITAL,Costa con Población urbana de hasta 10 mil habitantes,319,312,7,0.3,0.09359999999999999,34.163999999999994
230405,TACNA,TARATA,SITAJARA,SIERRA,DISTRITAL,Sierra con Población urbana de hasta 10 mil habitantes,332,329,3,0.48,0.15791999999999998,57.64079999999999
230406,TACNA,TARATA,SUSAPAYA,SIERRA,DISTRITAL,Sierra con Población urbana de hasta 10 mil habitantes,484,413,71,0.8,0.3304,120.596
230407,TACNA,TARATA,TARUCACHI,SIERRA,DISTRITAL,Sierra con Población urbana de hasta 10 mil habitantes,306,285,21,0.34,0.0969,35.3685
230408,TACNA,TARATA,TICACO,SIERRA,DISTRITAL,Sierra con Población urbana de hasta 10 mil habitantes,581,537,44,0.55,0.29535,107.80275
240101,TUMBES,TUMBES,TUMBES,COSTA,PROVINCIAL,Costa con Población urbana de más de 50 mil habitantes,116717,115113,1604,0.54,62.16102,22688.7723
240102,TUMBES,TUMBES,CORRALES,COSTA,DISTRITAL,Costa con Población urbana entre 10 mil y 50 mil habitantes,26120,25047,1073,0.2,5.0094,1828.431
240103,TUMBES,TUMBES,LA CRUZ,COSTA,DISTRITAL,Costa con Población urbana entre 10 mil y 50 mil habitantes,10995,10358,637,0.521567928503992,5.402400603444349,1971.8762202571872
240104,TUMBES,TUMBES,PAMPAS DE HOSPITAL,COSTA,DISTRITAL,Costa con Población urbana de hasta 10 mil habitantes,7691,4021,3670,0.4881283256607997,1.9627639974820756,716.4088590809577
240105,TUMBES,TUMBES,SAN JACINTO,COSTA,DISTRITAL,Costa con Población urbana de hasta 10 mil habitantes,9112,7442,1670,0.44,3.27448,1195.1852000000001
240106,TUMBES,TUMBES,SAN JUAN DE LA VIRGEN,COSTA,DISTRITAL,Costa con Población urbana de hasta 10 mil habitantes,5049,4948,101,0.65,3.2162,1173.913
240201,TUMBES,CONTRALMIRANTE VILLAR,ZORRITOS,COSTA,PROVINCIAL,Costa con Población urbana entre 10 mil y 50 mil habitantes,14369,13755,614,0.521567928503992,7.17416685657241,2618.5709026489294
240202,TUMBES,CONTRALMIRANTE VILLAR,CASITAS,COSTA,DISTRITAL,Costa con Población urbana de hasta 10 mil habitantes,2772,409,2363,0.4881283256607997,0.1996444851952671,72.87023709627249
240203,TUMBES,CONTRALMIRANTE VILLAR,CANOAS DE PUNTA SAL,COSTA,DISTRITAL,Costa con Población urbana de hasta 10 mil habitantes,8220,6581,1639,0.38,2.5007800000000002,912.7847
240301,TUMBES,ZARUMILLA,ZARUMILLA,COSTA,PROVINCIAL,Costa con Población urbana entre 10 mil y 50 mil habitantes,26665,26239,426,0.65,17.05535,6225.20275
240302,TUMBES,ZARUMILLA,AGUAS VERDES,COSTA,DISTRITAL,Costa con Población urbana entre 10 mil y 50 mil habitantes,19806,19481,325,0.66,12.857460000000001,4692.972900000001
240303,TUMBES,ZARUMILLA,MATAPALO,COSTA,DISTRITAL,Costa con Población urbana de hasta 10 mil habitantes,4686,3904,782,0.5,1.952,712.48
240304,TUMBES,ZARUMILLA,PAPAYAL,COSTA,DISTRITAL,Costa con Población urbana de hasta 10 mil habitantes,7354,5002,2352,0.51,2.55102,931.1223
250101,UCAYALI,CORONEL PORTILLO,CALLERIA,SELVA,PROVINCIAL,Selva con Población urbana de más de 50 mil habitantes,177751,169430,8321,0.63,106.7409,38960.4285
250102,UCAYALI,CORONEL PORTILLO,CAMPOVERDE,SELVA,DISTRITAL,Selva con Población urbana de hasta 10 mil habitantes,20601,7938,12663,0.5188473382439173,4.118610170980215,1503.2927124077785
250103,UCAYALI,CORONEL PORTILLO,IPARIA,SELVA,DISTRITAL,Selva con Población urbana de hasta 10 mil habitantes,12605,1387,11218,0.6,0.8321999999999999,303.753
250104,UCAYALI,CORONEL PORTILLO,MASISEA,SELVA,DISTRITAL,Selva con Población urbana de hasta 10 mil habitantes,12030,3250,8780,0.65,2.1125,771.0624999999999
250105,UCAYALI,CORONEL PORTILLO,YARINACOCHA,SELVA,DISTRITAL,Selva con Población urbana de más de 50 mil habitantes,124069,117267,6802,0.55,64.49685000000001,23541.350250000003
250106,UCAYALI,CORONEL PORTILLO,NUEVA REQUENA,SELVA,DISTRITAL,Selva con Población urbana de hasta 10 mil habitantes,5843,2577,3266,0.59,1.5204299999999997,554.9569499999999
250107,UCAYALI,CORONEL PORTILLO,MANANTAY,SELVA,DISTRITAL,Selva con Población urbana de más de 50 mil habitantes,113470,110635,2835,0.69,76.33815,27863.42475
250201,UCAYALI,ATALAYA,RAIMONDI,SELVA,PROVINCIAL,Selva con Población urbana entre 10 mil y 50 mil habitantes,41621,18537,23084,0.62,11.49294,4194.9231
250202,UCAYALI,ATALAYA,SEPAHUA,SELVA,DISTRITAL,Selva con Población urbana de hasta 10 mil habitantes,8510,3905,4605,0.5188473382439173,2.026098855842497,739.5260823825114
250203,UCAYALI,ATALAYA,TAHUANIA,SELVA,DISTRITAL,Selva con Población urbana de hasta 10 mil habitantes,11149,2888,8261,0.55,1.5884,579.766
250204,UCAYALI,ATALAYA,YURUA,SELVA,DISTRITAL,Selva con Población urbana de hasta 10 mil habitantes,2564,683,1881,0.67,0.45761,167.02765
250301,UCAYALI,PADRE ABAD,PADRE ABAD 8/ 13/,SELVA,PROVINCIAL,Selva con Población urbana entre 10 mil y 50 mil habitantes,30297,25315,4982,0.59,14.935849999999999,5451.585249999999
250302,UCAYALI,PADRE ABAD,IRAZOLA,SELVA,DISTRITAL,Selva con Población urbana de hasta 10 mil habitantes,12786,8006,4780,0.5188473382439173,4.153891789980802,1516.1705033429928
250303,UCAYALI,PADRE ABAD,CURIMANA,SELVA,DISTRITAL,Selva con Población urbana de hasta 10 mil habitantes,10946,5137,5809,0.6,3.0822,1125.003
250304,UCAYALI,PADRE ABAD,NESHUYA,SELVA,DISTRITAL,Selva con Población urbana de hasta 10 mil habitantes,11236,5346,5890,0.6,3.2076,1170.774
250305,UCAYALI,PADRE ABAD,ALEXANDER VON HUMBOLDT,SELVA,DISTRITAL,Selva con Población urbana de hasta 10 mil habitantes,6380,4993,1387,0.5188473382439173,2.590604759851879,945.5707373459359
250306,UCAYALI,PADRE ABAD,HUIPOCA 8/,SELVA,DISTRITAL,Selva con Población urbana de hasta 10 mil habitantes,4550,2786,1764,0.5188473382439173,1.4455086843475535,527.610669786857
250307,UCAYALI,PADRE ABAD,BOQUERON  13/,SELVA,DISTRITAL,Selva con Población urbana de hasta 10 mil habitantes,5346,2958,2388,0.5188473382439173,1.5347504265255072,560.1839056818101
250401,UCAYALI,PURÚS,PURÚS,SELVA,PROVINCIAL,Selva con Población urbana de hasta 10 mil habitantes,3270,1351,1919,0.5188473382439173,0.7009627539675322,255.85140519814925
