UBIGEO,departamento,provincia,distrito,latitude,longitude,altitude,pob_densidad_2020,idh_2019,pct_pobreza_total,pct_pobreza_extrema
010101,AMAZONAS,CHACHAPOYAS,CHACHAPOYAS,-6.22944444444445,-77.8727777777777,2338.0,201.43711796072299,0.642360593890392,9.034625,1.439875
010102,AMAZONAS,CHACHAPOYAS,ASUNCION,-6.0325,-77.7108333333333,2823.0,13.9634383508363,0.423031925028296,36.519949,15.68075
010103,AMAZONAS,CHACHAPOYAS,BALSAS,-6.83583333333333,-78.0197222222222,859.0,4.0465988966367004,0.3153084213221579,45.732962,15.42712
010104,AMAZONAS,CHACHAPOYAS,CHETO,-6.25555555555555,-77.7008333333333,2143.0,13.568544848165701,0.3457457815677569,39.169782,23.67841
010105,AMAZONAS,CHACHAPOYAS,CHILIQUIN,-6.07833333333333,-77.7375,2677.0,6.8326012689116604,0.275037798834594,53.045662,36.39537
010106,AMAZONAS,CHACHAPOYAS,CHUQUIBAMBA,-6.935,-77.8541666666667,2803.0,7.9137207048774396,0.269269728632059,51.607832,43.78883
010107,AMAZONAS,CHACHAPOYAS,GRANADA,-6.10638888888889,-77.6286111111111,3041.0,3.1530786615952802,0.358001458425031,43.865957,5.943345
010108,AMAZONAS,CHACHAPOYAS,HUANCAS,-6.17361111111111,-77.8644444444444,2591.0,10.801393728222999,0.414755647270218,31.977312,12.50203
010109,AMAZONAS,CHACHAPOYAS,LA JALCA,-6.48472222222222,-77.815,2869.0,16.0598333289519,0.2951844378190839,47.947723,28.35085
010110,AMAZONAS,CHACHAPOYAS,LEIMEBAMBA,-6.7075,-77.8038888888889,2226.0,9.7550517232138105,0.3989509209740669,25.741684,15.19174
010111,AMAZONAS,CHACHAPOYAS,LEVANTO,-6.30777777777778,-77.8991666666667,2681.0,14.727882383286,0.3242953075464239,41.081444,24.37787
010112,AMAZONAS,CHACHAPOYAS,MAGDALENA,-6.37305555555555,-77.9016666666667,1892.0,7.2119288403336501,0.4737697721284039,30.634088,20.61026
010113,AMAZONAS,CHACHAPOYAS,MARISCAL CASTILLA,-6.59444444444444,-77.8086111111111,2210.0,12.969609954534601,0.446101217220829,39.230882,18.90431
010114,AMAZONAS,CHACHAPOYAS,MOLINOPAMPA,-6.20916666666667,-77.6691666666667,2405.0,7.8685676630923096,0.3809071590689779,35.654304,25.45505
010115,AMAZONAS,CHACHAPOYAS,MONTEVIDEO,-6.61805555555555,-77.8022222222222,2421.0,6.3776153264431601,0.4476306761889269,38.644489,10.08896
010116,AMAZONAS,CHACHAPOYAS,OLLEROS,-6.02388888888889,-77.6763888888889,3053.0,3.7551933525087899,0.364667298382429,47.9082,2.628461
010117,AMAZONAS,CHACHAPOYAS,QUINJALCA,-6.09138888888889,-77.6786111111111,3151.0,11.1693416311824,0.341954115321283,47.119202,19.34588
010118,AMAZONAS,CHACHAPOYAS,SAN FRANCISCO DE DAGUAS,-6.22916666666667,-77.74,2254.0,7.3824087745201403,0.4897055758261639,29.704094,7.683372
010119,AMAZONAS,CHACHAPOYAS,SAN ISIDRO DE MAINO,-6.33722222222222,-77.8805555555555,2339.0,6.9735418510868499,0.321841647375863,43.370115,27.92597
010120,AMAZONAS,CHACHAPOYAS,SOLOCO,-6.26055555555555,-77.7441666666667,2387.0,19.625946969697001,0.344628159000522,41.062364,21.18722
010121,AMAZONAS,CHACHAPOYAS,SONCHE,-6.21888888888889,-77.7752777777778,2089.0,3.41691682853611,0.3720944815657579,55.850202,52.77253
010201,AMAZONAS,BAGUA,BAGUA,-5.63888888888889,-78.5311111111111,408.0,181.62129942380301,0.5840630337731318,16.212835,4.467983
010202,AMAZONAS,BAGUA,ARAMANGO,-5.41638888888889,-78.4377777777778,502.0,15.321294819978499,0.361182152533835,38.525807,19.27075
010203,AMAZONAS,BAGUA,COPALLIN,-5.675,-78.4230555555555,693.0,57.486118122160498,0.467245207758446,24.530258,11.24363
010204,AMAZONAS,BAGUA,EL PARCO,-5.625,-78.4752777777778,626.0,93.019480519480496,0.489048641213126,35.249588,12.15905
010205,AMAZONAS,BAGUA,IMAZA,-5.16361111111111,-78.2888888888889,317.0,9.2451995558404292,0.2980892411125469,53.94969,48.88884
010206,AMAZONAS,BAGUA,LA PECA,-5.61194444444444,-78.4369444444445,892.0,68.708850232171301,0.4905837955584749,34.761666,21.7995
010301,AMAZONAS,BONGARA,JUMBILLA,-5.90444444444445,-77.7977777777778,2081.0,7.8674276819302102,0.451394193185704,29.547678,5.12921
010302,AMAZONAS,BONGARA,CHISQUILLA,-5.8975,-77.7861111111111,2057.0,3.0064014631915899,0.474974891206606,42.24183,22.56179
010303,AMAZONAS,BONGARA,CHURUJA,-6.01944444444445,-77.95194444444449,1399.0,11.4577084583083,0.5159135570190129,20.78695,1.867667
010304,AMAZONAS,BONGARA,COROSHA,-5.84333333333333,-77.8225,2297.0,21.699146047733699,0.3958982127108189,54.796368,24.57763
010305,AMAZONAS,BONGARA,CUISPES,-5.92833333333333,-77.9461111111111,1912.0,7.4692919075144504,0.2994450656867579,45.831589,12.79052
010306,AMAZONAS,BONGARA,FLORIDA,-5.82611111111111,-77.9694444444445,2251.0,31.886625332152299,0.3593235711976289,33.682214,6.34247
010307,AMAZONAS,BONGARA,JAZAN,-5.94138888888889,-77.9772222222222,1342.0,94.461330631543404,0.5112580948962259,22.712901,13.66821
010308,AMAZONAS,BONGARA,RECTA,-5.91777777777778,-77.7888888888889,2166.0,13.873067534581001,0.3240053346594939,38.690705,15.61683
010309,AMAZONAS,BONGARA,SAN CARLOS,-5.96611111111111,-77.9452777777778,1942.0,5.1111552203255304,0.3480340939567139,28.9591,4.725558
010310,AMAZONAS,BONGARA,SHIPASBAMBA,-5.91055555555555,-77.9805555555556,1668.0,14.423756775866099,0.365002151268255,35.863148,13.36122
010311,AMAZONAS,BONGARA,VALERA,-6.04277777777778,-77.9191666666667,1928.0,12.2919902374085,0.4006351129437399,20.78695,8.484321
010312,AMAZONAS,BONGARA,YAMBRASBAMBA,-5.73527777777778,-77.925,1887.0,3.9190890230541502,0.352290052865536,43.859279,10.94429
010401,AMAZONAS,CONDORCANQUI,NIEVA,-4.59222222222222,-77.8644444444444,189.0,8.4029694553097904,0.294015899367628,51.406262,34.86494
010402,AMAZONAS,CONDORCANQUI,EL CENEPA,-4.45555555555555,-78.1588888888889,253.0,3.3126438129296099,0.222500134398112,62.912381,60.02361
010403,AMAZONAS,CONDORCANQUI,RIO SANTIAGO,-4.01583333333333,-77.7608333333333,190.0,2.5073177288159201,0.189784605920573,59.872335,31.38112
010501,AMAZONAS,LUYA,LAMUD,-6.13916666666667,-77.9522222222222,2328.0,31.9758238595481,0.485915285368237,30.951386,5.603407
010502,AMAZONAS,LUYA,CAMPORREDONDO,-6.21333333333333,-78.32,1748.0,18.206962580782399,0.341756562388809,50.206718,10.98376
010503,AMAZONAS,LUYA,COCABAMBA,-6.61416666666667,-78.005,2273.0,6.53646199241253,0.254097428970944,55.979223,35.50347
010504,AMAZONAS,LUYA,COLCAMAR,-6.29944444444445,-77.9730555555555,2355.0,21.4915572232645,0.2722092580882419,42.320492,29.24272
010505,AMAZONAS,LUYA,CONILA,-6.15916666666667,-78.1419444444445,2767.0,8.1157044150368893,0.3386492067968119,49.642272,35.13756
010506,AMAZONAS,LUYA,INGUILPATA,-6.23944444444445,-77.9538888888889,2380.0,5.0660792951541902,0.3496132902167359,40.196248,16.60086
010507,AMAZONAS,LUYA,LONGUITA,-6.41361111111111,-77.9683333333333,2799.0,18.7359696080124,0.262887743481219,56.751291,39.73001
010508,AMAZONAS,LUYA,LONYA CHICO,-6.22972222222222,-77.955,2329.0,12.168933428775899,0.338262271379248,46.699525,39.43642
010509,AMAZONAS,LUYA,LUYA,-6.16416666666667,-77.9441666666667,2359.0,45.652888937616503,0.39411651595427,30.284501,10.04575
010510,AMAZONAS,LUYA,LUYA VIEJO,-6.1275,-78.085,2924.0,6.6332746717205904,0.309417669598129,54.438368,32.77698
010511,AMAZONAS,LUYA,MARIA,-6.42888888888889,-77.9608333333333,2757.0,12.819235081599601,0.2821438402843899,51.870194,22.63015
010512,AMAZONAS,LUYA,OCALLI,-6.23527777777778,-78.2663888888889,1757.0,19.623428603641699,0.3273526059415379,45.39658,3.817944
010513,AMAZONAS,LUYA,OCUMAL,-6.2825,-78.2108333333333,1898.0,16.840498600864901,0.285337404934344,52.242779,16.89763
010514,AMAZONAS,LUYA,PISUQUIA,-6.45333333333333,-78.0919444444444,2049.0,19.092985318107701,0.380224972788761,58.528572,54.72109
010515,AMAZONAS,LUYA,PROVIDENCIA,-6.29722222222222,-78.2408333333333,1784.0,22.7464195450716,0.251746492122571,54.733542,29.42918
010516,AMAZONAS,LUYA,SAN CRISTOBAL,-6.10166666666667,-77.9597222222222,2636.0,21.432853717026401,0.331046725290293,52.75641,32.97493
010517,AMAZONAS,LUYA,SAN FRANCISCO DEL YESO,-6.64694444444444,-77.8116666666667,2404.0,6.9510268562401301,0.34710701058663,49.096061,19.26484
010518,AMAZONAS,LUYA,SAN JERONIMO,-6.05972222222222,-77.9744444444444,2498.0,4.1880182614366896,0.255734785108348,47.147578,46.58563
010519,AMAZONAS,LUYA,SAN JUAN DE LOPECANCHA,-6.49638888888889,-77.8619444444444,2164.0,7.4642126789366001,0.362140008639086,55.646778,11.25014
010520,AMAZONAS,LUYA,SANTA CATALINA,-6.11361111111111,-78.0608333333333,2574.0,16.559702083828501,0.273459566805263,60.302966,50.36441
010521,AMAZONAS,LUYA,SANTO TOMAS,-6.5725,-77.8658333333333,2837.0,43.318026610149502,0.2783605871340589,46.979229,33.57183
010522,AMAZONAS,LUYA,TINGO,-6.37972222222222,-77.9058333333333,1800.0,14.5417356579332,0.40402434276642,40.0163,11.15524
010523,AMAZONAS,LUYA,TRITA,-6.15194444444445,-77.9808333333333,2888.0,112.53943217665601,0.3465811191720359,50.058289,16.37895
010601,AMAZONAS,RODRIGUEZ DE MENDOZA,SAN NICOLAS,-6.39527777777778,-77.4822222222222,1616.0,26.401630988786899,0.524840742394436,20.821354,2.983966
010602,AMAZONAS,RODRIGUEZ DE MENDOZA,CHIRIMOTO,-6.52305555555555,-77.4425,1663.0,18.627450980392201,0.262898139825049,38.449165,12.30337
010603,AMAZONAS,RODRIGUEZ DE MENDOZA,COCHAMAL,-6.4075,-77.5852777777778,1720.0,3.9259927797833898,0.4241147150761059,33.428571,7.082071
010604,AMAZONAS,RODRIGUEZ DE MENDOZA,HUAMBO,-6.43111111111111,-77.5366666666667,1731.0,28.666130976295701,0.406387658365786,22.971,7.376823
010605,AMAZONAS,RODRIGUEZ DE MENDOZA,LIMABAMBA,-6.49805555555555,-77.4988888888889,1677.0,5.6625141562853898,0.286111524424427,37.433423,11.21742
010606,AMAZONAS,RODRIGUEZ DE MENDOZA,LONGAR,-6.38583333333334,-77.5466666666667,1623.0,26.464371980676301,0.4184521470833519,25.822,5.72598
010607,AMAZONAS,RODRIGUEZ DE MENDOZA,MARISCAL BENAVIDES,-6.38611111111111,-77.5044444444444,1592.0,11.0228175729368,0.482818762660018,22.117973,3.42374
010608,AMAZONAS,RODRIGUEZ DE MENDOZA,MILPUC,-6.5,-77.4363888888889,1665.0,27.723880597014901,0.310427637045169,31.604121,5.592042
010609,AMAZONAS,RODRIGUEZ DE MENDOZA,OMIA,-6.46777777777778,-77.3955555555555,1368.0,62.279449551761502,0.295900498888919,39.50835,23.20612
010610,AMAZONAS,RODRIGUEZ DE MENDOZA,SANTA ROSA,-6.45361111111111,-77.4552777777778,1770.0,19.0559953092935,0.3575420499198159,24.453776,9.304521
010611,AMAZONAS,RODRIGUEZ DE MENDOZA,TOTORA,-6.49305555555555,-77.4716666666667,1674.0,82.890365448504994,0.3908006660915709,22.971,6.589066
010612,AMAZONAS,RODRIGUEZ DE MENDOZA,VISTA ALEGRE,-6.15083333333333,-77.3038888888889,1504.0,3.4715579186225001,0.249041865462379,51.237772,18.66729
010701,AMAZONAS,UTCUBAMBA,BAGUA GRANDE,-5.75472222222222,-78.4427777777778,444.0,78.276009857494898,0.509394176943613,24.502994,9.396441
010702,AMAZONAS,UTCUBAMBA,CAJARURO,-5.73638888888889,-78.4266666666667,469.0,17.087096201531299,0.4517096429365259,35.929618,18.77501
010703,AMAZONAS,UTCUBAMBA,CUMBA,-5.93555555555556,-78.6636111111111,477.0,33.233103259755403,0.362661087747427,37.445098,14.35234
010704,AMAZONAS,UTCUBAMBA,EL MILAGRO,-5.63777777777778,-78.5583333333333,392.0,19.643824269648601,0.5097283024547689,26.712135,7.604293
010705,AMAZONAS,UTCUBAMBA,JAMALCA,-5.89416666666667,-78.2377777777778,1184.0,22.428627297614401,0.4075997077501309,35.474788,12.48479
010706,AMAZONAS,UTCUBAMBA,LONYA GRANDE,-6.09638888888889,-78.4225,1269.0,32.892168821663802,0.4065202724572449,32.328096,11.55903
010707,AMAZONAS,UTCUBAMBA,YAMON,-6.05083333333333,-78.5288888888889,1052.0,64.745703870855706,0.356250410607554,38.391761,4.701998
020101,ANCASH,HUARAZ,HUARAZ,-9.52972222222222,-77.5291666666667,3073.0,166.83988082865699,0.6030793015789169,10.242455,0.599588
020102,ANCASH,HUARAZ,COCHABAMBA,-9.495,-77.8594444444444,2135.0,16.594176188721001,0.273067850922722,51.041382,25.33511
020103,ANCASH,HUARAZ,COLCABAMBA,-9.59472222222222,-77.8086111111111,3154.0,7.0286278381046401,0.378720840126659,40.32822,6.118961
020104,ANCASH,HUARAZ,HUANCHAY,-9.72361111111111,-77.8186111111111,2592.0,10.451896436419201,0.3216143757122489,33.213594,22.44553
020105,ANCASH,HUARAZ,INDEPENDENCIA,-9.51444444444445,-77.5325,3047.0,221.07304271759699,0.584997707639346,11.537697,0.628832
020106,ANCASH,HUARAZ,JANGAS,-9.40055555555556,-77.5775,2824.0,95.270721925133699,0.432387975358943,23.373813,8.470116
020107,ANCASH,HUARAZ,LA LIBERTAD,-9.63305555555556,-77.7413888888889,3343.0,10.2459515402411,0.192918183255076,40.451562,15.84168
020108,ANCASH,HUARAZ,OLLEROS,-9.66666666666667,-77.4655555555556,3443.0,14.9028756000179,0.322188003852431,27.58076,8.872901
020109,ANCASH,HUARAZ,PAMPAS,-9.65527777777778,-77.8261111111111,3698.0,3.7897208015427202,0.333531560701873,46.279289,8.4222
020110,ANCASH,HUARAZ,PARIACOTO,-9.55944444444445,-77.8905555555556,1264.0,34.750769230769201,0.338115324875019,32.034603,10.00584
020111,ANCASH,HUARAZ,PIRA,-9.58111111111111,-77.7072222222222,3602.0,19.8088048250113,0.3226718311164429,40.32822,40.4584
020112,ANCASH,HUARAZ,TARICA,-9.39361111111111,-77.575,2832.0,64.916575988393205,0.4494840816302099,27.58076,8.321238
020201,ANCASH,AIJA,AIJA,-9.78027777777778,-77.6105555555555,3421.0,13.9351446099912,0.45881596116347,20.74384,4.827501
020202,ANCASH,AIJA,CORIS,-9.82055555555556,-77.7194444444445,2903.0,7.6062137376005996,0.320370473598236,40.218881,16.69016
020203,ANCASH,AIJA,HUACLLAN,-9.79805555555555,-77.6752777777778,3020.0,14.666314956475899,0.312557431462187,27.149267,11.87675
020204,ANCASH,AIJA,LA MERCED,-9.73555555555556,-77.6161111111111,3311.0,15.103214005748599,0.306779106318392,39.637681,16.21712
020205,ANCASH,AIJA,SUCCHA,-9.82305555555556,-77.6497222222222,3167.0,11.364789446981201,0.4008797035414369,23.04721,11.71107
020301,ANCASH,ANTONIO RAYMONDI,LLAMELLIN,-9.10083333333333,-77.0169444444445,3400.0,35.0363356088967,0.4187265150092869,25.153086,12.69753
020302,ANCASH,ANTONIO RAYMONDI,ACZO,-9.15194444444444,-76.9888888888889,2680.0,31.4211212516297,0.3319678276512649,48.338683,30.11389
020303,ANCASH,ANTONIO RAYMONDI,CHACCHO,-9.05972222222223,-77.0583333333333,3371.0,24.205973780240601,0.300035687091434,44.632847,16.56932
020304,ANCASH,ANTONIO RAYMONDI,CHINGAS,-9.11861111111111,-76.9919444444445,2866.0,41.5730337078652,0.364896518141038,31.88595,21.93497
020305,ANCASH,ANTONIO RAYMONDI,MIRGAS,-9.07861111111111,-77.0925,3147.0,30.223689453013801,0.228673647219613,53.281578,21.65163
020306,ANCASH,ANTONIO RAYMONDI,SAN JUAN DE RONTOY,-9.17527777777778,-77.0027777777778,3503.0,14.990788325414499,0.1778111513113279,40.071387,31.52612
020401,ANCASH,ASUNCION,CHACAS,-9.16222222222222,-77.3658333333333,3387.0,10.757443766892299,0.42959293006707,30.403907,5.926086
020402,ANCASH,ASUNCION,ACOCHACA,-9.11472222222222,-77.3683333333333,2864.0,43.028282079782599,0.3012354036633719,37.911803,11.19676
020501,ANCASH,BOLOGNESI,CHIQUIAN,-10.1519444444444,-77.1563888888889,3410.0,22.437011294526499,0.515532198671602,17.422242,1.880641
020502,ANCASH,BOLOGNESI,ABELARDO PARDO LEZAMETA,-10.2991666666667,-77.1463888888889,2108.0,24.4031830238727,0.434686909176477,22.73741,0.363578
020503,ANCASH,BOLOGNESI,ANTONIO RAYMONDI,-10.1572222222222,-77.4705555555555,2139.0,11.1878685762426,0.369827709229959,42.121181,17.80798
020504,ANCASH,BOLOGNESI,AQUIA,-10.0744444444444,-77.145,3356.0,5.4118729866543998,0.4349590377318179,28.459053,2.897792
020505,ANCASH,BOLOGNESI,CAJACAY,-10.1552777777778,-77.4397222222222,2616.0,9.72754584067129,0.453115730804935,22.052934,5.079865
020506,ANCASH,BOLOGNESI,CANIS,-10.3388888888889,-77.1688888888889,2465.0,19.280205655526998,0.4605638762058419,33.31055,7.225021
020507,ANCASH,BOLOGNESI,COLQUIOC,-10.3122222222222,-77.6152777777778,772.0,7.5306798732748303,0.531955068221419,13.461006,0.809487
020508,ANCASH,BOLOGNESI,HUALLANCA,-9.89944444444445,-76.9416666666667,3563.0,7.9242949884931102,0.452876491017844,28.567574,3.722387
020509,ANCASH,BOLOGNESI,HUASTA,-10.1233333333333,-77.1466666666667,3382.0,4.76399164754711,0.371872019520609,36.252914,6.551564
020510,ANCASH,BOLOGNESI,HUAYLLACAYAN,-10.245,-77.4347222222222,3287.0,9.8679584342526692,0.334208053634225,46.825821,13.12803
020511,ANCASH,BOLOGNESI,LA PRIMAVERA,-10.3355555555556,-77.1252777777778,2658.0,5.2324734003789501,0.34607608310267,37.535376,14.50879
020512,ANCASH,BOLOGNESI,MANGAS,-10.3694444444444,-77.1033333333333,3492.0,4.4889502762430897,0.36715018032312,33.31055,4.589867
020513,ANCASH,BOLOGNESI,PACLLON,-10.2344444444444,-77.0716666666667,3296.0,5.4439098028115902,0.426940857604432,22.73741,3.203564
020514,ANCASH,BOLOGNESI,SAN MIGUEL DE CORPANQUI,-10.285,-77.1988888888889,3405.0,7.0351758793969799,0.3990668441244529,22.73741,2.366919
020515,ANCASH,BOLOGNESI,TICLLOS,-10.2530555555556,-77.1908333333333,3665.0,7.12448272005369,0.403408425537718,35.985119,14.07878
020601,ANCASH,CARHUAZ,CARHUAZ,-9.28138888888889,-77.6466666666667,2663.0,86.404274997430903,0.4417978785654809,25.341305,11.12687
020602,ANCASH,CARHUAZ,ACOPAMPA,-9.29472222222222,-77.6252777777778,2692.0,191.249117854622,0.466980736228574,26.14765,4.564928
020603,ANCASH,CARHUAZ,AMASHCA,-9.23916666666667,-77.6466666666667,2905.0,165.72143452877401,0.2940821281880119,36.63522,9.00453
020604,ANCASH,CARHUAZ,ANTA,-9.35777777777778,-77.5988888888889,2800.0,73.289183222958101,0.379037874851395,46.097252,14.22365
020605,ANCASH,CARHUAZ,ATAQUERO,-9.26222222222222,-77.6916666666667,2749.0,43.329097839898303,0.2588836486915189,41.993193,17.09452
020606,ANCASH,CARHUAZ,MARCARA,-9.32277777777777,-77.6036111111111,2767.0,70.277477935107001,0.416163030306859,24.508283,12.00798
020607,ANCASH,CARHUAZ,PARIAHUANCA,-9.36527777777778,-77.5808333333333,2830.0,145.144804088586,0.426111482556431,26.14765,14.68581
020608,ANCASH,CARHUAZ,SAN MIGUEL DE ACO,-9.36833333333333,-77.5644444444444,2956.0,22.189857345582201,0.2562667401651719,59.511489,9.619736
020609,ANCASH,CARHUAZ,SHILLA,-9.23166666666667,-77.625,3036.0,30.970120592979502,0.246231260554127,26.14765,10.46035
020610,ANCASH,CARHUAZ,TINCO,-9.27083333333334,-77.6775,2606.0,220.466321243523,0.458797836142812,34.544772,7.384604
020611,ANCASH,CARHUAZ,YUNGAR,-9.3775,-77.5922222222222,2836.0,76.459185871203999,0.399760310360676,34.352941,10.37092
020701,ANCASH,CARLOS FERMIN FITZCARRALD,SAN LUIS,-9.09416666666667,-77.3288888888889,3145.0,44.4024176252681,0.3352882109430749,35.243619,16.04576
020702,ANCASH,CARLOS FERMIN FITZCARRALD,SAN NICOLAS,-8.97583333333334,-77.1891666666667,2890.0,19.960484320380999,0.2363618546328329,53.17466,17.64446
020703,ANCASH,CARLOS FERMIN FITZCARRALD,YAUYA,-8.99111111111111,-77.2913888888889,3257.0,29.587465524323701,0.268745191949454,46.599182,19.46463
020801,ANCASH,CASMA,CASMA,-9.47583333333334,-78.3063888888889,59.0,30.6577582271652,0.587346060698221,16.666532,1.823669
020802,ANCASH,CASMA,BUENA VISTA ALTA,-9.4325,-78.2069444444444,225.0,10.712936930888301,0.485047467080838,24.24014,4.260352
020803,ANCASH,CASMA,COMANDANTE NOEL,-9.4625,-78.3847222222222,14.0,12.2144270552258,0.52517512103102,13.944203,6.058059
020804,ANCASH,CASMA,YAUTAN,-9.51138888888889,-77.9963888888889,831.0,25.103583426651699,0.46043079060788,24.24014,5.985627
020901,ANCASH,CORONGO,CORONGO,-8.57083333333333,-77.8988888888889,3172.0,11.094808914972401,0.368138104449838,40.723428,6.768192
020902,ANCASH,CORONGO,ACO,-8.52305555555555,-77.8777777777777,3118.0,8.1358330385567701,0.393262941710595,44.305189,9.084512
020903,ANCASH,CORONGO,BAMBAS,-8.6025,-77.9969444444445,2943.0,3.5069145768543599,0.299967293586623,61.961049,12.7844
020904,ANCASH,CORONGO,CUSCA,-8.51333333333333,-77.8647222222222,3196.0,7.1874620337747501,0.340247118350095,36.098091,8.538492
020905,ANCASH,CORONGO,LA PAMPA,-8.66111111111111,-77.9008333333333,1803.0,11.4328294656164,0.4617372894434679,32.886792,2.537687
020906,ANCASH,CORONGO,YANAC,-8.61861111111111,-77.8647222222222,2877.0,18.167938931297702,0.3504725276131179,52.413249,14.29526
020907,ANCASH,CORONGO,YUPAN,-8.61444444444444,-77.9686111111111,2781.0,4.4951671130779101,0.4691086457082689,50.872416,6.485409
021001,ANCASH,HUARI,HUARI,-9.34722222222222,-77.1708333333333,3114.0,23.707101852548199,0.47060209619685,24.245806,5.330713
021002,ANCASH,HUARI,ANRA,-9.23472222222222,-76.9263888888889,3197.0,32.810359855559703,0.266202407763646,41.566079,10.77872
021003,ANCASH,HUARI,CAJAY,-9.32583333333334,-77.1575,3175.0,27.2168183244431,0.3260002708623849,46.527698,15.2029
021004,ANCASH,HUARI,CHAVIN DE HUANTAR,-9.58861111111111,-77.1783333333333,3115.0,21.986501739110398,0.3333168810532179,29.431013,11.87955
021005,ANCASH,HUARI,HUACACHI,-9.31555555555556,-76.9386111111111,3498.0,31.014994232987299,0.323101928621058,36.309609,7.935187
021006,ANCASH,HUARI,HUACCHIS,-9.20055555555555,-76.7869444444444,3491.0,29.268292682926798,0.290412328331904,34.246844,5.69533
021007,ANCASH,HUARI,HUACHIS,-9.41,-77.1,3275.0,33.290012346481298,0.3087247883566879,28.47654,10.73264
021008,ANCASH,HUARI,HUANTAR,-9.45194444444444,-77.1766666666667,3363.0,20.531540185718899,0.379487489308903,33.146911,8.734647
021009,ANCASH,HUARI,MASIN,-9.36583333333333,-77.0963888888889,2547.0,26.616221956723699,0.351384874224269,28.47654,11.26219
021010,ANCASH,HUARI,PAUCAS,-9.15250000000001,-76.8994444444445,3433.0,18.949079890621501,0.3755869124057369,30.4447,6.815552
021011,ANCASH,HUARI,PONTO,-9.32611111111111,-77.0044444444444,3142.0,35.412968129174097,0.287872734604094,40.41345,8.925165
021012,ANCASH,HUARI,RAHUAPAMPA,-9.35916666666667,-77.0786111111111,2521.0,100.77605321507799,0.468768370876035,30.4447,2.34504
021013,ANCASH,HUARI,RAPAYAN,-9.2025,-76.7594444444444,3233.0,15.0899958141482,0.2753242990998,35.258642,3.709486
021014,ANCASH,HUARI,SAN MARCOS,-9.52416666666667,-77.1569444444444,2988.0,40.364616075437802,0.5466010705537508,24.785192,5.46434
021015,ANCASH,HUARI,SAN PEDRO DE CHANA,-9.40305555555556,-77.0111111111111,3439.0,31.590335376848198,0.2758200823642589,40.53261,7.387852
021016,ANCASH,HUARI,UCO,-9.18833333333333,-76.9283333333333,3347.0,34.321954859168102,0.364502215703536,40.094571,8.202859
021101,ANCASH,HUARMEY,HUARMEY,-10.0688888888889,-78.1516666666667,30.0,9.4977162639321708,0.5943297962731359,13.929274,1.14598
021102,ANCASH,HUARMEY,COCHAPETI,-9.98722222222222,-77.6461111111111,3529.0,10.247950409917999,0.296396777362021,41.711712,19.58972
021103,ANCASH,HUARMEY,CULEBRAS,-9.95027777777777,-78.2222222222222,41.0,4.4299880999603296,0.5224048648235688,13.840706,6.053902
021104,ANCASH,HUARMEY,HUAYAN,-9.87527777777778,-77.7083333333333,2702.0,16.1044244787252,0.436092659222631,19.663807,16.69299
021105,ANCASH,HUARMEY,MALVAS,-9.92972222222222,-77.6577777777778,3132.0,4.2091836734693899,0.4138076205150549,25.757746,9.340407
021201,ANCASH,HUAYLAS,CARAZ,-9.04861111111111,-77.8047222222222,2273.0,109.83287360051899,0.49842722626264,24.847898,7.667243
021202,ANCASH,HUAYLAS,HUALLANCA,-8.81888888888889,-77.8630555555555,1391.0,6.5604026845637602,0.530765394213046,43.176707,2.977622
021203,ANCASH,HUAYLAS,HUATA,-9.01638888888889,-77.8613888888889,2712.0,23.1574480124487,0.302874644047645,53.980655,21.27071
021204,ANCASH,HUAYLAS,HUAYLAS,-8.8725,-77.8927777777778,2735.0,33.081385129196697,0.3655518536743779,30.338104,11.09654
021205,ANCASH,HUAYLAS,MATO,-8.96138888888889,-77.8425,2209.0,20.967139656459999,0.349277911295229,40.957408,17.46226
021206,ANCASH,HUAYLAS,PAMPAROMAS,-9.07333333333333,-77.9816666666667,2772.0,18.982572781303499,0.2531273713853859,44.672571,41.12887
021207,ANCASH,HUAYLAS,PUEBLO LIBRE,-9.11,-77.8019444444444,2485.0,65.577525001908597,0.3084378187836049,49.106572,24.00041
021208,ANCASH,HUAYLAS,SANTA CRUZ,-8.95194444444444,-77.815,2890.0,15.8205199888174,0.242702594640572,52.231081,21.46937
021209,ANCASH,HUAYLAS,SANTO TORIBIO,-8.86444444444445,-77.9147222222222,2926.0,15.2158010241405,0.342047557546361,48.920942,15.23159
021210,ANCASH,HUAYLAS,YURACMARCA,-8.7375,-77.9038888888889,1484.0,4.3556655471097701,0.2981493197931089,54.506004,16.66361
021301,ANCASH,MARISCAL LUZURIAGA,PISCOBAMBA,-8.865,-77.3577777777778,3326.0,68.669714783366004,0.4482516464400019,31.635651,5.213621
021302,ANCASH,MARISCAL LUZURIAGA,CASCA,-8.85555555555556,-77.3986111111111,3176.0,57.0043939002326,0.1885553607802699,58.036169,18.86381
021303,ANCASH,MARISCAL LUZURIAGA,ELEAZAR GUZMAN BARRON,-8.90222222222222,-77.2438888888889,2845.0,15.3256704980843,0.278003850203603,50.877294,31.0888
021304,ANCASH,MARISCAL LUZURIAGA,FIDEL OLIVAS ESCUDERO,-8.80611111111111,-77.2797222222222,2849.0,12.606190801679499,0.182492023239579,64.538085,21.98461
021305,ANCASH,MARISCAL LUZURIAGA,LLAMA,-8.915,-77.3013888888889,2839.0,25.992104716393101,0.3011251388826309,45.681818,9.93704
021306,ANCASH,MARISCAL LUZURIAGA,LLUMPA,-8.96083333333334,-77.3675,2900.0,46.688071473441703,0.1933413124190999,55.002729,19.39157
021307,ANCASH,MARISCAL LUZURIAGA,LUCMA,-8.91944444444445,-77.4108333333333,3096.0,41.889621300245601,0.224737463322669,52.653734,17.76709
021308,ANCASH,MARISCAL LUZURIAGA,MUSGA,-8.90611111111111,-77.3391666666667,3001.0,25.125881168177202,0.4185565218415909,52.200894,7.290175
021401,ANCASH,OCROS,OCROS,-10.4033333333333,-77.3966666666667,3238.0,5.5042290175666899,0.4778495277315419,17.105698,7.512887
021402,ANCASH,OCROS,ACAS,-10.4575,-77.3277777777778,3712.0,1.56051964512041,0.4691400862467379,28.06648,7.552923
021403,ANCASH,OCROS,CAJAMARQUILLA,-10.3541666666667,-77.1991666666667,3545.0,2.5026483050847501,0.407202589343994,34.49565,4.409512
021404,ANCASH,OCROS,CARHUAPAMPA,-10.4975,-77.2427777777778,2250.0,4.2812898524321401,0.413811224747403,34.49565,8.233849
021405,ANCASH,OCROS,COCHAS,-10.5366666666667,-77.4227777777778,1290.0,3.3891254343464001,0.531798145443085,23.49801,7.569323
021406,ANCASH,OCROS,CONGAS,-10.3375,-77.4427777777778,3112.0,8.9133276936091708,0.358769396253086,28.06648,12.55317
021407,ANCASH,OCROS,LLIPA,-10.3925,-77.1908333333333,2767.0,7.0347284060552102,0.484529646716276,23.49801,5.820398
021408,ANCASH,OCROS,SAN CRISTOBAL DE RAJAN,-10.3869444444444,-77.2194444444445,3634.0,7.7490774907749103,0.4746105443639639,34.49565,2.730847
021409,ANCASH,OCROS,SAN PEDRO,-10.3719444444444,-77.4872222222222,2243.0,1.66412529884603,0.486843688940347,28.06648,5.867743
021410,ANCASH,OCROS,SANTIAGO DE CHILCAS,-10.4386111111111,-77.3658333333333,3692.0,4.7574626865671696,0.4644248761614209,39.95614,17.87574
021501,ANCASH,PALLASCA,CABANA,-8.39305555555556,-78.0088888888889,3156.0,18.643955020294101,0.4067129363825359,32.465266,5.684376
021502,ANCASH,PALLASCA,BOLOGNESI,-8.35055555555556,-78.0505555555555,2931.0,13.697053406998201,0.367724449526871,51.723124,4.681621
021503,ANCASH,PALLASCA,CONCHUCOS,-8.26861111111111,-77.8527777777777,3206.0,14.609391019069101,0.2753622576799399,62.678741,16.86377
021504,ANCASH,PALLASCA,HUACASCHUQUE,-8.30638888888889,-78.0047222222222,3140.0,9.8757666299732705,0.300742701581425,68.224195,0.947452
021505,ANCASH,PALLASCA,HUANDOVAL,-8.33111111111111,-77.9752777777778,3063.0,9.0086206896551708,0.379155599847397,47.522474,5.08669
021506,ANCASH,PALLASCA,LACABAMBA,-8.26027777777778,-77.8983333333333,3427.0,9.6165739022881809,0.3527816202870179,63.25463,9.40071
021507,ANCASH,PALLASCA,LLAPO,-8.51444444444445,-78.0422222222222,3416.0,22.342279539909399,0.3607410071481609,45.888685,1.672724
021508,ANCASH,PALLASCA,PALLASCA,-8.25305555555556,-77.9994444444445,3086.0,45.373933411410398,0.355183333973533,57.940699,9.483333
021509,ANCASH,PALLASCA,PAMPAS,-8.19527777777778,-77.8958333333333,3216.0,10.3290885024419,0.3196297218004959,45.010098,15.25838
021510,ANCASH,PALLASCA,SANTA ROSA,-8.52777777777778,-78.0675,2413.0,3.31358570137564,0.37229749975169,50.658076,4.336558
021511,ANCASH,PALLASCA,TAUCA,-8.47027777777778,-78.0377777777778,3368.0,13.485080336648799,0.303780056790013,59.271944,8.791797
021601,ANCASH,POMABAMBA,POMABAMBA,-8.82111111111111,-77.4602777777778,2964.0,44.156702690273598,0.4250153304535139,33.104059,11.38241
021602,ANCASH,POMABAMBA,HUAYLLAN,-8.85805555555556,-77.4355555555556,2993.0,41.632010790153998,0.2869357465863149,49.252652,18.3879
021603,ANCASH,POMABAMBA,PAROBAMBA,-8.69583333333333,-77.4297222222222,3182.0,20.691633947447901,0.1283858945190259,49.471399,25.31374
021604,ANCASH,POMABAMBA,QUINUABAMBA,-8.69722222222222,-77.3983333333333,3129.0,17.253183623168599,0.186315086296893,63.401246,26.9718
021701,ANCASH,RECUAY,RECUAY,-9.72166666666667,-77.4563888888889,3428.0,43.3687744823727,0.464622223515603,24.49413,5.023791
021702,ANCASH,RECUAY,CATAC,-9.80166666666667,-77.4305555555556,3579.0,4.8788631698861797,0.4654799331603379,24.49413,5.639719
021703,ANCASH,RECUAY,COTAPARACO,-9.99333333333333,-77.5880555555555,3032.0,3.9803297656928001,0.4208169632304389,24.544536,7.976695
021704,ANCASH,RECUAY,HUAYLLAPAMPA,-10.0555555555556,-77.5366666666667,2908.0,8.2818881185297695,0.2449923595939519,39.387722,21.14052
021705,ANCASH,RECUAY,LLACLLIN,-10.0691666666667,-77.6216666666667,3020.0,11.1473788328388,0.428227552825096,22.66293,25.96223
021706,ANCASH,RECUAY,MARCA,-10.0891666666667,-77.4744444444444,2615.0,6.0051936810214199,0.393557897456055,36.242482,1.882329
021707,ANCASH,RECUAY,PAMPAS CHICO,-10.1147222222222,-77.3980555555556,3552.0,11.3720027857925,0.3896151563653599,22.66293,6.068704
021708,ANCASH,RECUAY,PARARIN,-10.05,-77.6544444444445,3402.0,5.9172061997253298,0.3625706176309009,22.66293,53.93654
021709,ANCASH,RECUAY,TAPACOCHA,-10.0102777777778,-77.5691666666667,3596.0,7.9034839345069496,0.247469188502356,22.66293,14.60365
021710,ANCASH,RECUAY,TICAPAMPA,-9.76055555555556,-77.4427777777778,3485.0,21.568627450980401,0.4608039099187539,22.66293,1.608318
021801,ANCASH,SANTA,CHIMBOTE,-9.04166666666667,-78.6077777777778,52.0,169.818124589446,0.613828089761083,15.745519,0.808274
021802,ANCASH,SANTA,CACERES DEL PERU,-9.01305555555555,-78.1380555555555,1210.0,10.595147149769,0.3830540200470309,44.268123,4.83921
021803,ANCASH,SANTA,COISHCO,-9.02305555555555,-78.6161111111111,31.0,1974.5928338762201,0.576717631510067,19.491299,1.671056
021804,ANCASH,SANTA,MACATE,-8.76027777777778,-78.0613888888889,2731.0,6.8793295133840804,0.3101560714876699,55.6831,16.58829
021805,ANCASH,SANTA,MORO,-9.13888888888889,-78.1833333333333,504.0,26.545150967023801,0.4259847482247999,20.081087,4.265941
021806,ANCASH,SANTA,NEPEÑA,-9.17277777777777,-78.3608333333333,159.0,33.718138966480502,0.568820669072786,19.718336,3.30602
021807,ANCASH,SANTA,SAMANCO,-9.26222222222222,-78.4958333333333,17.0,33.881023509546701,0.5575370467693909,21.460478,4.968667
021808,ANCASH,SANTA,SANTA,-8.98777777777778,-78.6130555555555,35.0,825.71631541558099,0.5751416396314168,19.865735,3.055667
021809,ANCASH,SANTA,NUEVO CHIMBOTE,-9.12861111111111,-78.5308333333333,40.0,396.04598055063798,0.6459598096056909,9.905873,0.217695
021901,ANCASH,SIHUAS,SIHUAS,-8.55444444444445,-77.6308333333333,2767.0,127.77904587993601,0.528514394401842,27.851744,3.291815
021902,ANCASH,SIHUAS,ACOBAMBA,-8.32611111111111,-77.5819444444444,3147.0,12.584945112388899,0.2424454351792499,64.935532,8.677287
021903,ANCASH,SIHUAS,ALFONSO UGARTE,-8.45611111111111,-77.4266666666667,3197.0,7.75616404410854,0.314848008111813,55.834331,3.448555
021904,ANCASH,SIHUAS,CASHAPAMPA,-8.56111111111111,-77.6530555555556,3430.0,40.068697729988102,0.2235535999263509,48.143048,7.196478
021905,ANCASH,SIHUAS,CHINGALPO,-8.33861111111111,-77.5975,3157.0,6.7147806004618902,0.2968052058182469,48.780244,8.456198
021906,ANCASH,SIHUAS,HUAYLLABAMBA,-8.53472222222222,-77.5669444444444,3329.0,14.5976771680924,0.266558490115198,60.205834,14.85562
021907,ANCASH,SIHUAS,QUICHES,-8.395,-77.4911111111111,3035.0,18.737243162335002,0.203232027940383,45.549281,6.958288
021908,ANCASH,SIHUAS,RAGASH,-8.53166666666667,-77.6658333333333,3437.0,16.0278244183257,0.232558426391706,59.317969,5.964367
021909,ANCASH,SIHUAS,SAN JUAN,-8.64638888888889,-77.5819444444444,2739.0,39.098642706939401,0.184331585453285,62.39034,11.65598
021910,ANCASH,SIHUAS,SICSIBAMBA,-8.62333333333333,-77.5355555555555,3148.0,20.953488372092998,0.2835512649020219,47.918974,12.98981
022001,ANCASH,YUNGAY,YUNGAY,-9.14,-77.7447222222222,2517.0,81.343067803961205,0.422517557141792,28.646702,7.914258
022002,ANCASH,YUNGAY,CASCAPARA,-9.22638888888889,-77.7172222222222,2742.0,16.5630422209369,0.266921377690226,62.5019,17.14705
022003,ANCASH,YUNGAY,MANCOS,-9.19,-77.7122222222222,2542.0,116.34660421545701,0.3994345797094909,30.428205,6.669627
022004,ANCASH,YUNGAY,MATACOTO,-9.17694444444444,-77.7472222222222,2486.0,41.466208476517799,0.301290575048594,41.341772,11.08124
022005,ANCASH,YUNGAY,QUILLO,-9.32861111111111,-78.0416666666667,1267.0,38.7288339619613,0.1341229023804499,59.194668,15.55745
022006,ANCASH,YUNGAY,RANRAHIRCA,-9.17305555555556,-77.7225,2496.0,149.23547400611599,0.407115546095261,40.109084,17.0372
022007,ANCASH,YUNGAY,SHUPLUY,-9.21694444444444,-77.6938888888889,2517.0,16.891683619998801,0.23586665766204,53.491018,20.19365
022008,ANCASH,YUNGAY,YANAMA,-9.02055555555556,-77.4708333333333,3389.0,24.795426121136298,0.280668878185777,41.635967,17.78532
030101,APURIMAC,ABANCAY,ABANCAY,-13.6288888888889,-72.8861111111111,2500.0,226.08362347078901,0.6003753883715999,19.900498,2.403733
030102,APURIMAC,ABANCAY,CHACOCHE,-13.9411111111111,-72.9911111111111,3482.0,8.4255776464266496,0.3905381939283559,39.475629,9.943916
030103,APURIMAC,ABANCAY,CIRCA,-13.8783333333333,-72.8758333333333,3206.0,5.0585961850143404,0.2872908283147619,44.881031,8.474463
030104,APURIMAC,ABANCAY,CURAHUASI,-13.5413888888889,-72.6961111111111,2694.0,21.165554170028599,0.377913005157653,31.117322,15.26328
030105,APURIMAC,ABANCAY,HUANIPACA,-13.4922222222222,-72.9333333333333,3155.0,10.4664601729,0.2692665770388419,44.652933,17.50909
030106,APURIMAC,ABANCAY,LAMBRAMA,-13.8708333333333,-72.7697222222222,3126.0,8.1879529159157993,0.337005604759786,32.346012,25.70762
030107,APURIMAC,ABANCAY,PICHIRHUA,-13.8608333333333,-73.0733333333333,2766.0,12.161104966413999,0.261716306693414,42.565085,20.61302
030108,APURIMAC,ABANCAY,SAN PEDRO DE CACHORA,-13.5141666666667,-72.8141666666667,2916.0,30.596671876436499,0.331681127239129,41.283525,10.27363
030109,APURIMAC,ABANCAY,TAMBURCO,-13.6222222222222,-72.8733333333333,2620.0,177.32600732600699,0.563719350968849,19.734357,3.013583
030201,APURIMAC,ANDAHUAYLAS,ANDAHUAYLAS,-13.6561111111111,-73.3897222222222,2836.0,259.63471368674999,0.51278881325191,25.891636,7.51924
030202,APURIMAC,ANDAHUAYLAS,ANDARAPA,-13.5280555555556,-73.3658333333333,3002.0,43.382737576285997,0.1784963411207929,51.744097,25.1938
030203,APURIMAC,ANDAHUAYLAS,CHIARA,-13.8672222222222,-73.6688888888889,3289.0,9.4480257856567196,0.2762229911092,44.922881,14.12803
030204,APURIMAC,ANDAHUAYLAS,HUANCARAMA,-13.6447222222222,-73.0855555555555,2976.0,39.120491374803997,0.3578205954835699,38.089667,12.78218
030205,APURIMAC,ANDAHUAYLAS,HUANCARAY,-13.7572222222222,-73.5275,2909.0,40,0.340807173909748,57.965048,23.28509
030206,APURIMAC,ANDAHUAYLAS,HUAYANA,-14.0508333333333,-73.6094444444444,3196.0,9.6521110767007308,0.286342385042046,37.950094,52.30626
030207,APURIMAC,ANDAHUAYLAS,KISHUARA,-13.6911111111111,-73.1186111111111,3717.0,25.972056403471999,0.283951728286003,50.197483,23.12587
030208,APURIMAC,ANDAHUAYLAS,PACOBAMBA,-13.6152777777778,-73.0838888888889,2712.0,20.927206181374501,0.3140864900619579,36.17471,17.99726
030209,APURIMAC,ANDAHUAYLAS,PACUCHA,-13.6094444444444,-73.3441666666667,3162.0,59.616174658137197,0.2567041372885239,43.413808,11.35333
030210,APURIMAC,ANDAHUAYLAS,PAMPACHIRI,-14.1869444444444,-73.5447222222222,3388.0,4.6273858921161803,0.26589378273127,58.244383,39.58218
030211,APURIMAC,ANDAHUAYLAS,POMACOCHA,-14.0838888888889,-73.5908333333333,3673.0,7.5392832262559004,0.3641009109715009,43.328688,11.38658
030212,APURIMAC,ANDAHUAYLAS,SAN ANTONIO DE CACHI,-13.7730555555556,-73.6033333333333,3258.0,18.374538538986499,0.262028137674753,53.040106,20.79179
030213,APURIMAC,ANDAHUAYLAS,SAN JERONIMO,-13.6516666666667,-73.3658333333333,2973.0,97.969842473254104,0.4619010623422459,33.594622,10.02172
030214,APURIMAC,ANDAHUAYLAS,SAN MIGUEL DE CHACCRAMPA,-13.9611111111111,-73.6077777777778,3681.0,27.168046059733701,0.2391495066506459,57.228157,30.49255
030215,APURIMAC,ANDAHUAYLAS,SANTA MARIA DE CHICMO,-13.6575,-73.4938888888889,3287.0,62.772912298014099,0.3610279270511569,52.899856,12.98248
030216,APURIMAC,ANDAHUAYLAS,TALAVERA,-13.6541666666667,-73.4288888888889,2842.0,145.220091817445,0.479312542754601,30.120466,5.972253
030217,APURIMAC,ANDAHUAYLAS,TUMAY HUARACA,-14.0527777777778,-73.5658333333333,3409.0,4.9472812339101404,0.160153675220567,55.533441,45.40802
030218,APURIMAC,ANDAHUAYLAS,TURPO,-13.7855555555556,-73.4741666666667,3327.0,37.166105038218099,0.329959996688308,48.327018,19.24341
030219,APURIMAC,ANDAHUAYLAS,KAQUIABAMBA,-13.5325,-73.2883333333333,3087.0,24.706002658758599,0.257631897765283,51.887377,11.48771
030220,APURIMAC,ANDAHUAYLAS,JOSE MARIA ARGUEDAS,-13.7341666666667,-73.3505555555555,3590.0,23.861780318497299,0.365098088386824,44.577723,40.1221
030301,APURIMAC,ANTABAMBA,ANTABAMBA,-14.3652777777778,-72.8772222222222,3664.0,5.3961839141380699,0.3187913318835239,28.2,34.11426
030302,APURIMAC,ANTABAMBA,EL ORO,-14.2088888888889,-73.0583333333333,3304.0,8.6034006685074793,0.3534652445780059,32.0526,8.86073
030303,APURIMAC,ANTABAMBA,HUAQUIRCA,-14.3394444444444,-72.895,3500.0,5.3939573459715602,0.415805274857659,25.489168,39.61849
030304,APURIMAC,ANTABAMBA,JUAN ESPINOZA MEDRANO,-14.4283333333333,-72.915,3316.0,3.3359006450370701,0.292207393223864,32.0526,20.76603
030305,APURIMAC,ANTABAMBA,OROPESA,-14.2605555555556,-72.5636111111111,3327.0,2.05063891807613,0.291758580376396,36.240723,28.91183
030306,APURIMAC,ANTABAMBA,PACHACONAS,-14.2233333333333,-73.0163888888889,3465.0,5.6895867331186896,0.3366410277442339,31.609307,15.44785
030307,APURIMAC,ANTABAMBA,SABAINO,-14.3133333333333,-72.9452777777778,3441.0,8.5528891872238102,0.2446402699820139,50.827642,29.8851
030401,APURIMAC,AYMARAES,CHALHUANCA,-14.2944444444444,-73.2447222222222,2929.0,12.7287956815785,0.5076215453766209,23.417227,3.388705
030402,APURIMAC,AYMARAES,CAPAYA,-14.1177777777778,-73.3211111111111,3311.0,8.9131832797427695,0.30763028059379,41.689197,7.420581
030403,APURIMAC,AYMARAES,CARAYBAMBA,-14.3780555555556,-73.1608333333333,3324.0,5.4957217657826396,0.333377458483597,40.195551,9.526701
030404,APURIMAC,AYMARAES,CHAPIMARCA,-13.975,-73.065,3423.0,11.075132573091199,0.269659713247734,40.353115,26.03768
030405,APURIMAC,AYMARAES,COLCABAMBA,-14.0063888888889,-73.2541666666667,3174.0,8.9921671018276808,0.321297770350714,39.005857,9.944438
030406,APURIMAC,AYMARAES,COTARUSE,-14.4158333333333,-73.205,3268.0,2.1682106261751102,0.3664074671664919,32.06848,6.92455
030407,APURIMAC,AYMARAES,HUAYLLO,-14.1330555555556,-73.2677777777778,3172.0,8.4373713815338096,0.351943281801439,39.315296,9.523298
030408,APURIMAC,AYMARAES,JUSTO APU SAHUARAURA,-14.1480555555556,-73.1738888888889,3133.0,8.5006145022531694,0.327890438234668,44.243394,29.08605
030409,APURIMAC,AYMARAES,LUCRE,-13.9497222222222,-73.2261111111111,2822.0,18.854091238233199,0.2729627860711479,55.45137,37.81167
030410,APURIMAC,AYMARAES,POCOHUANCA,-14.2183333333333,-73.0869444444444,3374.0,15.384615384615399,0.310558941295349,39.414423,35.11481
030411,APURIMAC,AYMARAES,SAN JUAN DE CHACÑA,-13.9241666666667,-73.1822222222222,2874.0,9.7643097643097594,0.297465625545412,33.518836,11.15515
030412,APURIMAC,AYMARAES,SAÑAYCA,-14.2044444444444,-73.3469444444444,3373.0,2.73105967788644,0.333049169079079,32.06848,34.15905
030413,APURIMAC,AYMARAES,SORAYA,-14.1647222222222,-73.315,2884.0,17.998163452708901,0.2404852252788859,40.819858,11.60358
030414,APURIMAC,AYMARAES,TAPAIRIHUA,-14.1413888888889,-73.1402777777778,2839.0,15.409515666035499,0.2638647190787349,51.094893,17.30769
030415,APURIMAC,AYMARAES,TINTAY,-13.9594444444444,-73.1852777777778,2824.0,21.826036022843802,0.266574632587879,31.980678,20.76566
030416,APURIMAC,AYMARAES,TORAYA,-14.0530555555556,-73.2938888888889,3167.0,8.9742848887604705,0.317626446319612,38.646567,15.90976
030417,APURIMAC,AYMARAES,YANACA,-14.2252777777778,-73.16,3339.0,10.4062379668849,0.3539062886233519,36.525154,15.18967
030501,APURIMAC,COTABAMBAS,TAMBOBAMBA,-13.9461111111111,-72.1747222222222,3267.0,17.768577876853598,0.313037128475108,43.160874,27.74012
030502,APURIMAC,COTABAMBAS,COTABAMBAS,-13.7455555555556,-72.355,3557.0,14.1613447403302,0.356865033049514,40.569905,11.65235
030503,APURIMAC,COTABAMBAS,COYLLURQUI,-13.8369444444444,-72.4322222222222,3184.0,18.9879460556152,0.290156045489101,53.773145,35.10854
030504,APURIMAC,COTABAMBAS,HAQUIRA,-14.2141666666667,-72.1888888888889,3698.0,21.6989862448997,0.352097849970754,45.178005,41.79606
030505,APURIMAC,COTABAMBAS,MARA,-14.0866666666667,-72.1019444444444,3792.0,27.3854663871169,0.289003375784156,41.746314,33.78617
030506,APURIMAC,COTABAMBAS,CHALLHUAHUACHO,-14.1186111111111,-72.2466666666667,3724.0,28.416219656332402,0.499163551389036,39.009247,42.59977
030601,APURIMAC,CHINCHEROS,CHINCHEROS,-13.5183333333333,-73.7227777777778,2799.0,45.415407854984899,0.419216421729365,47.786392,11.94427
030602,APURIMAC,CHINCHEROS,ANCO-HUALLO,-13.5297222222222,-73.6741666666667,3239.0,312.85347043701802,0.383682435446467,38.898972,20.16271
030603,APURIMAC,CHINCHEROS,COCHARCAS,-13.6105555555556,-73.7413888888889,3051.0,19.044585987261101,0.3377620797509259,53.928486,25.14075
030604,APURIMAC,CHINCHEROS,HUACCANA,-13.3880555555556,-73.6891666666667,3093.0,16.220452427348999,0.3687692793347879,39.165029,22.58581
030605,APURIMAC,CHINCHEROS,OCOBAMBA,-13.4825,-73.5602777777778,3039.0,130.171821305842,0.241310185459975,43.187387,18.30337
030606,APURIMAC,CHINCHEROS,ONGOY,-13.4027777777778,-73.6683333333333,2799.0,29.370629370629398,0.3586591509124669,42.968059,24.92321
030607,APURIMAC,CHINCHEROS,URANMARCA,-13.6722222222222,-73.6694444444445,3115.0,20.426275801788499,0.258446171224023,52.890897,21.75107
030608,APURIMAC,CHINCHEROS,RANRACANCHA,-13.5325,-73.6055555555555,3426.0,101.39263252470801,0.2675541447173919,53.886841,28.9256
030609,APURIMAC,CHINCHEROS,ROCCHACC,-13.4405555555556,-73.6,3042.0,48.700842696629202,0.293967375165236,44.772251,24.92321
030610,APURIMAC,CHINCHEROS,EL PORVENIR,-13.3966666666667,-73.5933333333333,3045.0,28.356761997091599,0.298502619831906,53.790238,24.92321
030611,APURIMAC,CHINCHEROS,LOS CHANKAS,-13.435,-73.8219444444444,2058.0,9.0774855857122798,0.280398000545652,56.57085,22.58581
030612,APURIMAC,CHINCHEROS,AHUAYRO,,,,,,,
030701,APURIMAC,GRAU,CHUQUIBAMBILLA,-14.105,-72.7077777777778,3360.0,12.212716763005799,0.4082419425129509,36.550437,17.30423
030702,APURIMAC,GRAU,CURPAHUASI,-14.0633333333333,-72.6708333333333,3490.0,8.3941108308908703,0.183996857873158,53.583463,19.19429
030703,APURIMAC,GRAU,GAMARRA,-13.8716666666667,-72.5083333333333,3489.0,10.122823592927499,0.1824877464520419,52.995689,25.05454
030704,APURIMAC,GRAU,HUAYLLATI,-13.9280555555556,-72.4844444444445,3469.0,16.171557562076799,0.2296029124318879,46.964669,24.57211
030705,APURIMAC,GRAU,MAMARA,-14.2286111111111,-72.5908333333333,3619.0,13.3665609424558,0.3285074181560629,32.39691,13.51882
030706,APURIMAC,GRAU,MICAELA BASTIDAS,-14.1152777777778,-72.6141666666667,3528.0,9.4788451062284391,0.248528031337266,52.038908,19.80564
030707,APURIMAC,GRAU,PATAYPAMPA,-14.1775,-72.6725,3800.0,6.8088855326914599,0.175747538840506,51.920675,39.15252
030708,APURIMAC,GRAU,PROGRESO,-14.0722222222222,-72.4766666666667,3817.0,14.9652382261676,0.3077814730458329,49.28344,24.08082
030709,APURIMAC,GRAU,SAN ANTONIO,-14.1694444444444,-72.6233333333333,3483.0,14.759535655058,0.3513217265088819,38.126225,14.43945
030710,APURIMAC,GRAU,SANTA ROSA,-14.1397222222222,-72.6566666666667,3539.0,20.049778761061901,0.218165717372332,48.160119,9.09376
030711,APURIMAC,GRAU,TURPAY,-14.2277777777778,-72.6225,3448.0,13.9090561711884,0.35196835974488,32.39691,12.38757
030712,APURIMAC,GRAU,VILCABAMBA,-14.0777777777778,-72.6247222222222,2801.0,141.530740276035,0.4265243541762179,30.130696,2.9016
030713,APURIMAC,GRAU,VIRUNDO,-14.2502777777778,-72.6811111111111,3876.0,8.20889154364707,0.29612842529368,41.359506,16.11618
030714,APURIMAC,GRAU,CURASCO,-14.0619444444444,-72.5677777777778,3566.0,10.524432997066601,0.212786021251445,53.796328,40.95565
040101,AREQUIPA,AREQUIPA,AREQUIPA,-16.3933333333333,-71.5288888888889,2429.0,33021.785714285703,0.762167135992239,0.715245,0.028471
040102,AREQUIPA,AREQUIPA,ALTO SELVA ALEGRE,-16.38,-71.5211111111111,2510.0,13422.0630372493,0.6644305982399789,5.226929,0.48435
040103,AREQUIPA,AREQUIPA,CAYMA,-16.3625,-71.5441666666667,2531.0,437.33912549226602,0.673855163600377,6.404694,0.525522
040104,AREQUIPA,AREQUIPA,CERRO COLORADO,-16.3763888888889,-71.5608333333333,2441.0,1125.2601486563699,0.6411767862503929,9.087223,0.956414
040105,AREQUIPA,AREQUIPA,CHARACATO,-16.4686111111111,-71.4844444444445,2506.0,137.720930232558,0.616646923579503,11.49163,1.254946
040106,AREQUIPA,AREQUIPA,CHIGUATA,-16.4036111111111,-71.3916666666667,3006.0,10.153859508257201,0.519085592536276,17.804566,6.38718
040107,AREQUIPA,AREQUIPA,JACOBO HUNTER,-16.4413888888889,-71.5586111111111,2309.0,2736.9170348551802,0.663174584901959,4.337154,1.110182
040108,AREQUIPA,AREQUIPA,LA JOYA,-16.4230555555556,-71.8183333333333,1640.0,49.480767509176097,0.6105481451420969,16.95343,1.85405
040109,AREQUIPA,AREQUIPA,MARIANO MELGAR,-16.4072222222222,-71.5055555555555,2459.0,2318.9741870600101,0.669505944790258,6.153251,0.704965
040110,AREQUIPA,AREQUIPA,MIRAFLORES,-16.3947222222222,-71.5225,2450.0,2372.9079497907901,0.689308160995599,3.961676,0.549856
040111,AREQUIPA,AREQUIPA,MOLLEBAYA,-16.4872222222222,-71.4669444444445,2515.0,130.89887640449399,0.580001034740323,7.374991,7.094035
040112,AREQUIPA,AREQUIPA,PAUCARPATA,-16.4327777777778,-71.5047222222222,2453.0,5052.4943675571303,0.649762834487291,6.192393,0.676199
040113,AREQUIPA,AREQUIPA,POCSI,-16.5177777777778,-71.3897222222222,3045.0,6.2384044526901699,0.4426969406562369,14.39765,8.117923
040114,AREQUIPA,AREQUIPA,POLOBAYA,-16.5658333333333,-71.3683333333333,3116.0,3.1317225606304202,0.475356345814185,17.682058,6.904941
040115,AREQUIPA,AREQUIPA,QUEQUEÑA,-16.5572222222222,-71.4513888888889,2561.0,60.177497852848497,0.603548562720571,11.49163,4.36982
040116,AREQUIPA,AREQUIPA,SABANDIA,-16.4569444444444,-71.4947222222222,2441.0,148.81244881244899,0.64884921035073,11.49163,1.411776
040117,AREQUIPA,AREQUIPA,SACHACA,-16.4244444444444,-71.5663888888889,2300.0,1279.3466015771701,0.685521468575291,6.565752,0.980855
040118,AREQUIPA,AREQUIPA,SAN JUAN DE SIGUAS,-16.3461111111111,-72.1283333333333,1281.0,12.7639052620298,0.579634622459681,14.39765,3.135608
040119,AREQUIPA,AREQUIPA,SAN JUAN DE TARUCANI,-16.1836111111111,-71.0619444444444,4217.0,0.74273930380333797,0.468528050564535,27.337288,43.89801
040120,AREQUIPA,AREQUIPA,SANTA ISABEL DE SIGUAS,-16.3208333333333,-72.0988888888889,1390.0,4.4260027662517301,0.5720725206664469,22.979894,4.588296
040121,AREQUIPA,AREQUIPA,SANTA RITA DE SIGUAS,-16.4936111111111,-72.0947222222222,1283.0,19.326777609682299,0.608449391663988,16.95343,1.609509
040122,AREQUIPA,AREQUIPA,SOCABAYA,-16.4675,-71.5286111111111,2352.0,3909.7103004291798,0.666751754339157,4.704118,0.834119
040123,AREQUIPA,AREQUIPA,TIABAYA,-16.4494444444444,-71.5916666666667,2218.0,662.77672359266296,0.636178124862218,7.44205,0.939562
040124,AREQUIPA,AREQUIPA,UCHUMAYO,-16.4252777777778,-71.6725,1976.0,86.470899005018893,0.668901326549114,6.330235,1.297306
040125,AREQUIPA,AREQUIPA,VITOR,-16.4658333333333,-71.9358333333333,1189.0,2.2293488824101102,0.6455852322566898,14.39765,2.894101
040126,AREQUIPA,AREQUIPA,YANAHUARA,-16.3819444444444,-71.5363888888889,2402.0,16662.272727272699,0.765343730068274,0.34531,0.054594
040127,AREQUIPA,AREQUIPA,YARABAMBA,-16.5466666666667,-71.4755555555556,2467.0,5.8025193010971101,0.6271558414142259,12.726926,2.531155
040128,AREQUIPA,AREQUIPA,YURA,-16.2469444444444,-71.7063888888889,2495.0,15.7491378866643,0.600506074887516,14.126672,2.219145
040129,AREQUIPA,AREQUIPA,JOSE LUIS BUSTAMANTE Y RIVERO,-16.4266666666667,-71.5238888888889,2389.0,7899.4459833794999,0.745374405879039,1.433882,0.15408
040201,AREQUIPA,CAMANA,CAMANA,-16.6247222222222,-72.7113888888889,20.0,1554.7557840617001,0.64347965848896,5.430922,0.585048
040202,AREQUIPA,CAMANA,JOSE MARIA QUIMPER,-16.6019444444444,-72.7272222222222,35.0,310.58612440191399,0.6333206940025718,18.30842,3.086974
040203,AREQUIPA,CAMANA,MARIANO NICOLAS VALCARCEL,-16.0313888888889,-73.1744444444444,362.0,7.6684476637859902,0.518390511147174,8.106226,0.292261
040204,AREQUIPA,CAMANA,MARISCAL CACERES,-16.6197222222222,-72.7361111111111,18.0,13.2139959607119,0.6284906431913259,22.336496,1.988953
040205,AREQUIPA,CAMANA,NICOLAS DE PIEROLA,-16.5730555555556,-72.7158333333333,71.0,20.824826459779501,0.644540858599547,18.30842,1.475964
040206,AREQUIPA,CAMANA,OCOÑA,-16.4316666666667,-73.105,16.0,3.2577042691546501,0.619300831077462,13.74691,1.589909
040207,AREQUIPA,CAMANA,QUILCA,-16.7169444444444,-72.4255555555555,82.0,1.22882981638805,0.5506134487544149,8.8229936,0.462876
040208,AREQUIPA,CAMANA,SAMUEL PASTOR,-16.6136111111111,-72.6991666666667,21.0,154.409171075838,0.6438160463426849,13.74691,1.480391
040301,AREQUIPA,CARAVELI,CARAVELI,-15.7725,-73.3658333333333,1811.0,5.0887752858399304,0.550943911736273,11.92252,6.210805
040302,AREQUIPA,CARAVELI,ACARI,-15.4355555555556,-74.6163888888889,171.0,5.7681960936424703,0.634185166590694,11.22,1.411353
040303,AREQUIPA,CARAVELI,ATICO,-16.2083333333333,-73.6236111111111,101.0,1.55137561025224,0.582004313903395,11.92252,0.319954
040304,AREQUIPA,CARAVELI,ATIQUIPA,-15.7961111111111,-74.3636111111111,330.0,1.5228426395939101,0.575966083832795,14.32448,1.97601
040305,AREQUIPA,CARAVELI,BELLA UNION,-15.4505555555556,-74.6583333333333,218.0,1.5978242393336699,0.679760092487755,11.92252,1.893557
040306,AREQUIPA,CARAVELI,CAHUACHO,-15.5027777777778,-73.4797222222222,3423.0,0.56440761985694998,0.386963199921115,41.516148,13.26259
040307,AREQUIPA,CARAVELI,CHALA,-15.8655555555556,-74.2475,21.0,20.5216977641524,0.65537110197434,11.92252,0.528791
040308,AREQUIPA,CARAVELI,CHAPARRA,-15.8052777777778,-73.9669444444445,611.0,1.74790760187077,0.663187781616206,11.22,0.609257
040309,AREQUIPA,CARAVELI,HUANUHUANU,-15.6588888888889,-74.0913888888889,972.0,2.6181335742110301,0.658242120114571,14.32448,4.719793
040310,AREQUIPA,CARAVELI,JAQUI,-15.4791666666667,-74.4436111111111,271.0,3.8824665081345802,0.5345584283938108,14.32448,1.086542
040311,AREQUIPA,CARAVELI,LOMAS,-15.5697222222222,-74.8513888888888,26.0,2.9114203666887599,0.5140293355498678,14.32448,0.053373
040312,AREQUIPA,CARAVELI,QUICACHA,-15.625,-73.7983333333333,1836.0,1.86089544266611,0.458185671436929,16.892371,4.892656
040313,AREQUIPA,CARAVELI,YAUCA,-15.6619444444444,-74.5272222222222,31.0,3.3848642818623098,0.550686610107959,7.668367,0.230942
040401,AREQUIPA,CASTILLA,APLAO,-16.0761111111111,-72.4922222222222,625.0,15.606837072683,0.602457653125966,13.35676,3.617176
040402,AREQUIPA,CASTILLA,ANDAGUA,-15.4988888888889,-72.3561111111111,3594.0,2.27981861297167,0.504954060375225,40.965186,13.62169
040403,AREQUIPA,CASTILLA,AYO,-15.6827777777778,-72.2719444444444,2003.0,1.1464463213098799,0.464132894184596,19.31141,1.500315
040404,AREQUIPA,CASTILLA,CHACHAS,-15.5013888888889,-72.2705555555555,3117.0,1.7597795865568,0.426814748526659,38.67712,54.30486
040405,AREQUIPA,CASTILLA,CHILCAYMARCA,-15.2861111111111,-72.3766666666667,3867.0,6.3902519711087802,0.493340230510439,39.311256,8.955372
040406,AREQUIPA,CASTILLA,CHOCO,-15.5766666666667,-72.1288888888889,2418.0,1.1610805789921801,0.278306742040941,39.958151,40.69218
040407,AREQUIPA,CASTILLA,HUANCARQUI,-16.0961111111111,-72.4722222222222,620.0,2.2746220369563899,0.574815634214587,12.598816,0.538086
040408,AREQUIPA,CASTILLA,MACHAGUAY,-15.6502777777778,-72.5061111111111,3131.0,2.7016080035643402,0.4048037327556959,19.31141,9.261827
040409,AREQUIPA,CASTILLA,ORCOPAMPA,-15.2625,-72.3419444444444,3818.0,7.4478512362466702,0.5856107003873569,15.696346,3.300849
040410,AREQUIPA,CASTILLA,PAMPACOLCA,-15.7133333333333,-72.5738888888889,2922.0,11.701349968322001,0.424236651300731,20.922234,7.373532
040411,AREQUIPA,CASTILLA,TIPAN,-15.7230555555556,-72.5019444444444,1939.0,7.8710124826629704,0.485008279386968,25.7727,3.954051
040412,AREQUIPA,CASTILLA,UÑON,-15.7286111111111,-72.4322222222222,2727.0,0.74428316438217801,0.5248571674372429,25.7727,21.17116
040413,AREQUIPA,CASTILLA,URACA,-16.2238888888889,-72.4697222222222,452.0,9.9757645377751007,0.620865760883693,13.35676,1.06181
040414,AREQUIPA,CASTILLA,VIRACO,-15.6583333333333,-72.525,3210.0,9.6950354609929104,0.491623023352984,25.7727,8.610193
040501,AREQUIPA,CAYLLOMA,CHIVAY,-15.6402777777778,-71.6036111111111,3683.0,28.469913563829799,0.564936226993982,16.312763,3.101896
040502,AREQUIPA,CAYLLOMA,ACHOMA,-15.66,-71.7036111111111,3524.0,3.1229354068201398,0.3711713047271579,25.34294,9.271326
040503,AREQUIPA,CAYLLOMA,CABANACONDE,-15.62,-71.9819444444445,3295.0,5.2003039843665197,0.4512227472509859,33.87431,4.158779
040504,AREQUIPA,CAYLLOMA,CALLALLI,-15.5063888888889,-71.4447222222222,3887.0,1.3581576998181899,0.4697700630958849,29.56721,16.92398
040505,AREQUIPA,CAYLLOMA,CAYLLOMA,-15.1888888888889,-71.7733333333333,4361.0,2.8739159439626398,0.537091180109318,40.761881,17.92502
040506,AREQUIPA,CAYLLOMA,COPORAQUE,-15.6272222222222,-71.6461111111111,3600.0,10.3143418467583,0.46874685977482,25.34294,8.635908
040507,AREQUIPA,CAYLLOMA,HUAMBO,-15.7294444444444,-72.1097222222222,3309.0,1.2737499822893501,0.404080616914857,29.062691,12.6622
040508,AREQUIPA,CAYLLOMA,HUANCA,-16.0336111111111,-71.8780555555555,3073.0,3.86286941405052,0.463321612717333,35.870925,5.259933
040509,AREQUIPA,CAYLLOMA,ICHUPAMPA,-15.65,-71.6866666666667,3422.0,11.683802910936,0.4715204773385889,28.86934,6.534282
040510,AREQUIPA,CAYLLOMA,LARI,-15.6183333333333,-71.7725,3373.0,3.3175355450236999,0.425703932304385,29.56721,7.517293
040511,AREQUIPA,CAYLLOMA,LLUTA,-16.0155555555556,-72.0138888888889,3031.0,1.1822644032418499,0.4253985234578129,28.967038,12.22588
040512,AREQUIPA,CAYLLOMA,MACA,-15.6413888888889,-71.7683333333333,3287.0,4.27729910321787,0.414889454042208,29.56721,4.708722
040513,AREQUIPA,CAYLLOMA,MADRIGAL,-15.6083333333333,-71.8075,3300.0,5.1845836716846803,0.39757846955842,29.56721,10.04177
040514,AREQUIPA,CAYLLOMA,SAN ANTONIO DE CHUCA,-15.8388888888889,-71.0905555555556,4470.0,0.77582660144847104,0.4498224071382829,28.86934,30.9048
040515,AREQUIPA,CAYLLOMA,SIBAYO,-15.4861111111111,-71.4569444444444,3836.0,3.2409187847428602,0.504201394400792,33.87431,12.7728
040516,AREQUIPA,CAYLLOMA,TAPAY,-15.5775,-71.9397222222222,3011.0,2.2133898184068399,0.5250847186173488,43.075724,27.59769
040517,AREQUIPA,CAYLLOMA,TISCO,-15.3469444444444,-71.4463888888889,4195.0,1.2601901703782601,0.460394023976111,47.846854,21.90935
040518,AREQUIPA,CAYLLOMA,TUTI,-15.5330555555556,-71.5530555555556,3831.0,3.9646120137252501,0.491938314222685,29.56721,4.610515
040519,AREQUIPA,CAYLLOMA,YANQUE,-15.6483333333333,-71.6608333333333,3468.0,2.3868372151761701,0.532576194546999,24.803464,9.982077
040520,AREQUIPA,CAYLLOMA,MAJES,-16.3533333333333,-72.2472222222222,1392.0,43.683109853610503,0.6077843615696789,12.596769,4.236023
040601,AREQUIPA,CONDESUYOS,CHUQUIBAMBA,-15.8394444444444,-72.6516666666667,2916.0,2.9393485466598701,0.575067718302262,14.327612,5.819207
040602,AREQUIPA,CONDESUYOS,ANDARAY,-15.7972222222222,-72.8608333333333,3047.0,0.76808721506442001,0.625008753994256,23.37544,13.0295
040603,AREQUIPA,CONDESUYOS,CAYARANI,-14.6719444444444,-72.0219444444444,3951.0,2.1967943711622402,0.571761810909098,42.889416,41.75383
040604,AREQUIPA,CONDESUYOS,CHICHAS,-15.5477777777778,-72.9186111111111,2174.0,1.7926356589147301,0.5424780701561989,38.946115,36.75712
040605,AREQUIPA,CONDESUYOS,IRAY,-15.8536111111111,-72.63,2469.0,3.1136418706081899,0.455970758391162,23.37544,11.88425
040606,AREQUIPA,CONDESUYOS,RIO GRANDE,-15.94,-73.1311111111111,484.0,4.8911807082732999,0.653716630374654,14.61039,2.940344
040607,AREQUIPA,CONDESUYOS,SALAMANCA,-15.5044444444444,-72.8344444444444,3226.0,0.71856287425149701,0.324431664043942,27.146444,23.75056
040608,AREQUIPA,CONDESUYOS,YANAQUIHUA,-15.7755555555556,-72.8763888888889,3006.0,3.6525490270275398,0.582786854071272,14.61039,5.284761
040701,AREQUIPA,ISLAY,MOLLENDO,-17.0291666666667,-72.0163888888889,73.0,29.2622003892468,0.6456305778571249,6.391753,0.578221
040702,AREQUIPA,ISLAY,COCACHACRA,-17.0911111111111,-71.7738888888889,114.0,6.5128565479908396,0.6449493635682249,12.38612,1.09892
040703,AREQUIPA,ISLAY,DEAN VALDIVIA,-17.145,-71.8266666666667,16.0,54.721062052505999,0.61639083938292,17.831239,2.053012
040704,AREQUIPA,ISLAY,ISLAY,-17.0008333333333,-72.0975,110.0,14.0445046641305,0.5784035125051519,12.38612,0.612825
040705,AREQUIPA,ISLAY,MEJIA,-17.1011111111111,-71.9075,9.0,14.9335185552689,0.6803071451955959,4.033851,2.349779
040706,AREQUIPA,ISLAY,PUNTA DE BOMBON,-17.1561111111111,-71.7847222222222,138.0,9.6881496881496894,0.6064020802559489,12.38612,1.979815
040801,AREQUIPA,LA UNION,COTAHUASI,-15.2127777777778,-72.88944444444449,2696.0,16.606606606606601,0.505488815217738,18.665816,8.404705
040802,AREQUIPA,LA UNION,ALCA,-15.1341666666667,-72.765,2759.0,11.1984282907662,0.2729064249599499,46.382311,15.20965
040803,AREQUIPA,LA UNION,CHARCANA,-15.2405555555556,-73.0705555555556,3432.0,4.1386821564712299,0.3825683436243649,39.303624,27.24153
040804,AREQUIPA,LA UNION,HUAYNACOTAS,-15.1747222222222,-72.8497222222222,2612.0,2.5787013209812999,0.344836409706256,42.179079,26.99059
040805,AREQUIPA,LA UNION,PAMPAMARCA,-15.1825,-72.9052777777778,2649.0,2.2143523786389201,0.199384777799182,39.978632,31.80925
040806,AREQUIPA,LA UNION,PUYCA,-15.0591666666667,-72.6916666666667,3675.0,2.1422861710631498,0.183998102989392,52.170944,37.72531
040807,AREQUIPA,LA UNION,QUECHUALLA,-15.2738888888889,-73.0222222222222,1964.0,2.9486160294861601,0.349683135219967,28.88604,51.67739
040808,AREQUIPA,LA UNION,SAYLA,-15.32,-73.2219444444444,3544.0,6.6716754320060101,0.425322531276596,33.14391,20.31035
040809,AREQUIPA,LA UNION,TAURIA,-15.3541666666667,-73.2325,2850.0,1.1217745010804601,0.385946808834681,28.88604,27.00149
040810,AREQUIPA,LA UNION,TOMEPAMPA,-15.1730555555556,-72.8302777777778,2644.0,8.1350892098555594,0.3732096958921299,26.542994,8.066977
040811,AREQUIPA,LA UNION,TORO,-15.2644444444444,-72.9283333333333,2987.0,1.6094420600858399,0.305803986564452,33.14391,39.66553
050101,AYACUCHO,HUAMANGA,AYACUCHO,-13.1602777777778,-74.2252777777778,2797.0,1353.11033569967,0.550625263307005,15.054646,3.066979
050102,AYACUCHO,HUAMANGA,ACOCRO,-13.2186111111111,-74.0419444444445,3251.0,23.426084965074999,0.2511977866304729,51.536513,32.43147
050103,AYACUCHO,HUAMANGA,ACOS VINCHOS,-13.1130555555556,-74.1,2874.0,37.565361561025398,0.255008869306073,45.268869,38.4245
050104,AYACUCHO,HUAMANGA,CARMEN ALTO,-13.1794444444444,-74.2205555555555,2921.0,1613.1278538812801,0.530512143156053,26.660474,7.384453
050105,AYACUCHO,HUAMANGA,CHIARA,-13.2727777777778,-74.2058333333333,3540.0,15.2141418080198,0.324731233048541,51.697462,24.62138
050106,AYACUCHO,HUAMANGA,OCROS,-13.3905555555556,-73.9155555555556,3153.0,21.891883042467501,0.230127652425477,52.501663,24.05802
050107,AYACUCHO,HUAMANGA,PACAYCASA,-13.0575,-74.2158333333333,2571.0,64.9859943977591,0.360971461516416,31.561665,24.86248
050108,AYACUCHO,HUAMANGA,QUINUA,-13.0491666666667,-74.1391666666667,3301.0,56.556041505874298,0.304726407891632,37.988189,21.60576
050109,AYACUCHO,HUAMANGA,SAN JOSE DE TICLLAS,-13.1322222222222,-74.3330555555555,3282.0,32.620580731381402,0.2971307923406379,53.852984,60.57925
050110,AYACUCHO,HUAMANGA,SAN JUAN BAUTISTA,-13.1666666666667,-74.2236111111111,2786.0,3525.6089532587198,0.5434028420964149,18.759879,4.135635
050111,AYACUCHO,HUAMANGA,SANTIAGO DE PISCHA,-13.0855555555556,-74.3933333333333,3210.0,18.662860906795501,0.3159422293967559,46.909459,24.26999
050112,AYACUCHO,HUAMANGA,SOCOS,-13.215,-74.2894444444444,3368.0,50.586050829755102,0.2405484316751649,60.55301,48.11389
050113,AYACUCHO,HUAMANGA,TAMBILLO,-13.1947222222222,-74.1105555555555,3111.0,44.423415780199697,0.255767705045581,37.996694,27.8415
050114,AYACUCHO,HUAMANGA,VINCHOS,-13.2416666666667,-74.3541666666667,3155.0,21.330275229357799,0.185977609283795,58.013396,40.95485
050115,AYACUCHO,HUAMANGA,JESUS NAZARENO,-13.1541666666667,-74.2125,2817.0,1292.80397022332,0.57624731718604,16.283852,1.659035
050116,AYACUCHO,HUAMANGA,ANDRES AVELINO CACERES DORREGARAY,-13.1627777777778,-74.2138888888889,2775.0,1976.6163793103401,0.4899437684165859,13.243211,4.033983
050201,AYACUCHO,CANGALLO,CANGALLO,-13.6291666666667,-74.1438888888889,2574.0,34.161988773055299,0.40128281347799,35.00305,19.5545
050202,AYACUCHO,CANGALLO,CHUSCHI,-13.585,-74.3516666666667,3157.0,19.6875822309404,0.318270304561851,49.686077,45.22311
050203,AYACUCHO,CANGALLO,LOS MOROCHUCOS,-13.5575,-74.195,3346.0,36.975752310244097,0.34067993051272,45.977186,18.57728
050204,AYACUCHO,CANGALLO,MARIA PARADO DE BELLIDO,-13.6047222222222,-74.2363888888889,3245.0,18.593665298536401,0.254005827295047,58.648859,31.24922
050205,AYACUCHO,CANGALLO,PARAS,-13.5525,-74.6277777777777,3354.0,7.4782344219290602,0.258777281796821,63.946171,46.44986
050206,AYACUCHO,CANGALLO,TOTOS,-13.5675,-74.5227777777777,3333.0,34.632418069087699,0.279803706664133,49.872178,44.54348
050301,AYACUCHO,HUANCA SANCOS,SANCOS,-13.9197222222222,-74.3341666666667,3433.0,2.5626114600294598,0.437809130099488,34.644506,9.448906
050302,AYACUCHO,HUANCA SANCOS,CARAPO,-13.8375,-74.3155555555555,3246.0,9.9486202038617702,0.359679244557686,51.580689,38.11372
050303,AYACUCHO,HUANCA SANCOS,SACSAMARCA,-13.9427777777778,-74.3127777777778,3463.0,2.5348052835683399,0.3620538134133429,45.793638,20.50829
050304,AYACUCHO,HUANCA SANCOS,SANTIAGO DE LUCANAMARCA,-13.8438888888889,-74.3722222222222,3512.0,4.2597150062285403,0.312277486351176,43.949016,41.73274
050401,AYACUCHO,HUANTA,HUANTA,-12.9394444444444,-74.2480555555556,2685.0,244.169940045483,0.449340638207475,36.194279,15.45203
050402,AYACUCHO,HUANTA,AYAHUANCO,-12.5938888888889,-74.3308333333333,2699.0,7.9693846721944297,0.256590258999743,53.055271,36.7706
050403,AYACUCHO,HUANTA,HUAMANGUILLA,-13.0111111111111,-74.1730555555555,3300.0,52.702844547076701,0.3182118584685479,49.542142,33.47161
050404,AYACUCHO,HUANTA,IGUAIN,-12.9925,-74.2088888888889,3063.0,63.9973958333333,0.360495718120657,52.217517,35.99754
050405,AYACUCHO,HUANTA,LURICOCHA,-12.8997222222222,-74.2736111111111,2598.0,59.443248231313397,0.353696206691125,43.564533,34.8339
050406,AYACUCHO,HUANTA,SANTILLANA,-12.7663888888889,-74.2530555555555,3265.0,17.208555195288099,0.246427207322711,59.937555,53.47808
050407,AYACUCHO,HUANTA,SIVIA,-12.5119444444444,-73.8588888888889,561.0,10.596856253322199,0.386658125978319,45.787749,20.98298
050408,AYACUCHO,HUANTA,LLOCHEGUA,-12.41,-73.9063888888889,540.0,21.883928190695499,0.41187367489574,32.096351,14.33618
050409,AYACUCHO,HUANTA,CANAYRE,-12.2822222222222,-74.0230555555556,528.0,10.883158281907701,0.371225410334866,43.483245,19.77083
050410,AYACUCHO,HUANTA,UCHURACCAY,-12.7613888888889,-74.1455555555555,3898.0,12.854668975622801,0.141929870287826,81.261671,45.92439
050411,AYACUCHO,HUANTA,PUCACOLPA,-12.4205555555556,-74.4891666666667,3493.0,5.4584919759456296,0.198213850928273,78.161251,57.88503
050412,AYACUCHO,HUANTA,CHACA,-12.7841666666667,-74.2058333333333,3400.0,17.740639562911799,0.120244062047101,72.722171,53.47808
050413,AYACUCHO,HUANTA,PUTIS,,,,,,,
050501,AYACUCHO,LA MAR,SAN MIGUEL,-13.0127777777778,-73.9811111111111,2696.0,31.1129553594828,0.332044817446198,48.595298,27.60037
050502,AYACUCHO,LA MAR,ANCO,-13.0602777777778,-73.7069444444444,3213.0,13.035896669406901,0.329762165397951,45.927716,25.26773
050503,AYACUCHO,LA MAR,AYNA,-12.6241666666667,-73.7894444444444,627.0,35.007400777942202,0.415629567747043,38.938658,15.6159
050504,AYACUCHO,LA MAR,CHILCAS,-13.1711111111111,-73.9063888888889,3192.0,13.5202452420488,0.277632172402524,44.042213,36.03852
050505,AYACUCHO,LA MAR,CHUNGUI,-13.2222222222222,-73.6216666666667,3506.0,4.9750697589314301,0.202410044737131,62.395542,45.30511
050506,AYACUCHO,LA MAR,LUIS CARRANZA,-13.2288888888889,-73.8944444444444,2962.0,10.4681978798587,0.203487166058236,63.62024,27.29943
050507,AYACUCHO,LA MAR,SANTA ROSA,-12.6877777777778,-73.7358333333333,729.0,32.351606233294603,0.411984636052569,31.925593,11.76779
050508,AYACUCHO,LA MAR,TAMBO,-12.9480555555556,-74.0208333333333,3237.0,45.994519151105699,0.2421150794024629,54.039499,37.19038
050509,AYACUCHO,LA MAR,SAMUGARI,-12.7683333333333,-73.6555555555555,754.0,24.374758033294601,0.370171326722866,42.323311,13.3294
050510,AYACUCHO,LA MAR,ANCHIHUAY,-12.8636111111111,-73.5825,769.0,16.264196714080899,0.243633660335541,64.817398,25.58353
050511,AYACUCHO,LA MAR,ORONCCOY,-13.3808333333333,-73.4361111111111,3719.0,S.I.,0.2844931668772049,70.349495,45.30511
050512,AYACUCHO,LA MAR,UNION PROGRESO,,,,,,,
050513,AYACUCHO,LA MAR,RIO MAGDALENA,,,,,,,
050514,AYACUCHO,LA MAR,NINABAMBA,,,,,,,
050515,AYACUCHO,LA MAR,PATIBAMBA,,,,,,,
050601,AYACUCHO,LUCANAS,PUQUIO,-14.6941666666667,-74.1244444444444,3234.0,16.951167434183901,0.4950731249259909,34.786636,8.31986
050602,AYACUCHO,LUCANAS,AUCARA,-14.2811111111111,-73.9752777777778,3236.0,2.6895109074609,0.3839876600367039,49.507817,28.18716
050603,AYACUCHO,LUCANAS,CABANA,-14.2883333333333,-73.9672222222222,3298.0,2.7196860563310299,0.4624821767606789,42.702162,11.67135
050604,AYACUCHO,LUCANAS,CARMEN SALCEDO,-14.3877777777778,-73.9619444444445,3478.0,2.5503525735759802,0.4276006247522939,35.0453,9.685107
050605,AYACUCHO,LUCANAS,CHAVIÑA,-14.9794444444444,-73.8375,3338.0,5.6628830589591299,0.4202404187818309,32.446012,35.33347
050606,AYACUCHO,LUCANAS,CHIPAO,-14.3658333333333,-73.8761111111111,3440.0,2.3506525781765499,0.326923899212096,39.271149,39.30516
050607,AYACUCHO,LUCANAS,HUAC-HUAS,-14.1316666666667,-74.9422222222222,3189.0,4.6497350394209596,0.3764140619097849,48.577225,15.15547
050608,AYACUCHO,LUCANAS,LARAMATE,-14.2861111111111,-74.8425,3078.0,2.0091870363536901,0.349125903784613,46.321004,13.62815
050609,AYACUCHO,LUCANAS,LEONCIO PRADO,-14.7288888888889,-74.6702777777778,2696.0,0.91495823842065305,0.361236442711079,38.9161,9.121028
050610,AYACUCHO,LUCANAS,LLAUTA,-14.2436111111111,-74.9202777777778,2666.0,2.3357603667517202,0.460853268139767,27.398913,16.58323
050611,AYACUCHO,LUCANAS,LUCANAS,-14.6225,-74.2330555555556,3385.0,2.5303123289489,0.376528826026978,41.481291,25.67252
050612,AYACUCHO,LUCANAS,OCAÑA,-14.3988888888889,-74.8227777777777,2650.0,2.9963694657928199,0.403624171148039,50.275966,27.46771
050613,AYACUCHO,LUCANAS,OTOCA,-14.49,-74.6866666666667,1883.0,2.2840877534018298,0.4381417939413099,43.895774,21.9558
050614,AYACUCHO,LUCANAS,SAISA,-14.9402777777778,-74.4172222222222,3070.0,0.67133583874274005,0.5329271301685689,50.023129,11.45715
050615,AYACUCHO,LUCANAS,SAN CRISTOBAL,-14.7430555555556,-74.2222222222222,3587.0,5.65551387081132,0.2361607964080869,54.556409,31.48581
050616,AYACUCHO,LUCANAS,SAN JUAN,-14.6516666666667,-74.1991666666667,3290.0,15.653734021081,0.482569863831011,40.744316,14.51365
050617,AYACUCHO,LUCANAS,SAN PEDRO,-14.7669444444444,-74.0977777777778,3115.0,4.6942144250576403,0.2798451898325209,49.01561,35.98177
050618,AYACUCHO,LUCANAS,SAN PEDRO DE PALCO,-14.4119444444444,-74.6513888888889,2538.0,2.3798325651396901,0.287747712166572,35.0453,22.85217
050619,AYACUCHO,LUCANAS,SANCOS,-15.0627777777778,-73.9522222222222,2826.0,2.05474498149086,0.484296612167306,42.278768,15.07671
050620,AYACUCHO,LUCANAS,SANTA ANA DE HUAYCAHUACHO,-14.2263888888889,-73.9566666666667,2984.0,10.6458621370729,0.3765185882441129,29.714467,29.98177
050621,AYACUCHO,LUCANAS,SANTA LUCIA,-14.9783333333333,-74.5238888888889,2252.0,0.87426653845399105,0.4428140299494789,39.630727,13.99192
050701,AYACUCHO,PARINACOCHAS,CORACORA,-15.0169444444444,-73.7813888888889,3166.0,8.7236764064855894,0.435592689132404,37.181469,15.56557
050702,AYACUCHO,PARINACOCHAS,CHUMPI,-15.0944444444444,-73.7480555555556,3226.0,6.6803166803166798,0.325360218201439,37.010343,30.31733
050703,AYACUCHO,PARINACOCHAS,CORONEL CASTAÑEDA,-14.8072222222222,-73.2822222222222,3622.0,0.93317930760622403,0.513623210304806,55.840313,49.0346
050704,AYACUCHO,PARINACOCHAS,PACAPAUSA,-14.9502777777778,-73.3677777777778,2821.0,5.5024255024255,0.327540004395636,29.416076,20.83854
050705,AYACUCHO,PARINACOCHAS,PULLO,-15.21,-73.8266666666667,3037.0,3.0051077230308398,0.4559974426459469,37.805466,18.68214
050706,AYACUCHO,PARINACOCHAS,PUYUSCA,-15.2469444444444,-73.5694444444444,3307.0,3.31216553692472,0.3278136237994199,32.122544,27.07587
050707,AYACUCHO,PARINACOCHAS,SAN FRANCISCO DE RAVACAYCO,-14.9969444444444,-73.3511111111111,2833.0,10.397676049283801,0.3735868267382079,39.325269,36.62527
050708,AYACUCHO,PARINACOCHAS,UPAHUACHO,-14.9072222222222,-73.3975,3341.0,2.6849408359581202,0.2683870703500699,58.999703,31.70152
050801,AYACUCHO,PAUCAR DEL SARA SARA,PAUSA,-15.2786111111111,-73.3441666666667,2536.0,11.1417744460005,0.519541519943789,23.525361,7.852957
050802,AYACUCHO,PAUCAR DEL SARA SARA,COLTA,-15.1627777777778,-73.2938888888889,3267.0,1.7454650366042801,0.3439745311780699,39.918399,27.08732
050803,AYACUCHO,PAUCAR DEL SARA SARA,CORCULLA,-15.2627777777778,-73.2002777777778,3503.0,4.5028335909325099,0.3349156737899299,37.40018,24.00731
050804,AYACUCHO,PAUCAR DEL SARA SARA,LAMPA,-15.185,-73.3491666666667,2809.0,6.6954569010191696,0.395362727825013,32.14853,17.7483
050805,AYACUCHO,PAUCAR DEL SARA SARA,MARCABAMBA,-15.1497222222222,-73.3416666666667,2615.0,4.3907614461764499,0.475850762099625,19.857407,7.947107
050806,AYACUCHO,PAUCAR DEL SARA SARA,OYOLO,-15.18,-73.1852777777778,3410.0,1.4558667528318701,0.414593432754131,39.685743,39.80114
050807,AYACUCHO,PAUCAR DEL SARA SARA,PARARCA,-15.2175,-73.4647222222222,3047.0,8.0469694353306807,0.3860926504306749,32.14853,19.3893
050808,AYACUCHO,PAUCAR DEL SARA SARA,SAN JAVIER DE ALPABAMBA,-15.0566666666667,-73.3222222222222,2628.0,6.3745019920318704,0.349504113393866,37.40018,18.28748
050809,AYACUCHO,PAUCAR DEL SARA SARA,SAN JOSE DE USHUA,-15.225,-73.2266666666667,3034.0,11.8869013271783,0.407864756534954,30.29507,27.93903
050810,AYACUCHO,PAUCAR DEL SARA SARA,SARA SARA,-15.2452777777778,-73.4530555555556,3305.0,7.20030158331239,0.389614507118693,30.29507,25.79834
050901,AYACUCHO,SUCRE,QUEROBAMBA,-14.0116666666667,-73.8386111111111,3516.0,9.4612733538907996,0.4666425080552499,32.838765,20.18349
050902,AYACUCHO,SUCRE,BELEN,-13.8088888888889,-73.7575,3223.0,7.1394114809454896,0.4190728358949479,53.497967,18.50754
050903,AYACUCHO,SUCRE,CHALCOS,-13.8480555555556,-73.7541666666667,3677.0,9.8750641793599208,0.373474317830647,58.364017,25.89143
050904,AYACUCHO,SUCRE,CHILCAYOC,-13.8830555555556,-73.7272222222222,3404.0,18.814277071990301,0.323917763593345,50.765457,33.12294
050905,AYACUCHO,SUCRE,HUACAÑA,-14.1722222222222,-73.8863888888889,3186.0,3.2245912755217399,0.448875108614995,43.526738,23.96932
050906,AYACUCHO,SUCRE,MORCOLLA,-14.1086111111111,-73.8719444444444,3504.0,4.9284578696343404,0.325651108793004,64.442539,32.51203
050907,AYACUCHO,SUCRE,PAICO,-14.0383333333333,-73.6422222222222,3111.0,8.4871311989956109,0.342982344659134,46.972272,28.39646
050908,AYACUCHO,SUCRE,SAN PEDRO DE LARCAY,-14.1686111111111,-73.5727777777777,3395.0,2.89289515270745,0.324530752237215,47.117162,50.39487
050909,AYACUCHO,SUCRE,SAN SALVADOR DE QUIJE,-13.9683333333333,-73.7347222222222,3222.0,9.1336513862960604,0.3143419223692819,45.354617,37.04939
050910,AYACUCHO,SUCRE,SANTIAGO DE PAUCARAY,-14.0444444444444,-73.6375,3251.0,11.141260973663201,0.3443912958057939,54.993232,33.0426
050911,AYACUCHO,SUCRE,SORAS,-14.1144444444444,-73.6044444444444,3432.0,2.6482666145207698,0.3750139000613729,42.283405,41.0598
051001,AYACUCHO,VICTOR FAJARDO,HUANCAPI,-13.7522222222222,-74.0666666666667,3105.0,9.1336467427803907,0.50695959906762,32.611348,18.06002
051002,AYACUCHO,VICTOR FAJARDO,ALCAMENCA,-13.6572222222222,-74.1472222222222,3173.0,14.898888977699601,0.290565080737537,52.052896,33.03137
051003,AYACUCHO,VICTOR FAJARDO,APONGO,-14.0133333333333,-73.9322222222222,3078.0,5.0880055950576999,0.382300196788594,53.484127,17.15028
051004,AYACUCHO,VICTOR FAJARDO,ASQUIPATA,-14.0547222222222,-73.9094444444444,3332.0,6.6035067873303204,0.435936738353615,44.9478,21.32696
051005,AYACUCHO,VICTOR FAJARDO,CANARIA,-13.9230555555556,-73.9047222222222,3043.0,11.319539184477801,0.505707397006043,50.85634,19.50138
051006,AYACUCHO,VICTOR FAJARDO,CAYARA,-13.7952777777778,-73.9886111111111,3207.0,18.1660649819495,0.330134173205676,59.034564,29.16664
051007,AYACUCHO,VICTOR FAJARDO,COLCA,-13.7125,-74.0338888888889,3003.0,18.75808538163,0.332558597457341,42.320098,34.63213
051008,AYACUCHO,VICTOR FAJARDO,HUAMANQUIQUIA,-13.7291666666667,-74.2722222222222,3390.0,18.104856676073101,0.263179849278575,63.468119,28.66587
051009,AYACUCHO,VICTOR FAJARDO,HUANCARAYLLA,-13.7188888888889,-74.1025,3246.0,10.369206598586,0.3919725642613359,36.235036,21.24137
051010,AYACUCHO,VICTOR FAJARDO,HUAYA,-13.85,-73.9508333333333,3423.0,13.9061825802873,0.32917386857808,55.917583,46.26695
051011,AYACUCHO,VICTOR FAJARDO,SARHUA,-13.6727777777778,-74.3202777777778,3184.0,8.4579514391381192,0.2584010205918519,70.736082,44.54359
051012,AYACUCHO,VICTOR FAJARDO,VILCANCHOS,-13.6113888888889,-74.5325,3011.0,6.4167368716652602,0.264738295334461,58.111649,47.05287
051101,AYACUCHO,VILCAS HUAMAN,VILCAS HUAMAN,-13.6525,-73.9538888888889,3494.0,35.298999492830497,0.329249042890353,46.946494,25.78297
051102,AYACUCHO,VILCAS HUAMAN,ACCOMARCA,-13.8005555555556,-73.9041666666667,3387.0,15.989324275142501,0.2372402907441069,41.373965,43.16797
051103,AYACUCHO,VILCAS HUAMAN,CARHUANCA,-13.7425,-73.7872222222222,2980.0,17.237743806009501,0.328352946802896,47.288156,28.52883
051104,AYACUCHO,VILCAS HUAMAN,CONCEPCION,-13.5325,-73.8752777777778,3061.0,12.407571036599499,0.2089981927930089,55.226955,35.98515
051105,AYACUCHO,VILCAS HUAMAN,HUAMBALPA,-13.7502777777778,-73.9316666666667,3294.0,13.498275404616599,0.326261592279862,27.591488,25.64112
051106,AYACUCHO,VILCAS HUAMAN,INDEPENDENCIA,-13.8527777777778,-73.8772222222222,3606.0,16.885553470919302,0.2550146536013819,40.654191,30.99414
051107,AYACUCHO,VILCAS HUAMAN,SAURAMA,-13.6955555555556,-73.7594444444444,3574.0,13.3473462953232,0.2311024064248959,57.615286,31.57771
051108,AYACUCHO,VILCAS HUAMAN,VISCHONGO,-13.5891666666667,-73.9952777777778,3150.0,16.573065050024201,0.3421303129037229,39.958274,28.91333
060101,CAJAMARCA,CAJAMARCA,CAJAMARCA,-7.15472222222222,-78.5108333333333,2731.0,644.31206563202204,0.607017527674158,19.74874,4.944411
060102,CAJAMARCA,CAJAMARCA,ASUNCION,-7.32472222222222,-78.5186111111111,2254.0,48.582167665810204,0.234301628820936,58.25357,46.22379
060103,CAJAMARCA,CAJAMARCA,CHETILLA,-7.14694444444445,-78.6733333333333,2802.0,63.713822017852301,0.116449282558357,74.378962,70.6261
060104,CAJAMARCA,CAJAMARCA,COSPAN,-7.42722222222222,-78.5422222222222,2471.0,14.738989602534,0.191374119008747,73.630185,51.61699
060105,CAJAMARCA,CAJAMARCA,ENCAÑADA,-7.08694444444444,-78.3444444444444,3087.0,51.067615658363003,0.2787832446449399,74.909599,42.69971
060106,CAJAMARCA,CAJAMARCA,JESUS,-7.24861111111111,-78.3791666666666,2568.0,66.715213981626704,0.312241647270176,70.501191,43.52251
060107,CAJAMARCA,CAJAMARCA,LLACANORA,-7.19361111111111,-78.4266666666667,2621.0,126.042088223391,0.3658867820676109,63.634096,25.31559
060108,CAJAMARCA,CAJAMARCA,LOS BAÑOS DEL INCA,-7.16361111111111,-78.4644444444445,2685.0,164.352387843705,0.487318279535978,36.669142,16.76536
060109,CAJAMARCA,CAJAMARCA,MAGDALENA,-7.25083333333333,-78.6597222222222,1298.0,52.001114309592303,0.3499131122933449,54.524421,27.22916
060110,CAJAMARCA,CAJAMARCA,MATARA,-7.25472222222222,-78.2597222222222,2834.0,79.410780046869704,0.3412504330954619,50.188485,35.11569
060111,CAJAMARCA,CAJAMARCA,NAMORA,-7.20277777777778,-78.3247222222222,2765.0,69.444905639493101,0.272322187843734,67.78289,35.94716
060112,CAJAMARCA,CAJAMARCA,SAN JUAN,-7.29166666666667,-78.4975,2336.0,85.845535457938595,0.2871763458712909,54.57969,60.41476
060201,CAJAMARCA,CAJABAMBA,CAJABAMBA,-7.62305555555555,-78.0461111111111,2687.0,203.89515835456899,0.438436187535285,28.787015,36.49493
060202,CAJAMARCA,CAJABAMBA,CACHACHI,-7.44888888888889,-78.2688888888889,3224.0,32.677477126253301,0.2948350537014909,76.856871,54.01931
060203,CAJAMARCA,CAJABAMBA,CONDEBAMBA,-7.57361111111111,-78.0697222222222,2829.0,69.755620723362696,0.2517980913588909,55.504548,32.43587
060204,CAJAMARCA,CAJABAMBA,SITACOCHA,-7.51944444444445,-77.9694444444445,3209.0,16.432179543682398,0.257407821092545,72.224726,47.4208
060301,CAJAMARCA,CELENDIN,CELENDIN,-6.86694444444444,-78.1430555555555,2629.0,70.092909535452307,0.4626426475820469,35.147289,23.91799
060302,CAJAMARCA,CELENDIN,CHUMUCH,-6.60277777777778,-78.2002777777778,2202.0,17.2847682119205,0.137595947784613,65.131207,57.87238
060303,CAJAMARCA,CELENDIN,CORTEGANA,-6.51305555555555,-78.3288888888889,2352.0,37.825211092537799,0.1902973186920919,72.264025,50.45723
060304,CAJAMARCA,CELENDIN,HUASMIN,-6.8375,-78.2447222222222,2543.0,31.069714285714301,0.196968014064723,76.131443,53.15882
060305,CAJAMARCA,CELENDIN,JORGE CHAVEZ,-6.94111111111111,-78.0916666666667,2646.0,15.354330708661401,0.372644690434531,48.892668,23.93738
060306,CAJAMARCA,CELENDIN,JOSE GALVEZ,-6.92555555555555,-78.1327777777777,2618.0,57.076366143768297,0.4099225962391719,47.788223,16.89658
060307,CAJAMARCA,CELENDIN,MIGUEL IGLESIAS,-6.65027777777778,-78.2325,2813.0,22.00822975438,0.1608063274622159,75.803568,40.23896
060308,CAJAMARCA,CELENDIN,OXAMARCA,-7.04222222222222,-78.0683333333333,2836.0,25.471762614522099,0.184400166425672,80.998207,36.49691
060309,CAJAMARCA,CELENDIN,SOROCHUCO,-6.91194444444445,-78.2552777777778,2663.0,65.662863192565595,0.243053644302323,66.234164,56.71386
060310,CAJAMARCA,CELENDIN,SUCRE,-6.94277777777778,-78.1352777777778,2632.0,21.794966418185801,0.3487472001511889,53.907275,28.00743
060311,CAJAMARCA,CELENDIN,UTCO,-6.89638888888889,-78.0633333333333,2225.0,15.696001587459101,0.1967586046551569,66.829214,35.3758
060312,CAJAMARCA,CELENDIN,LA LIBERTAD DE PALLAN,-6.72388888888889,-78.2825,2952.0,43.7286110054864,0.194576257385796,68.677194,64.45201
060401,CAJAMARCA,CHOTA,CHOTA,-6.55972222222222,-78.6469444444445,2430.0,212.93982808022901,0.470087577919496,48.08033,12.10598
060402,CAJAMARCA,CHOTA,ANGUIA,-6.34194444444444,-78.6052777777778,2620.0,31.761645394683399,0.193132022910809,78.712226,44.38836
060403,CAJAMARCA,CHOTA,CHADIN,-6.47138888888889,-78.4194444444445,2429.0,69.0816173154968,0.260290293008414,66.695063,27.05153
060404,CAJAMARCA,CHOTA,CHIGUIRIP,-6.42833333333333,-78.7213888888889,2652.0,91.232503888024894,0.210555556833342,69.123626,52.04752
060405,CAJAMARCA,CHOTA,CHIMBAN,-6.25166666666667,-78.4788888888889,1668.0,14.5082667470727,0.2589946186041199,57.313483,48.65219
060406,CAJAMARCA,CHOTA,CHOROPAMPA,-6.37111111111111,-78.4119444444445,2215.0,18.788973716417001,0.2753109216938339,57.256073,60.99729
060407,CAJAMARCA,CHOTA,COCHABAMBA,-6.47388888888889,-78.8858333333333,1688.0,49.434658872394401,0.3011301347839699,64.00383,47.60839
060408,CAJAMARCA,CHOTA,CONCHAN,-6.44472222222222,-78.6558333333333,2321.0,35.554569161626802,0.231963532277391,70.238875,35.13582
060409,CAJAMARCA,CHOTA,HUAMBOS,-6.45277777777778,-78.9611111111111,2292.0,38.509471585244299,0.2654992518529379,69.520731,32.80781
060410,CAJAMARCA,CHOTA,LAJAS,-6.56055555555555,-78.7347222222222,2151.0,122.08233247742901,0.33057999407609,71.060172,28.85769
060411,CAJAMARCA,CHOTA,LLAMA,-6.51444444444444,-79.1202777777778,2112.0,12.973289691679801,0.419870526450055,46.883478,32.25202
060412,CAJAMARCA,CHOTA,MIRACOSTA,-6.40444444444445,-79.2836111111111,2983.0,9.8727417065601806,0.2146302290203709,73.618957,69.67486
060413,CAJAMARCA,CHOTA,PACCHA,-6.4975,-78.4236111111111,2130.0,60.114930296903303,0.296654836749948,56.236061,41.69113
060414,CAJAMARCA,CHOTA,PION,-6.17777777777778,-78.4825,1834.0,11.6483516483516,0.320366435638667,39.457441,40.41676
060415,CAJAMARCA,CHOTA,QUEROCOTO,-6.35972222222222,-79.0344444444444,2445.0,30.438104095393101,0.376093830975545,55.079391,19.78146
060416,CAJAMARCA,CHOTA,SAN JUAN DE LICUPIS,-6.42416666666667,-79.2422222222222,3031.0,6.04360762889615,0.297781563959302,64.294574,51.49271
060417,CAJAMARCA,CHOTA,TACABAMBA,-6.39277777777778,-78.6113888888889,2077.0,90.797452229299395,0.275743478430081,61.694068,34.81333
060418,CAJAMARCA,CHOTA,TOCMOCHE,-6.41277777777778,-79.3608333333333,1313.0,5.0139401025272097,0.304735002979167,65.383911,32.18928
060419,CAJAMARCA,CHOTA,CHALAMARCA,-6.50305555555555,-78.4797222222222,2667.0,63.825525759430299,0.277596469773957,59.971932,32.51447
060501,CAJAMARCA,CONTUMAZA,CONTUMAZA,-7.36666666666667,-78.8052777777778,2695.0,22.432175951769601,0.3525993018381439,48.92452,31.29377
060502,CAJAMARCA,CONTUMAZA,CHILETE,-7.22138888888889,-78.8397222222222,883.0,23.391070628639699,0.5294503947944679,26.729719,17.37027
060503,CAJAMARCA,CONTUMAZA,CUPISNIQUE,-7.34888888888889,-79.0297222222222,1904.0,5.6995003568879401,0.273443900947794,63.711821,47.37156
060504,CAJAMARCA,CONTUMAZA,GUZMANGO,-7.38388888888889,-78.8961111111111,2568.0,59.643143544506799,0.257316792253276,67.344987,41.92041
060505,CAJAMARCA,CONTUMAZA,SAN BENITO,-7.425,-78.9275,1386.0,6.8769910595005701,0.382390266313539,53.088797,18.73191
060506,CAJAMARCA,CONTUMAZA,SANTA CRUZ DE TOLEDO,-7.34444444444444,-78.8366666666667,2426.0,19.851231985123199,0.24045905927351,68.006417,54.41644
060507,CAJAMARCA,CONTUMAZA,TANTARICA,-7.30055555555555,-78.9330555555556,2780.0,17.488309953239799,0.4095613714220309,51.352498,35.36024
060508,CAJAMARCA,CONTUMAZA,YONAN,-7.25305555555555,-79.1311111111111,453.0,12.1589767016903,0.5563774842369659,26.361603,7.24426
060601,CAJAMARCA,CUTERVO,CUTERVO,-6.37722222222222,-78.8180555555555,2665.0,133.60409216851801,0.39888119354965,46.552723,23.26975
060602,CAJAMARCA,CUTERVO,CALLAYUC,-6.18111111111111,-78.9105555555556,1558.0,32.121499762695798,0.3376083017713409,75.643123,35.61353
060603,CAJAMARCA,CUTERVO,CHOROS,-5.9,-78.6938888888889,474.0,13.3268341998845,0.393494281322402,59.848048,45.66194
060604,CAJAMARCA,CUTERVO,CUJILLO,-6.10694444444444,-78.5738888888889,1598.0,26.760304782888099,0.311970210839353,76.62892,47.40616
060605,CAJAMARCA,CUTERVO,LA RAMADA,-6.25333333333333,-78.5755555555555,2131.0,148.13346547737001,0.2740881011497859,73.322219,59.52782
060606,CAJAMARCA,CUTERVO,PIMPINGOS,-6.06194444444444,-78.7586111111111,1757.0,33.503547624166799,0.276385531903431,60.36662,41.71957
060607,CAJAMARCA,CUTERVO,QUEROCOTILLO,-6.27361111111111,-79.0377777777778,2003.0,21.8175297661742,0.274225313514711,69.150117,56.38014
060608,CAJAMARCA,CUTERVO,SAN ANDRES DE CUTERVO,-6.23888888888889,-78.7127777777778,2090.0,38.725637181409297,0.34536181517959,56.361401,36.64004
060609,CAJAMARCA,CUTERVO,SAN JUAN DE CUTERVO,-6.16305555555555,-78.5980555555555,1645.0,41.876129456218202,0.3765506993360699,64.692878,34.69833
060610,CAJAMARCA,CUTERVO,SAN LUIS DE LUCMA,-6.29388888888889,-78.6036111111111,1916.0,31.939128850009102,0.291987208869314,55.112222,46.35741
060611,CAJAMARCA,CUTERVO,SANTA CRUZ,-6.095,-78.8527777777777,1708.0,26.375,0.319556903325725,68.561045,49.80612
060612,CAJAMARCA,CUTERVO,SANTO DOMINGO DE LA CAPILLA,-6.24472222222222,-78.8552777777778,1761.0,58.5887796414112,0.27098286260304,66.84112,47.63655
060613,CAJAMARCA,CUTERVO,SANTO TOMAS,-6.15138888888889,-78.6819444444445,2167.0,29.0654840670935,0.356592195034307,70.070425,57.28386
060614,CAJAMARCA,CUTERVO,SOCOTA,-6.31527777777778,-78.6994444444445,1847.0,77.697841726618705,0.334464667320305,54.88722,38.73522
060615,CAJAMARCA,CUTERVO,TORIBIO CASANOVA,-6.00416666666667,-78.6983333333333,1464.0,34.440344403444001,0.3064819755892079,38.007366,37.59187
060701,CAJAMARCA,HUALGAYOC,BAMBAMARCA,-6.67972222222222,-78.5188888888889,2556.0,175.26917453143699,0.348487155802294,51.920921,24.52376
060702,CAJAMARCA,HUALGAYOC,CHUGUR,-6.67083333333333,-78.7383333333333,2765.0,39.367469879518097,0.3762084913439129,60.037625,24.37871
060703,CAJAMARCA,HUALGAYOC,HUALGAYOC,-6.76472222222222,-78.6080555555555,3530.0,75.098377326789603,0.45264911176588,50.226876,29.59355
060801,CAJAMARCA,JAEN,JAEN,-5.70888888888889,-78.8091666666667,728.0,217.65844578873899,0.580323994682938,21.682199,4.367402
060802,CAJAMARCA,JAEN,BELLAVISTA,-5.66777777777778,-78.6772222222222,438.0,20.097639423353101,0.482352510115578,53.206402,13.52848
060803,CAJAMARCA,JAEN,CHONTALI,-5.64611111111111,-79.0883333333333,1636.0,27.499708318749299,0.329492632296973,60.476934,13.9597
060804,CAJAMARCA,JAEN,COLASAY,-5.97861111111111,-79.0686111111111,1800.0,17.842143177524399,0.318668137159173,54.653779,38.12902
060805,CAJAMARCA,JAEN,HUABAL,-5.6125,-78.8997222222222,1380.0,129.23534514809799,0.369278464282696,68.72443,37.12538
060806,CAJAMARCA,JAEN,LAS PIRIAS,-5.62722222222222,-78.8527777777777,1620.0,107.51531203443101,0.322475110702148,42.393313,44.26865
060807,CAJAMARCA,JAEN,POMAHUACA,-5.93138888888889,-79.2294444444444,1097.0,14.4718886462882,0.3266895658234559,54.820963,46.62722
060808,CAJAMARCA,JAEN,PUCARA,-6.04138888888889,-79.1283333333333,909.0,37.819392426134002,0.50890642606929,43.505236,12.58534
060809,CAJAMARCA,JAEN,SALLIQUE,-5.65805555555555,-79.3152777777778,1701.0,22.586857097007101,0.2192904464146359,76.842495,42.37612
060810,CAJAMARCA,JAEN,SAN FELIPE,-5.77027777777778,-79.3138888888889,1861.0,22.004775137970199,0.2977865336126829,67.282958,52.30151
060811,CAJAMARCA,JAEN,SAN JOSE DEL ALTO,-5.465,-79.0177777777778,1399.0,13.943952941918599,0.322602343342685,48.61103,15.41932
060812,CAJAMARCA,JAEN,SANTA ROSA,-5.43416666666667,-78.5666666666667,1238.0,43.376944837340901,0.389750233348217,57.406823,18.33372
060901,CAJAMARCA,SAN IGNACIO,SAN IGNACIO,-5.14611111111111,-79.0047222222222,1295.0,106.756049020635,0.4391812721167059,42.295658,24.15745
060902,CAJAMARCA,SAN IGNACIO,CHIRINOS,-5.30583333333333,-78.8983333333333,1850.0,48.086158392770898,0.38929409054572,37.292403,30.91077
060903,CAJAMARCA,SAN IGNACIO,HUARANGO,-5.27222222222222,-78.7758333333333,776.0,25.0230389765273,0.3305425214530349,57.175184,24.86532
060904,CAJAMARCA,SAN IGNACIO,LA COIPA,-5.39277777777778,-78.9063888888889,1507.0,62.378685952830402,0.31642065760109,57.233712,23.76278
060905,CAJAMARCA,SAN IGNACIO,NAMBALLE,-5.00416666666667,-79.0872222222222,713.0,16.6719416436828,0.3151477911505989,68.827543,48.04354
060906,CAJAMARCA,SAN IGNACIO,SAN JOSE DE LOURDES,-5.10305555555555,-78.9141666666667,1134.0,13.9443601416287,0.3230196073497659,48.337739,23.06691
060907,CAJAMARCA,SAN IGNACIO,TABACONAS,-5.31611111111111,-79.2833333333333,1897.0,27.077724489412599,0.2961204715105619,66.409842,53.10703
061001,CAJAMARCA,SAN MARCOS,PEDRO GALVEZ,-7.33583333333333,-78.17,2280.0,87.098936081092404,0.4160404978708169,42.119928,16.80338
061002,CAJAMARCA,SAN MARCOS,CHANCAY,-7.38805555555555,-78.1233333333333,2699.0,59.789644012944997,0.208427235281547,64.269365,38.97913
061003,CAJAMARCA,SAN MARCOS,EDUARDO VILLANUEVA,-7.46444444444444,-78.13,2026.0,47.647711072390301,0.3318764044436889,52.284391,18.8855
061004,CAJAMARCA,SAN MARCOS,GREGORIO PITA,-7.27361111111111,-78.16,2722.0,31.084065598421098,0.224821766293327,60.854865,35.89377
061005,CAJAMARCA,SAN MARCOS,ICHOCAN,-7.36888888888889,-78.1297222222222,2616.0,30.232558139534898,0.341790486101192,49.22889,26.4474
061006,CAJAMARCA,SAN MARCOS,JOSE MANUEL QUIROZ,-7.34944444444444,-78.0477777777778,2781.0,37.549818055796202,0.225231067979831,68.553706,59.94817
061007,CAJAMARCA,SAN MARCOS,JOSE SABOGAL,-7.25111111111111,-78.0366666666667,3331.0,28.904107284077298,0.244698723932696,77.012854,72.33602
061101,CAJAMARCA,SAN MIGUEL,SAN MIGUEL,-7.0,-78.85,2612.0,35.933851083473598,0.39796515127567,44.088526,25.95262
061102,CAJAMARCA,SAN MIGUEL,BOLIVAR,-6.97694444444445,-79.1780555555555,940.0,17.867544637203999,0.405919059583635,39.510324,32.86779
061103,CAJAMARCA,SAN MIGUEL,CALQUIS,-6.98027777777778,-78.85,2877.0,14.283185840708001,0.327142204489962,66.217462,37.62207
061104,CAJAMARCA,SAN MIGUEL,CATILLUC,-6.80166666666667,-78.7791666666667,2870.0,18.007196796918599,0.232916389572601,60.111856,56.70992
061105,CAJAMARCA,SAN MIGUEL,EL PRADO,-7.03361111111111,-79.0108333333333,2857.0,46.136618141097401,0.3186034858525079,65.660317,35.50896
061106,CAJAMARCA,SAN MIGUEL,LA FLORIDA,-6.86861111111111,-79.1258333333333,993.0,48.2471873471384,0.440699917441751,47.899904,45.22272
061107,CAJAMARCA,SAN MIGUEL,LLAPA,-6.98083333333333,-78.8075,2952.0,39.056376243593597,0.3630943182971669,45.02843,26.53024
061108,CAJAMARCA,SAN MIGUEL,NANCHOC,-6.95944444444445,-79.2425,402.0,3.7861481027469801,0.466463628499575,44.737705,25.69312
061109,CAJAMARCA,SAN MIGUEL,NIEPOS,-6.92666666666667,-79.13,2457.0,23.464249748237702,0.329735817966925,55.93133,37.14543
061110,CAJAMARCA,SAN MIGUEL,SAN GREGORIO,-7.05694444444445,-79.0952777777778,1857.0,7.8136666125629004,0.435679211139962,59.474771,21.34045
061111,CAJAMARCA,SAN MIGUEL,SAN SILVESTRE DE COCHAN,-6.9775,-78.7738888888889,2940.0,34.348883148457702,0.3002862681098639,70.109398,22.66437
061112,CAJAMARCA,SAN MIGUEL,TONGOD,-6.7575,-78.825,2628.0,19.5985111965343,0.345877906551809,52.260988,60.62688
061113,CAJAMARCA,SAN MIGUEL,UNION AGUA BLANCA,-7.04666666666667,-79.0605555555556,2918.0,19.835769611554401,0.3727239092994569,59.348225,46.53727
061201,CAJAMARCA,SAN PABLO,SAN PABLO,-7.11861111111111,-78.8233333333333,2391.0,76.086297493936996,0.3334181514351879,65.448793,41.5227
061202,CAJAMARCA,SAN PABLO,SAN BERNARDINO,-7.16805555555555,-78.8291666666667,1375.0,29.912637625658199,0.273718730285198,72.013642,23.79395
061203,CAJAMARCA,SAN PABLO,SAN LUIS,-7.15694444444444,-78.8680555555555,1394.0,36.823694029850699,0.307104814358861,64.587335,20.3312
061204,CAJAMARCA,SAN PABLO,TUMBADEN,-7.02527777777778,-78.7397222222222,3041.0,17.256118319022601,0.2741996735144119,68.919693,36.64162
061301,CAJAMARCA,SANTA CRUZ,SANTA CRUZ,-6.62583333333333,-78.9441666666667,2036.0,92.664130328748399,0.4697910459427849,35.080272,20.2298
061302,CAJAMARCA,SANTA CRUZ,ANDABAMBA,-6.66277777777778,-78.8169444444444,2550.0,240.34165571616299,0.329023509521557,61.171385,49.73394
061303,CAJAMARCA,SANTA CRUZ,CATACHE,-6.67361111111111,-79.0327777777778,1363.0,15.746273557029401,0.4107408298364629,59.404102,31.56273
061304,CAJAMARCA,SANTA CRUZ,CHANCAYBAÑOS,-6.57611111111111,-78.8675,1641.0,36.4711762745751,0.29764063751537,64.317897,35.58273
061305,CAJAMARCA,SANTA CRUZ,LA ESPERANZA,-6.5925,-78.8958333333333,1727.0,47.554438860971501,0.264096695997779,54.658908,26.9136
061306,CAJAMARCA,SANTA CRUZ,NINABAMBA,-6.64972222222222,-78.7875,2196.0,48.617588274483701,0.340735192623844,56.222331,41.52763
061307,CAJAMARCA,SANTA CRUZ,PULAN,-6.73888888888889,-78.9202777777778,2084.0,30.3655167983555,0.329126200360638,57.064055,45.53993
061308,CAJAMARCA,SANTA CRUZ,SAUCEPAMPA,-6.69138888888889,-78.9161111111111,1931.0,69.727675744141905,0.2520922951813849,54.713495,46.60231
061309,CAJAMARCA,SANTA CRUZ,SEXI,-6.56416666666667,-79.0513888888889,2478.0,2.6494529994296698,0.525202598783361,48.725971,22.82859
061310,CAJAMARCA,SANTA CRUZ,UTICYACU,-6.60666666666667,-78.7938888888889,2346.0,34.854771784232298,0.2536389127171829,70.027283,47.59391
061311,CAJAMARCA,SANTA CRUZ,YAUYUCAN,-6.67722222222222,-78.8186111111111,2502.0,98.049194232400396,0.351856318996009,62.478178,28.84455
070101,CALLAO,CALLAO,CALLAO,-12.0630555555556,-77.1469444444445,27.0,11572.289156626501,0.6762005080600119,14.174308,0.783336
070102,CALLAO,CALLAO,BELLAVISTA,-12.0625,-77.1291666666666,13.0,20216.885964912301,0.728519895274477,4.514266,0.05399
070103,CALLAO,CALLAO,CARMEN DE LA LEGUA REYNOSO,-12.0394444444444,-77.0902777777778,82.0,27323.584905660398,0.67640650914095,11.838163,0.329016
070104,CALLAO,CALLAO,LA PERLA,-12.0658333333333,-77.1080555555555,37.0,26569.4545454545,0.739658089783038,3.118283,0.046436
070105,CALLAO,CALLAO,LA PUNTA,-12.0727777777778,-77.1633333333333,29.0,420.83786724700798,0.752697140908791,1.942411,0.0
070106,CALLAO,CALLAO,VENTANILLA,-11.8772222222222,-77.1277777777777,43.0,4981.9819819819804,0.6003157057624199,26.066656,2.013668
070107,CALLAO,CALLAO,MI PERU,-11.855,-77.125,118.0,16019.841269841299,0.643710033361639,23.941494,1.231299
080101,CUSCO,CUSCO,CUSCO,-13.5191666666667,-71.9766666666667,3439.0,1176.2003097573599,0.6590839276578129,8.214426,0.190626
080102,CUSCO,CUSCO,CCORCA,-13.5847222222222,-72.0591666666667,3675.0,16.588884174798501,0.2349175362492149,39.390077,17.36021
080103,CUSCO,CUSCO,POROY,-13.4944444444444,-72.0447222222222,3508.0,519.78609625668503,0.527441230440149,21.672473,2.457601
080104,CUSCO,CUSCO,SAN JERONIMO,-13.5444444444444,-71.8836111111111,3289.0,498.79040061931499,0.6549025615332809,11.983353,0.443086
080105,CUSCO,CUSCO,SAN SEBASTIAN,-13.5302777777778,-71.9369444444445,3301.0,1116.7151162790699,0.680629279615715,7.710494,0.322568
080106,CUSCO,CUSCO,SANTIAGO,-13.5258333333333,-71.9830555555556,3464.0,1618.53126792886,0.634895493929792,8.301604,0.261993
080107,CUSCO,CUSCO,SAYLLA,-13.57,-71.8277777777778,3179.0,210.00704721635,0.519684873829918,25.397937,0.862284
080108,CUSCO,CUSCO,WANCHAQ,-13.5213888888889,-71.9666666666667,3424.0,13399.5297805643,0.7389014524656409,1.376287,0.005545
080201,CUSCO,ACOMAYO,ACOMAYO,-13.9194444444444,-71.6836111111111,3235.0,38.323777164295301,0.348008687080651,42.064069,14.09353
080202,CUSCO,ACOMAYO,ACOPIA,-14.0575,-71.4933333333333,3724.0,29.917139119058,0.286884869396871,35.42542,11.85935
080203,CUSCO,ACOMAYO,ACOS,-13.9511111111111,-71.7380555555555,3106.0,18.509632860777899,0.285454377650509,36.10735,22.5743
080204,CUSCO,ACOMAYO,MOSOC LLACTA,-14.1202777777778,-71.4730555555555,3820.0,27.356110983719301,0.236249984936573,35.42542,6.205207
080205,CUSCO,ACOMAYO,POMACANCHI,-14.0336111111111,-71.5741666666667,3709.0,31.514007838583201,0.2943299404713369,45.198174,12.2387
080206,CUSCO,ACOMAYO,RONDOCAN,-13.7794444444444,-71.7819444444445,3394.0,15.941626900455001,0.2348160541689799,27.856699,18.94164
080207,CUSCO,ACOMAYO,SANGARARA,-13.9472222222222,-71.6033333333333,3788.0,48.154298122365603,0.2839733004600619,40.846186,15.77689
080301,CUSCO,ANTA,ANTA,-13.4577777777778,-72.1475,3363.0,111.04748741237999,0.446163000396248,25.636171,5.157056
080302,CUSCO,ANTA,ANCAHUASI,-13.4572222222222,-72.3008333333333,3479.0,66.167664670658695,0.281117396089188,36.079741,5.933564
080303,CUSCO,ANTA,CACHIMAYO,-13.4777777777778,-72.0688888888889,3454.0,63.632162661737503,0.550183952624744,10.934872,4.963776
080304,CUSCO,ANTA,CHINCHAYPUJIO,-13.6297222222222,-72.2330555555556,3106.0,15.0468533975114,0.221263491726049,47.088974,9.188263
080305,CUSCO,ANTA,HUAROCONDO,-13.4158333333333,-72.2075,3353.0,28.1865103665471,0.334837165852164,29.627914,7.127308
080306,CUSCO,ANTA,LIMATAMBO,-13.4797222222222,-72.4427777777778,2633.0,17.4939561725025,0.340181661797722,36.174095,6.902243
080307,CUSCO,ANTA,MOLLEPATA,-13.5091666666667,-72.5277777777778,2864.0,12.3910292463442,0.4039638292503099,28.091778,5.469984
080308,CUSCO,ANTA,PUCYURA,-13.4788888888889,-72.1111111111111,3384.0,110.99337748344399,0.428173280241723,24.26189,3.722998
080309,CUSCO,ANTA,ZURITE,-13.4558333333333,-72.2558333333333,3424.0,80.852283584941702,0.429914756045985,24.26189,3.51418
080401,CUSCO,CALCA,CALCA,-13.3211111111111,-71.9555555555555,2955.0,80.553679945982495,0.456295889463394,24.15572,4.044552
080402,CUSCO,CALCA,COYA,-13.3863888888889,-71.8983333333333,2970.0,55.648887022259501,0.3605938794641179,29.860187,10.70333
080403,CUSCO,CALCA,LAMAY,-13.3644444444444,-71.9208333333333,2960.0,70.9297389089365,0.337324387110544,39.946301,8.132252
080404,CUSCO,CALCA,LARES,-13.1041666666667,-72.0447222222222,3193.0,15.280886090353899,0.23101383291668,50.998653,15.02481
080405,CUSCO,CALCA,PISAC,-13.4205555555556,-71.8505555555555,2986.0,77.322091062394605,0.4168644219609219,36.319639,8.313149
080406,CUSCO,CALCA,SAN SALVADOR,-13.4919444444444,-71.7786111111111,3012.0,49.176231748262701,0.302625954487348,39.915003,17.26712
080407,CUSCO,CALCA,TARAY,-13.4277777777778,-71.8669444444444,2991.0,90.405355150613602,0.3854606520670679,41.532127,4.574834
080408,CUSCO,CALCA,YANATILE,-12.6816666666667,-72.2772222222222,1148.0,3.3241680652627701,0.345828595162539,34.576892,3.746622
080501,CUSCO,CANAS,YANAOCA,-14.2166666666667,-71.4322222222222,3925.0,35.321022630303403,0.288275099370678,50.118466,13.61752
080502,CUSCO,CANAS,CHECCA,-14.4733333333333,-71.3947222222222,3834.0,13.2841035413689,0.154886738650299,55.855767,10.38128
080503,CUSCO,CANAS,KUNTURKANKI,-14.5347222222222,-71.3069444444444,3961.0,16.090273531991802,0.2860092739262279,45.783716,10.64164
080504,CUSCO,CANAS,LANGUI,-14.4322222222222,-71.2727777777777,3967.0,16.205237840726902,0.3335583800255639,40.854791,4.849003
080505,CUSCO,CANAS,LAYO,-14.4941666666667,-71.1555555555555,3997.0,14.444493547816901,0.220350612586471,53.118603,7.736331
080506,CUSCO,CANAS,PAMPAMARCA,-14.1475,-71.4602777777778,3820.0,65.195586760280804,0.2991005536829929,36.375307,7.958089
080507,CUSCO,CANAS,QUEHUE,-14.3802777777778,-71.4555555555555,3794.0,24.125191691063701,0.2118988310969459,55.119197,18.51735
080508,CUSCO,CANAS,TUPAC AMARU,-14.1638888888889,-71.4761111111111,3809.0,28.045157456922201,0.2514154750223249,45.967309,17.75831
080601,CUSCO,CANCHIS,SICUANI,-14.2380555555556,-71.2308333333333,3593.0,102.721867839227,0.526564382492377,23.505524,2.965697
080602,CUSCO,CANCHIS,CHECACUPE,-14.0252777777778,-71.4538888888889,3459.0,5.6840617661117703,0.340910756484197,40.281875,4.618709
080603,CUSCO,CANCHIS,COMBAPATA,-14.1019444444444,-71.43,3500.0,30.323287671232901,0.371723952884626,33.396703,8.040551
080604,CUSCO,CANCHIS,MARANGANI,-14.3566666666667,-71.1686111111111,3720.0,27.137408991101399,0.3688068892893829,39.282183,4.132623
080605,CUSCO,CANCHIS,PITUMARCA,-13.9802777777778,-71.4175,3587.0,7.6829464717146596,0.327982833132942,45.515751,15.55128
080606,CUSCO,CANCHIS,SAN PABLO,-14.2022222222222,-71.315,3501.0,10.577033164141501,0.342999095503702,34.451396,7.865291
080607,CUSCO,CANCHIS,SAN PEDRO,-14.1861111111111,-71.3430555555556,3515.0,60.662902932070701,0.4107458749971459,17.962187,1.519319
080608,CUSCO,CANCHIS,TINTA,-14.1452777777778,-71.4072222222222,3496.0,76.520972414661799,0.4337173562104639,31.785968,3.413745
080701,CUSCO,CHUMBIVILCAS,SANTO TOMAS,-14.4533333333333,-72.0822222222222,3676.0,12.4365930730531,0.3393237449409189,44.452513,7.952641
080702,CUSCO,CHUMBIVILCAS,CAPACMARCA,-14.0072222222222,-72.0025,3563.0,18.921305323571602,0.2529718795051619,45.157507,30.04057
080703,CUSCO,CHUMBIVILCAS,CHAMACA,-14.3025,-71.8522222222222,3779.0,11.716281760334599,0.2889521169082139,48.960748,16.936
080704,CUSCO,CHUMBIVILCAS,COLQUEMARCA,-14.2852777777778,-72.04,3606.0,22.839217780150801,0.358206323946813,49.167442,10.36562
080705,CUSCO,CHUMBIVILCAS,LIVITACA,-14.3127777777778,-71.6897222222222,3774.0,17.5666051173833,0.3019380525213359,57.047768,15.52351
080706,CUSCO,CHUMBIVILCAS,LLUSCO,-14.3375,-72.1136111111111,3522.0,22.0911800139497,0.258470755755902,50.032727,22.58383
080707,CUSCO,CHUMBIVILCAS,QUIÑOTA,-14.3111111111111,-72.1386111111111,3607.0,22.2845510065596,0.241153624867591,54.520153,22.68296
080708,CUSCO,CHUMBIVILCAS,VELILLE,-14.5086111111111,-71.8811111111111,3766.0,12.0434966439406,0.4670263153502929,38.744463,8.131877
080801,CUSCO,ESPINAR,ESPINAR,-14.7930555555556,-71.4133333333333,3976.0,43.986199149482502,0.5530526554563339,25.869896,2.524913
080802,CUSCO,ESPINAR,CONDOROMA,-15.3005555555556,-71.1383333333333,4679.0,2.0882032102228498,0.422208108999989,23.973386,12.37577
080803,CUSCO,ESPINAR,COPORAQUE,-14.8002777777778,-71.5316666666667,3970.0,9.5694360993569703,0.289549900338187,41.621305,4.349066
080804,CUSCO,ESPINAR,OCORURO,-15.0519444444444,-71.1291666666666,4104.0,4.3041200622964704,0.3491291336434079,34.29943,10.00098
080805,CUSCO,ESPINAR,PALLPATA,-14.8902777777778,-71.21,4027.0,8.1146696748246594,0.394735729882275,29.903014,13.02901
080806,CUSCO,ESPINAR,PICHIGUA,-14.6780555555556,-71.4063888888889,3902.0,16.473888350187,0.3581804768350789,44.958713,13.37816
080807,CUSCO,ESPINAR,SUYCKUTAMBO,-15.0086111111111,-71.6433333333333,4124.0,4.61257724686795,0.3196132767331579,42.367723,9.653538
080808,CUSCO,ESPINAR,ALTO PICHIGUA,-14.7769444444444,-71.2508333333333,3999.0,8.0156428742451293,0.336571339035106,34.29943,5.861529
080901,CUSCO,LA CONVENCION,SANTA ANA,-12.8627777777778,-72.6933333333333,1086.0,115.673344462994,0.5803892132127199,8.292162,0.419487
080902,CUSCO,LA CONVENCION,ECHARATE,-12.7680555555556,-72.5761111111111,1059.0,2.4000940660029801,0.4297325556987849,23.265437,3.74786
080903,CUSCO,LA CONVENCION,HUAYOPATA,-13.0047222222222,-72.5544444444444,1597.0,11.205679172550701,0.470694494329956,23.866263,4.820166
080904,CUSCO,LA CONVENCION,MARANURA,-12.9627777777778,-72.6647222222222,1141.0,49.128409846972701,0.418354241197786,14.833678,1.379606
080905,CUSCO,LA CONVENCION,OCOBAMBA,-12.8716666666667,-72.4472222222222,1479.0,7.1694433543814604,0.307545483128695,36.066762,2.64532
080906,CUSCO,LA CONVENCION,QUELLOUNO,-12.6366666666667,-72.5572222222222,784.0,17.889655862344899,0.3224274496902619,21.80408,2.440907
080907,CUSCO,LA CONVENCION,QUIMBIRI,-12.62,-73.7891666666667,590.0,22.152171272731302,0.400052442503672,25.02031,5.469489
080908,CUSCO,LA CONVENCION,SANTA TERESA,-13.1305555555556,-72.5938888888889,1572.0,6.1885435473522401,0.4183383728297809,21.80408,1.554868
080909,CUSCO,LA CONVENCION,VILCABAMBA,-13.0630555555556,-72.9344444444445,2656.0,3.9579855733595299,0.3248653336818009,38.185101,4.126162
080910,CUSCO,LA CONVENCION,PICHARI,-12.5194444444444,-73.8291666666667,596.0,40.2765418577589,0.477638533690023,30.628854,6.229603
080911,CUSCO,LA CONVENCION,INKAWASI,-13.29,-73.2655555555556,1771.0,4.4306267870920903,0.3023505203472789,45.476716,2.429842
080912,CUSCO,LA CONVENCION,VILLA VIRGEN,-13.0027777777778,-73.5127777777778,742.0,3.3021279314972198,0.421802166059903,42.797205,5.046737
080913,CUSCO,LA CONVENCION,VILLA KINTIARINA,-12.9188888888889,-73.5283333333333,704.0,12.689956331877699,0.319906625124869,41.338265,5.469489
080914,CUSCO,LA CONVENCION,MEGANTONI,-11.7202777777778,-72.9463888888889,355.0,S.I.,0.5822178086421739,33.569166,5.469489
080915,CUSCO,LA CONVENCION,KUMPIRUSHIATO,,,,,,,
080916,CUSCO,LA CONVENCION,CIELO PUNCO,,,,,,,
080917,CUSCO,LA CONVENCION,MANITEA,,,,,,,
080918,CUSCO,LA CONVENCION,UNION ASHÁNINKA,,,,,,,
081001,CUSCO,PARURO,PARURO,-13.7616666666667,-71.8477777777778,3086.0,23.784382740190299,0.378819140391896,30.3188,16.47831
081002,CUSCO,PARURO,ACCHA,-13.9711111111111,-71.8313888888889,3601.0,15.7548518896833,0.3006261173720279,45.511449,12.24604
081003,CUSCO,PARURO,CCAPI,-13.8530555555556,-72.0825,3227.0,12.5727937882634,0.224419009133423,39.17017,11.04797
081004,CUSCO,PARURO,COLCHA,-13.8519444444444,-71.8033333333333,2827.0,9.0941563080440098,0.2301788730858599,30.3188,5.871896
081005,CUSCO,PARURO,HUANOQUITE,-13.6819444444444,-72.0180555555555,3391.0,17.572448782639899,0.1493166157235739,40.246822,20.68873
081006,CUSCO,PARURO,OMACHA,-14.0694444444444,-71.7380555555555,3887.0,16.067948923683598,0.1821965950680649,61.454993,12.21507
081007,CUSCO,PARURO,PACCARITAMBO,-13.7563888888889,-71.9566666666667,3602.0,17.894958277820599,0.2980836729142479,39.17017,16.11926
081008,CUSCO,PARURO,PILLPINTO,-13.9536111111111,-71.7605555555556,2869.0,15.7967900922533,0.2846760996175319,21.347982,4.231704
081009,CUSCO,PARURO,YAURISQUE,-13.6652777777778,-71.9205555555556,3324.0,35.825991189427299,0.266863712711282,30.3188,9.547196
081101,CUSCO,PAUCARTAMBO,PAUCARTAMBO,-13.3177777777778,-71.5966666666667,2917.0,14.0841155268108,0.246622692793857,46.231595,25.13837
081102,CUSCO,PAUCARTAMBO,CAICAY,-13.5972222222222,-71.6966666666667,3128.0,32.008670520231199,0.2453332454181,49.619293,18.00847
081103,CUSCO,PAUCARTAMBO,CHALLABAMBA,-13.215,-71.6486111111111,2845.0,14.7329082726104,0.1907527082763199,51.647583,25.45424
081104,CUSCO,PAUCARTAMBO,COLQUEPATA,-13.3602777777778,-71.6736111111111,3690.0,22.329370509750301,0.174744979145562,51.250954,21.12023
081105,CUSCO,PAUCARTAMBO,HUANCARANI,-13.5033333333333,-71.6544444444445,3871.0,54.319966928482799,0.254172276705633,45.705457,17.77802
081106,CUSCO,PAUCARTAMBO,KOSÑIPATA,-12.9094444444444,-71.4033333333333,544.0,1.5062685547083601,0.36121215661506,30.984116,5.537683
081201,CUSCO,QUISPICANCHI,URCOS,-13.6877777777778,-71.6252777777778,3179.0,106.676568882287,0.462918474068167,27.845377,4.234782
081202,CUSCO,QUISPICANCHI,ANDAHUAYLILLAS,-13.6733333333333,-71.6777777777777,3139.0,79.633569739952705,0.447967623605044,29.921494,4.866667
081203,CUSCO,QUISPICANCHI,CAMANTI,-13.2313888888889,-70.7544444444444,647.0,0.89230313739200595,0.456269323491559,15.06989,3.166111
081204,CUSCO,QUISPICANCHI,CCARHUAYO,-13.5952777777778,-71.3997222222222,3481.0,12.2303991844277,0.176846283470696,51.690891,21.49133
081205,CUSCO,QUISPICANCHI,CCATCA,-13.6052777777778,-71.5636111111111,3714.0,49.151826335629799,0.2069338210823639,61.35074,24.14072
081206,CUSCO,QUISPICANCHI,CUSIPATA,-13.9069444444444,-71.5025,3332.0,21.392573479014601,0.281799646675757,38.297788,12.39266
081207,CUSCO,QUISPICANCHI,HUARO,-13.6902777777778,-71.6402777777778,3168.0,44.589762890477999,0.4283714433870919,33.176199,12.82278
081208,CUSCO,QUISPICANCHI,LUCRE,-13.6338888888889,-71.7366666666667,3117.0,41.4379525172588,0.447547225637269,19.07511,5.135687
081209,CUSCO,QUISPICANCHI,MARCAPATA,-13.5916666666667,-70.975,3111.0,3.2886824534483501,0.204970605254953,57.584146,30.91814
081210,CUSCO,QUISPICANCHI,OCONGATE,-13.6266666666667,-71.3883333333333,3549.0,20.124703461885701,0.270143346092238,53.548677,12.306
081211,CUSCO,QUISPICANCHI,OROPESA,-13.5944444444444,-71.7630555555556,3139.0,127.404621171413,0.5065580412535499,19.07511,1.973179
081212,CUSCO,QUISPICANCHI,QUIQUIJANA,-13.8225,-71.5425,3211.0,34.2089221390967,0.2662629803896219,47.828509,23.45794
081301,CUSCO,URUBAMBA,URUBAMBA,-13.3055555555556,-72.1161111111111,2885.0,200.576863111943,0.596122551108486,21.066471,1.855886
081302,CUSCO,URUBAMBA,CHINCHERO,-13.3919444444444,-72.0488888888889,3759.0,136.089669028233,0.393922275634064,24.33862,2.704216
081303,CUSCO,URUBAMBA,HUAYLLABAMBA,-13.3380555555556,-72.065,2890.0,56.894700888064797,0.47468396282801,24.33862,1.891217
081304,CUSCO,URUBAMBA,MACHUPICCHU,-13.1541666666667,-72.5255555555555,2092.0,33.119658119658098,0.729356965896056,23.51616,1.591013
081305,CUSCO,URUBAMBA,MARAS,-13.3325,-72.1563888888889,3381.0,58.255593477436499,0.3091216969737359,33.774139,3.512809
081306,CUSCO,URUBAMBA,OLLANTAYTAMBO,-13.2588888888889,-72.2633333333333,2871.0,18.656774697383799,0.443691026581424,30.320912,5.285777
081307,CUSCO,URUBAMBA,YUCAY,-13.3216666666667,-72.0838888888889,2878.0,46.889613150063802,0.6467436323237579,14.017021,1.375342
090101,HUANCAVELICA,HUANCAVELICA,HUANCAVELICA,-12.7869444444444,-74.9713888888889,3746.0,85.537833106399503,0.611557767984601,17.073401,1.447841
090102,HUANCAVELICA,HUANCAVELICA,ACOBAMBILLA,-12.6644444444444,-75.3241666666667,3839.0,3.4655554383373799,0.29867897964522,38.095811,9.190457
090103,HUANCAVELICA,HUANCAVELICA,ACORIA,-12.6425,-74.8616666666667,3207.0,46.034386096056799,0.2663454843382839,48.284489,19.19904
090104,HUANCAVELICA,HUANCAVELICA,CONAYCA,-12.52,-75.0066666666667,3709.0,26.144482667372301,0.3002034941078969,35.232549,10.34598
090105,HUANCAVELICA,HUANCAVELICA,CUENCA,-12.4330555555556,-75.0388888888889,3186.0,41.452736318408,0.180869092868488,51.273128,29.49189
090106,HUANCAVELICA,HUANCAVELICA,HUACHOCOLPA,-13.0319444444444,-74.9469444444445,4020.0,7.6959676460092803,0.488230635263319,40.05058,16.43007
090107,HUANCAVELICA,HUANCAVELICA,HUAYLLAHUARA,-12.4091666666667,-75.1783333333333,3901.0,19.432989690721602,0.26131512206932,25.765432,5.148121
090108,HUANCAVELICA,HUANCAVELICA,IZCUCHACA,-12.5,-74.9977777777778,2930.0,100.820344544709,0.438209933592246,20.41227,3.252902
090109,HUANCAVELICA,HUANCAVELICA,LARIA,-12.5611111111111,-75.0369444444444,3893.0,12.7469725940089,0.232527813165602,35.103963,15.39702
090110,HUANCAVELICA,HUANCAVELICA,MANTA,-12.6205555555556,-75.2111111111111,3735.0,6.96120410016868,0.3217395555973239,55.702492,15.0177
090111,HUANCAVELICA,HUANCAVELICA,MARISCAL CACERES,-12.5344444444444,-74.9325,2852.0,188.63232682060399,0.4078532663928899,20.41227,5.04286
090112,HUANCAVELICA,HUANCAVELICA,MOYA,-12.4233333333333,-75.1538888888889,3148.0,13.7436224489796,0.3497186404341299,37.983127,23.03054
090113,HUANCAVELICA,HUANCAVELICA,NUEVO OCCORO,-12.595,-75.0197222222222,3939.0,10.3847608243524,0.2615487865245699,40.05058,12.87862
090114,HUANCAVELICA,HUANCAVELICA,PALCA,-12.6569444444444,-74.9802777777778,3714.0,36.903021442495103,0.2860203009712389,46.056613,13.8448
090115,HUANCAVELICA,HUANCAVELICA,PILCHACA,-12.4013888888889,-75.0838888888889,3604.0,15.9413544333256,0.2971614362637879,52.020667,17.85055
090116,HUANCAVELICA,HUANCAVELICA,VILCA,-12.4772222222222,-75.1833333333333,3280.0,7.5780463242698897,0.2262367303746669,53.814208,10.23085
090117,HUANCAVELICA,HUANCAVELICA,YAULI,-12.7691666666667,-74.8508333333333,3424.0,85.543260815203794,0.190910504180335,58.776266,11.07295
090118,HUANCAVELICA,HUANCAVELICA,ASCENSION,-12.7852777777778,-74.9769444444444,3711.0,30.494632611512099,0.5870282334318049,16.825292,2.341115
090119,HUANCAVELICA,HUANCAVELICA,HUANDO,-12.5641666666667,-74.9477777777778,3610.0,39.860752965446103,0.2801642166208029,33.074807,15.25643
090201,HUANCAVELICA,ACOBAMBA,ACOBAMBA,-12.8430555555556,-74.5691666666667,3449.0,85.677125670622701,0.4494097725993659,23.839498,9.221211
090202,HUANCAVELICA,ACOBAMBA,ANDABAMBA,-12.6936111111111,-74.6233333333333,3499.0,50.665852168601099,0.1970301566868999,49.432298,22.15389
090203,HUANCAVELICA,ACOBAMBA,ANTA,-12.8122222222222,-74.6383333333333,3618.0,75.021891418563897,0.1393873091163629,52.585169,23.71978
090204,HUANCAVELICA,ACOBAMBA,CAJA,-12.9172222222222,-74.4658333333333,3383.0,29.809442893555001,0.3213532949281909,27.95382,5.286211
090205,HUANCAVELICA,ACOBAMBA,MARCAS,-12.8902777777778,-74.3980555555556,3411.0,13.382947327901499,0.306712778522506,27.95382,16.77196
090206,HUANCAVELICA,ACOBAMBA,PAUCARA,-12.7297222222222,-74.6663888888889,3833.0,58.373226950354599,0.3070951461196619,51.426005,15.88138
090207,HUANCAVELICA,ACOBAMBA,POMACOCHA,-12.8738888888889,-74.5316666666667,3156.0,62.989191203876302,0.3795117565699699,41.19127,7.761306
090208,HUANCAVELICA,ACOBAMBA,ROSARIO,-12.7208333333333,-74.5825,3687.0,64.056866179046096,0.221526504690506,44.56379,16.21646
090301,HUANCAVELICA,ANGARAES,LIRCAY,-12.9827777777778,-74.7183333333333,3345.0,34.763812222167999,0.364877734252783,44.125031,16.76654
090302,HUANCAVELICA,ANGARAES,ANCHONGA,-12.9130555555556,-74.6913888888889,3310.0,122.07182320442,0.204763246251553,63.810822,20.00826
090303,HUANCAVELICA,ANGARAES,CALLANMARCA,-12.8666666666667,-74.6233333333333,3553.0,34.319754035357398,0.289360949932842,48.622902,16.90399
090304,HUANCAVELICA,ANGARAES,CCOCHACCASA,-12.9252777777778,-74.7702777777778,4190.0,35.042881646655196,0.405663382924349,44.441587,4.848343
090305,HUANCAVELICA,ANGARAES,CHINCHO,-12.9727777777778,-74.3672222222222,3141.0,6.7104542966611902,0.3086502327446499,28.39438,12.34656
090306,HUANCAVELICA,ANGARAES,CONGALLA,-12.9558333333333,-74.4922222222222,3537.0,20.376553515117799,0.2162286756440089,56.942654,25.51165
090307,HUANCAVELICA,ANGARAES,HUANCA-HUANCA,-12.9186111111111,-74.61,3590.0,15.432884685340101,0.21626483497918,66.018283,33.25494
090308,HUANCAVELICA,ANGARAES,HUAYLLAY GRANDE,-12.9427777777778,-74.7016666666667,3622.0,42.487980769230802,0.236424691936899,47.740775,15.34397
090309,HUANCAVELICA,ANGARAES,JULCAMARCA,-13.0147222222222,-74.4444444444445,3431.0,25.591442090104898,0.509657386733044,28.39438,8.170749
090310,HUANCAVELICA,ANGARAES,SAN ANTONIO DE ANTAPARCO,-13.0761111111111,-74.4116666666667,2767.0,31.3584679832436,0.288567436529704,40.63401,9.176573
090311,HUANCAVELICA,ANGARAES,SANTO TOMAS DE PATA,-13.1130555555556,-74.4188888888889,3150.0,10.9605450325672,0.344694881837652,40.63401,20.52465
090312,HUANCAVELICA,ANGARAES,SECCLLA,-13.0511111111111,-74.4836111111111,3363.0,18.757068873147201,0.292264704533409,44.390001,19.79986
090401,HUANCAVELICA,CASTROVIRREYNA,CASTROVIRREYNA,-13.2833333333333,-75.3183333333333,3989.0,4.0397040322408699,0.4163957561048339,29.696344,11.96743
090402,HUANCAVELICA,CASTROVIRREYNA,ARMA,-13.1263888888889,-75.5419444444445,3361.0,5.2189601443332796,0.3350977923231869,24.38605,14.76352
090403,HUANCAVELICA,CASTROVIRREYNA,AURAHUA,-13.0347222222222,-75.5702777777778,3483.0,5.9949580297531702,0.262794163222554,37.789974,12.19767
090404,HUANCAVELICA,CASTROVIRREYNA,CAPILLAS,-13.2930555555556,-75.5425,3224.0,3.7492147254680201,0.3411173070313,31.183465,10.66485
090405,HUANCAVELICA,CASTROVIRREYNA,CHUPAMARCA,-13.0372222222222,-75.6083333333333,3433.0,3.30140724490342,0.3385128702497869,49.694053,14.5921
090406,HUANCAVELICA,CASTROVIRREYNA,COCAS,-13.2758333333333,-75.3727777777777,3253.0,12.2455940875497,0.263694257954601,35.112554,14.36119
090407,HUANCAVELICA,CASTROVIRREYNA,HUACHOS,-13.2197222222222,-75.5338888888889,2784.0,10.383117260624401,0.3999329121201509,36.023159,23.0262
090408,HUANCAVELICA,CASTROVIRREYNA,HUAMATAMBO,-13.0944444444444,-75.6772222222222,3058.0,12.2045790251108,0.3914470712997359,52.404067,10.46146
090409,HUANCAVELICA,CASTROVIRREYNA,MOLLEPAMPA,-13.3113888888889,-75.41,2500.0,8.0833081798973705,0.309524177916533,51.221833,19.62235
090410,HUANCAVELICA,CASTROVIRREYNA,SAN JUAN,-13.2038888888889,-75.6344444444445,1936.0,4.1785283474065098,0.374977248146145,24.38605,10.50951
090411,HUANCAVELICA,CASTROVIRREYNA,SANTA ANA,-13.0719444444444,-75.1402777777778,4518.0,2.2456196752933599,0.5835100611188319,40.3827,16.5614
090412,HUANCAVELICA,CASTROVIRREYNA,TANTARA,-13.0741666666667,-75.6447222222222,2899.0,8.0612335191576001,0.431948728633663,39.201331,16.7464
090413,HUANCAVELICA,CASTROVIRREYNA,TICRAPO,-13.3825,-75.4325,2140.0,9.9893048128342308,0.447935408992405,14.466285,7.140597
090501,HUANCAVELICA,CHURCAMPA,CHURCAMPA,-12.7391666666667,-74.3872222222222,3295.0,44.980808975494497,0.425865571017818,38.171632,13.90469
090502,HUANCAVELICA,CHURCAMPA,ANCO,-12.6825,-74.5872222222222,2463.0,45.938207484352098,0.2669869704035929,36.01357,29.52699
090503,HUANCAVELICA,CHURCAMPA,CHINCHIHUASI,-12.5169444444444,-74.5458333333333,2803.0,17.002650884655701,0.2648895208564949,39.635443,31.4186
090504,HUANCAVELICA,CHURCAMPA,EL CARMEN,-12.7269444444444,-74.4808333333333,3152.0,38.899701570001298,0.208962997910477,42.546562,22.53078
090505,HUANCAVELICA,CHURCAMPA,LA MERCED,-12.7880555555556,-74.3586111111111,2683.0,10.6655755591926,0.376533745531185,25.556384,10.51262
090506,HUANCAVELICA,CHURCAMPA,LOCROJA,-12.7402777777778,-74.4419444444445,3417.0,48.734861591695498,0.249420021080162,57.363609,25.1151
090507,HUANCAVELICA,CHURCAMPA,PAUCARBAMBA,-12.5538888888889,-74.5319444444445,3382.0,60.376586164551803,0.2469331295808409,36.629338,22.3675
090508,HUANCAVELICA,CHURCAMPA,SAN MIGUEL DE MAYOCC,-12.8058333333333,-74.39,2228.0,23.158990372105102,0.491312302834624,17.552199,7.400509
090509,HUANCAVELICA,CHURCAMPA,SAN PEDRO DE CORIS,-12.5780555555556,-74.4116666666667,3580.0,25.089216446858,0.5077845525459929,35.572278,14.67186
090510,HUANCAVELICA,CHURCAMPA,PACHAMARCA,-12.5155555555556,-74.5266666666667,2792.0,16.3094247872545,0.3265870507489039,35.548312,28.71536
090511,HUANCAVELICA,CHURCAMPA,COSME,-12.5733333333333,-74.6583333333333,3486.0,34.869287192025602,0.187363784103972,54.373877,18.86352
090601,HUANCAVELICA,HUAYTARA,HUAYTARA,-13.6047222222222,-75.3530555555555,2732.0,5.5177570093457904,0.5258594244692149,13.467308,2.644242
090602,HUANCAVELICA,HUAYTARA,AYAVI,-13.7030555555556,-75.3511111111111,3815.0,4.2681109013216698,0.391618043714195,23.34951,12.90069
090603,HUANCAVELICA,HUAYTARA,CORDOVA,-14.0408333333333,-75.185,3242.0,13.8062912324314,0.5164132830569579,23.34951,10.4407
090604,HUANCAVELICA,HUAYTARA,HUAYACUNDO ARMA,-13.5341666666667,-75.3144444444444,3116.0,37.392661982825899,0.397437151626346,21.54027,11.3722
090605,HUANCAVELICA,HUAYTARA,LARAMARCA,-13.9486111111111,-75.0355555555555,3407.0,3.3942940746159498,0.472348924284458,23.34951,13.13343
090606,HUANCAVELICA,HUAYTARA,OCOYO,-14.0080555555556,-75.0225,1933.0,7.8727942602288099,0.506606879491172,26.58547,21.44917
090607,HUANCAVELICA,HUAYTARA,PILPICHACA,-13.3302777777778,-74.9772222222222,4090.0,2.4642612764226102,0.2997946406100769,33.764808,29.98966
090608,HUANCAVELICA,HUAYTARA,QUERCO,-13.9794444444444,-74.9769444444444,2903.0,1.3724168590727199,0.36804687747321,26.58547,12.27101
090609,HUANCAVELICA,HUAYTARA,QUITO-ARMA,-13.5286111111111,-75.3275,2944.0,4.2551277437927304,0.3142847863224589,21.54027,58.16862
090610,HUANCAVELICA,HUAYTARA,SAN ANTONIO DE CUSICANCHA,-13.5025,-75.2933333333333,3291.0,7.7268818885327901,0.2514966882219569,33.5216,38.09663
090611,HUANCAVELICA,HUAYTARA,SAN FRANCISCO DE SANGAYAICO,-13.7952777777778,-75.2491666666667,3420.0,18.8684582743989,0.3477027610827839,42.947025,9.834866
090612,HUANCAVELICA,HUAYTARA,SAN ISIDRO,-13.9563888888889,-75.2380555555555,3656.0,4.6699056873392397,0.229881609522817,38.982824,16.44151
090613,HUANCAVELICA,HUAYTARA,SANTIAGO DE CHOCORVOS,-13.8252777777778,-75.2575,2638.0,2.5378195096504998,0.291464481880996,37.465381,28.42823
090614,HUANCAVELICA,HUAYTARA,SANTIAGO DE QUIRAHUARA,-14.0561111111111,-74.9763888888889,2801.0,4.7011575714623204,0.289293958440454,21.54027,21.18892
090615,HUANCAVELICA,HUAYTARA,SANTO DOMINGO DE CAPILLAS,-13.7372222222222,-75.2436111111111,3482.0,4.3651432249758599,0.319763655632526,33.541436,15.2863
090616,HUANCAVELICA,HUAYTARA,TAMBO,-13.6894444444444,-75.275,3201.0,4.5679230293935902,0.3781904468638019,26.58547,17.8595
090701,HUANCAVELICA,TAYACAJA,PAMPAS,-12.3991666666667,-74.8683333333333,3282.0,97.221967543779201,0.497812639134856,28.008037,10.98393
090702,HUANCAVELICA,TAYACAJA,ACOSTAMBO,-12.3655555555556,-75.055,3628.0,27.2045697965012,0.31975086328126,53.930906,16.35114
090703,HUANCAVELICA,TAYACAJA,ACRAQUIA,-12.4063888888889,-74.9011111111111,3281.0,45.288836492246297,0.3583957951122679,38.39784,13.42933
090704,HUANCAVELICA,TAYACAJA,AHUAYCHA,-12.4077777777778,-74.8911111111111,3279.0,56.420404573438901,0.3072776616792939,48.642132,21.60304
090705,HUANCAVELICA,TAYACAJA,COLCABAMBA,-12.4091666666667,-74.6794444444444,2953.0,49.372157088858998,0.37584436146832,42.706732,15.56691
090706,HUANCAVELICA,TAYACAJA,DANIEL HERNANDEZ,-12.3894444444444,-74.8591666666667,3288.0,103.64758698092,0.436268857978931,37.21424,6.913443
090707,HUANCAVELICA,TAYACAJA,HUACHOCOLPA,-12.0483333333333,-74.5947222222222,2913.0,12,0.2962190148343509,40.17806,18.51491
090709,HUANCAVELICA,TAYACAJA,HUARIBAMBA,-12.2797222222222,-74.9383333333333,3019.0,32.842258942199201,0.374102322059636,44.846043,17.75112
090710,HUANCAVELICA,TAYACAJA,ÑAHUIMPUQUIO,-12.3291666666667,-75.0694444444444,3651.0,27.303754266211602,0.4769063067648999,45.395045,11.09656
090711,HUANCAVELICA,TAYACAJA,PAZOS,-12.2594444444444,-75.0705555555556,3820.0,31.014658123409099,0.2778374067164199,37.21424,16.25235
090713,HUANCAVELICA,TAYACAJA,QUISHUAR,-12.2436111111111,-74.7772222222222,3137.0,28.4400760938491,0.339495515098308,44.923393,14.09899
090714,HUANCAVELICA,TAYACAJA,SALCABAMBA,-12.2016666666667,-74.7805555555556,3063.0,26.469977145231699,0.3087833260802619,63.567106,26.63972
090715,HUANCAVELICA,TAYACAJA,SALCAHUASI,-12.1041666666667,-74.7516666666667,3196.0,30.8442108832005,0.232201849834921,42.500656,24.10927
090716,HUANCAVELICA,TAYACAJA,SAN MARCOS DE ROCCHAC,-12.0938888888889,-74.8638888888889,3206.0,10.8302864648042,0.259476101049097,33.668138,23.33594
090717,HUANCAVELICA,TAYACAJA,SURCUBAMBA,-12.1163888888889,-74.6305555555555,2626.0,20.217111315547399,0.343600404180265,47.127084,21.64662
090718,HUANCAVELICA,TAYACAJA,TINTAY PUNCU,-12.1519444444444,-74.5444444444444,2410.0,12.7032165444457,0.328337685713185,43.865485,23.93605
090719,HUANCAVELICA,TAYACAJA,QUICHUAS,-12.4725,-74.7675,2706.0,45.077084793272597,0.237127110391456,47.763584,29.01923
090720,HUANCAVELICA,TAYACAJA,ANDAYMARCA,-12.3152777777778,-74.6352777777778,2896.0,18.193735338760899,0.2731002931444649,58.457354,26.03438
090721,HUANCAVELICA,TAYACAJA,ROBLE,-12.2166666666667,-74.4897222222222,2640.0,7.5310433800999803,0.3676392918763929,53.720672,23.93605
090722,HUANCAVELICA,TAYACAJA,PICHOS,-12.2363888888889,-74.9386111111111,3297.0,17.710926694329199,0.264376649999213,77.125392,16.25235
090723,HUANCAVELICA,TAYACAJA,SANTIAGO DE TUCUMA,-12.3141666666667,-74.89,3538.0,S.I.,0.2144751402983899,51.575342,6.913443
090724,HUANCAVELICA,TAYACAJA,LAMBRAS,,,,,,,
090725,HUANCAVELICA,TAYACAJA,COCHABAMBA,,,,,,,
100101,HUANUCO,HUANUCO,HUANUCO,-9.93,-76.2397222222222,1921.0,787.87134595579505,0.589321451013701,13.066336,6.614419
100102,HUANUCO,HUANUCO,AMARILIS,-9.94,-76.2405555555556,1950.0,684.94835965978098,0.6180444460983139,13.903566,3.538082
100103,HUANUCO,HUANUCO,CHINCHAO,-9.80166666666667,-76.0708333333333,2122.0,24.4577647088391,0.3096549989431259,41.245682,21.35235
100104,HUANUCO,HUANUCO,CHURUBAMBA,-9.82611111111111,-76.1338888888889,1954.0,44.117009323687697,0.1985758242270939,45.895773,37.58249
100105,HUANUCO,HUANUCO,MARGOS,-10.0052777777778,-76.5233333333333,3555.0,36.336350873795801,0.274908339465297,42.99617,32.72887
100106,HUANUCO,HUANUCO,QUISQUI,-9.90472222222222,-76.3925,2427.0,35.677897418085003,0.257309052022807,42.99617,16.36721
100107,HUANUCO,HUANUCO,SAN FRANCISCO DE CAYRAN,-9.98083333333333,-76.2841666666667,2247.0,40.262582056892803,0.379256418780251,30.82901,11.36025
100108,HUANUCO,HUANUCO,SAN PEDRO DE CHAULAN,-10.0563888888889,-76.4855555555555,3587.0,17.765430244781498,0.2151519567388129,52.221542,35.3887
100109,HUANUCO,HUANUCO,SANTA MARIA DEL VALLE,-9.86250000000001,-76.17,1939.0,55.4284306920717,0.270127181262078,44.559541,28.49891
100110,HUANUCO,HUANUCO,YARUMAYO,-10.0044444444444,-76.4686111111111,3055.0,48.638004594683302,0.31609840961451,46.61658,17.4296
100111,HUANUCO,HUANUCO,PILLCO MARCA,-9.96083333333334,-76.2491666666667,1996.0,463.59483096201501,0.621616493035908,10.613421,2.183872
100112,HUANUCO,HUANUCO,YACUS,-9.98611111111111,-76.5058333333333,3243.0,45.092989985693798,0.317977644959477,49.86168,30.68013
100113,HUANUCO,HUANUCO,SAN PABLO DE PILLAO,-9.78638888888889,-75.9994444444445,2954.0,14.580910023948,0.361508969024376,30.82901,21.35235
100201,HUANUCO,AMBO,AMBO,-10.1291666666667,-76.2044444444445,2106.0,72.641966759002798,0.440956856288646,25.494056,19.37456
100202,HUANUCO,AMBO,CAYNA,-10.2725,-76.3883333333333,3332.0,23.745859680818999,0.223944373600758,43.51369,25.59386
100203,HUANUCO,AMBO,COLPAS,-10.2683333333333,-76.4152777777778,2740.0,17.0012619020305,0.228658704591284,57.07202,22.00413
100204,HUANUCO,AMBO,CONCHAMARCA,-10.0358333333333,-76.2169444444445,2185.0,59.106955443182898,0.409976186210457,43.51369,12.59274
100205,HUANUCO,AMBO,HUACAR,-10.1594444444444,-76.2366666666667,2157.0,38.863510224992503,0.314243813754201,36.986958,19.08624
100206,HUANUCO,AMBO,SAN FRANCISCO,-10.3427777777778,-76.2919444444445,3521.0,21.211121194620901,0.275184124137882,38.147645,33.06229
100207,HUANUCO,AMBO,SAN RAFAEL,-10.3377777777778,-76.1822222222222,2720.0,26.830917656605699,0.2701280162338839,41.785876,36.16501
100208,HUANUCO,AMBO,TOMAY KICHWA,-10.0775,-76.2125,2049.0,105.770600807409,0.4850163371556839,26.530978,9.745235
100301,HUANUCO,DOS DE MAYO,LA UNION,-9.83777777777778,-76.8036111111111,3275.0,36.373429084380597,0.512274425019252,27.127487,5.745484
100307,HUANUCO,DOS DE MAYO,CHUQUIS,-9.67638888888889,-76.7052777777778,3375.0,29.540495867768598,0.347238536000122,44.594458,24.62505
100311,HUANUCO,DOS DE MAYO,MARIAS,-9.6075,-76.7066666666667,3508.0,11.2673404054987,0.2317438222321399,54.155388,46.22591
100313,HUANUCO,DOS DE MAYO,PACHAS,-9.70666666666667,-76.7711111111111,3474.0,27.5062325300295,0.4013584533249799,35.96922,9.034013
100316,HUANUCO,DOS DE MAYO,QUIVILLA,-9.6,-76.7258333333333,2972.0,38.720238095238102,0.407256425673553,35.96922,8.651149
100317,HUANUCO,DOS DE MAYO,RIPAN,-9.82861111111111,-76.8030555555556,3233.0,89.805437100213197,0.4079012220453089,38.055644,17.43696
100321,HUANUCO,DOS DE MAYO,SHUNQUI,-9.73111111111111,-76.7833333333333,3542.0,71.822690638561696,0.2750300956244259,38.03192,28.32376
100322,HUANUCO,DOS DE MAYO,SILLAPATA,-9.75722222222222,-76.7747222222222,3459.0,49.1563873528995,0.306792957097315,45.952223,18.75372
100323,HUANUCO,DOS DE MAYO,YANAS,-9.71444444444444,-76.7502777777778,3477.0,86.009363811622094,0.364656253524656,38.03192,24.34497
100401,HUANUCO,HUACAYBAMBA,HUACAYBAMBA,-9.03805555555555,-76.9525,3176.0,11.236587571007,0.341045927834195,46.935145,36.92521
100402,HUANUCO,HUACAYBAMBA,CANCHABAMBA,-8.88472222222222,-77.1230555555555,3208.0,18.391050687791001,0.2768620050259599,63.623112,27.76494
100403,HUANUCO,HUACAYBAMBA,COCHABAMBA,-9.09527777777778,-76.8363888888889,3293.0,2.6004935243184799,0.3607199537914069,46.174772,34.4625
100404,HUANUCO,HUACAYBAMBA,PINRA,-8.92472222222222,-77.015,2874.0,25.709351097952101,0.2845524827169499,55.905329,31.11851
100501,HUANUCO,HUAMALIES,LLATA,-9.54972222222222,-76.8186111111111,3489.0,35.320286860337902,0.424191854803326,34.707656,18.82124
100502,HUANUCO,HUAMALIES,ARANCAY,-9.17138888888889,-76.7513888888889,3066.0,13.465546643087199,0.325458642540286,44.553617,22.23661
100503,HUANUCO,HUAMALIES,CHAVIN DE PARIARCA,-9.42305555555556,-76.7713888888889,3382.0,51.686274509803901,0.31313176152222,32.985473,20.13004
100504,HUANUCO,HUAMALIES,JACAS GRANDE,-9.54,-76.7366666666667,3625.0,30.727034895987199,0.3362482213431399,55.077439,31.56227
100505,HUANUCO,HUAMALIES,JIRCAN,-9.24694444444444,-76.7191666666667,3211.0,22.544511260464599,0.315700873172496,52.021802,35.9347
100506,HUANUCO,HUAMALIES,MIRAFLORES,-9.49388888888889,-76.8186111111111,3688.0,41.4823237543932,0.2910706693105569,53.687158,38.30149
100507,HUANUCO,HUAMALIES,MONZON,-9.28,-76.3966666666667,982.0,10.1183785880018,0.3946200460108439,27.373968,8.722305
100508,HUANUCO,HUAMALIES,PUNCHAO,-9.46222222222222,-76.8197222222222,3560.0,56.581439393939398,0.355522380136015,39.972025,23.86192
100509,HUANUCO,HUAMALIES,PUÑOS,-9.50055555555556,-76.8838888888889,3749.0,55.4299754299754,0.2745702018485889,48.737594,20.40274
100510,HUANUCO,HUAMALIES,SINGA,-9.38861111111111,-76.8125,3649.0,24.528675016479902,0.358608137733185,45.80185,29.51792
100511,HUANUCO,HUAMALIES,TANTAMAYO,-9.3925,-76.72,3517.0,9.6259251850370102,0.256041464192382,45.80185,29.78145
100601,HUANUCO,LEONCIO PRADO,RUPA-RUPA,-9.29805555555555,-76.0005555555556,667.0,245.27239981990101,0.5818337288935849,13.55109,5.299918
100602,HUANUCO,LEONCIO PRADO,DANIEL ALOMIAS ROBLES,-9.18777777777778,-75.9547222222222,669.0,12.380776129601699,0.354329133995458,28.97587,15.61649
100603,HUANUCO,LEONCIO PRADO,HERMILIO VALDIZAN,-9.20555555555556,-75.8358333333333,1354.0,42.620320855614999,0.308508600537773,28.97587,31.87738
100604,HUANUCO,LEONCIO PRADO,JOSE CRESPO Y CASTILLO,-8.93222222222222,-76.1161111111111,587.0,13.3194382880801,0.448898078227432,19.090586,15.52854
100605,HUANUCO,LEONCIO PRADO,LUYANDO,-9.24805555555555,-75.9941666666667,642.0,108.62240829346101,0.426977099185991,10.163237,2.679903
100606,HUANUCO,LEONCIO PRADO,MARIANO DAMASO BERAUN,-9.44277777777778,-75.9711111111111,736.0,18.180275881869299,0.351416595387743,25.385949,11.67478
100607,HUANUCO,LEONCIO PRADO,PUCAYACU,-8.74972222222222,-76.1211111111111,573.0,4.4055443482787799,0.3327512625619989,23.72049,15.52854
100608,HUANUCO,LEONCIO PRADO,CASTILLO GRANDE,-9.27972222222222,-76.0088888888889,675.0,74.856281217604305,0.5694431606317139,13.55109,5.299918
100609,HUANUCO,LEONCIO PRADO,PUEBLO NUEVO,-9.07861111111111,-76.0605555555556,626.0,S.I.,0.4184171487202609,18.991424,15.52854
100610,HUANUCO,LEONCIO PRADO,SANTO DOMINGO DE ANDA,-9.02361111111111,-76.0666666666667,617.0,8.5137899414544709,0.319509996600054,23.72049,15.52854
100701,HUANUCO,MARAÑON,HUACRACHUCO,-8.60472222222222,-77.1491666666667,2914.0,23.251919447085701,0.314753684596285,37.38686,27.63195
100702,HUANUCO,MARAÑON,CHOLON,-8.65583333333334,-76.8752777777778,2447.0,3.3145271716881801,0.3278202150778519,37.38686,28.80375
100703,HUANUCO,MARAÑON,SAN BUENAVENTURA,-8.76777777777778,-77.1861111111111,3211.0,33.660734920268098,0.225549698154723,59.373586,30.38248
100704,HUANUCO,MARAÑON,LA MORADA,-8.79444444444444,-76.2497222222222,559.0,3.46212483218422,0.443169601396504,29.27597,28.80375
100705,HUANUCO,MARAÑON,SANTA ROSA DE ALTO YANAJANCA,-8.65277777777778,-76.3147222222222,530.0,2.4971171815976798,0.3458334989733429,29.27597,28.80375
100801,HUANUCO,PACHITEA,PANAO,-9.8975,-75.9941666666667,2536.0,15.087990081348099,0.2488101415616879,47.880996,27.57941
100802,HUANUCO,PACHITEA,CHAGLLA,-9.84472222222222,-75.9027777777778,3040.0,11.1582304862357,0.343376893835666,29.524074,21.68748
100803,HUANUCO,PACHITEA,MOLINO,-9.91083333333333,-76.0166666666667,2396.0,61.766454352441599,0.254013732953705,52.709049,28.53857
100804,HUANUCO,PACHITEA,UMARI,-9.86416666666667,-76.0444444444444,2524.0,88.133887845452094,0.262490230333891,54.067729,42.63179
100901,HUANUCO,PUERTO INCA,PUERTO INCA,-9.37888888888889,-74.9658333333333,215.0,6.8312856863420901,0.414220625161557,23.248431,13.04899
100902,HUANUCO,PUERTO INCA,CODO DEL POZUZO,-9.67,-75.4625,398.0,2.5372963600679102,0.3540472993626129,27.218251,11.43747
100903,HUANUCO,PUERTO INCA,HONORIA,-8.76944444444445,-74.7091666666667,177.0,8.5107449407931792,0.370893214507301,26.66691,4.805346
100904,HUANUCO,PUERTO INCA,TOURNAVISTA,-8.93444444444445,-74.7013888888889,214.0,2.9190562092207202,0.4244999363484809,26.66691,5.492754
100905,HUANUCO,PUERTO INCA,YUYAPICHIS,-9.62833333333333,-74.9747222222222,227.0,3.9390557102762198,0.3709116545322659,14.72432,8.754858
101001,HUANUCO,LAURICOCHA,JESUS,-10.0783333333333,-76.6313888888889,3499.0,11.6914869971105,0.399862980016975,25.238965,16.14745
101002,HUANUCO,LAURICOCHA,BAÑOS,-10.0763888888889,-76.7355555555555,3442.0,21.348093803222799,0.420447215451269,29.75199,12.01207
101003,HUANUCO,LAURICOCHA,JIVIA,-10.0233333333333,-76.6802777777778,3394.0,31.6914043386071,0.3462842428553359,29.75199,16.65221
101004,HUANUCO,LAURICOCHA,QUEROPALCA,-10.1813888888889,-76.8030555555556,3835.0,6.7251239039268,0.4477810656502689,29.75199,5.646191
101005,HUANUCO,LAURICOCHA,RONDOS,-9.98444444444445,-76.6883333333333,3617.0,33.591075433833097,0.367851192434729,36.802448,12.60354
101006,HUANUCO,LAURICOCHA,SAN FRANCISCO DE ASIS,-9.97638888888889,-76.6769444444444,3457.0,27.4139976275208,0.349698271409125,29.75199,20.93731
101007,HUANUCO,LAURICOCHA,SAN MIGUEL DE CAURI,-10.1425,-76.6255555555555,3625.0,7.2054203880505101,0.475829671446996,43.663957,25.12178
101101,HUANUCO,YAROWILCA,CHAVINILLO,-9.85888888888889,-76.6088888888889,3475.0,37.258724897640903,0.230690925965804,42.137762,26.91965
101102,HUANUCO,YAROWILCA,CAHUAC,-9.85277777777778,-76.6305555555555,3413.0,75.1525423728813,0.3553977982119619,44.87558,8.455663
101103,HUANUCO,YAROWILCA,CHACABAMBA,-9.90027777777778,-76.6111111111111,3204.0,146.58197217180901,0.340451624839047,41.815773,13.64923
101104,HUANUCO,YAROWILCA,APARICIO POMARES,-9.74777777777777,-76.6480555555556,3452.0,40.804848749590498,0.2796039778398,47.954063,25.95461
101105,HUANUCO,YAROWILCA,JACAS CHICO,-9.88638888888889,-76.5030555555555,3816.0,68.307522123893804,0.2763870692939119,44.875401,25.8606
101106,HUANUCO,YAROWILCA,OBAS,-9.79527777777778,-76.6658333333333,3543.0,50.949983760961302,0.365259212806049,35.054345,23.12538
101107,HUANUCO,YAROWILCA,PAMPAMARCA,-9.70527777777778,-76.7025,3436.0,27.256466703357201,0.2700998370207369,48.635934,32.21796
101108,HUANUCO,YAROWILCA,CHORAS,-9.91027777777778,-76.6058333333333,3554.0,61.187438665358201,0.296898879073206,46.523933,23.49936
110101,ICA,ICA,ICA,-14.0636111111111,-75.7291666666667,432.0,209.91087424367001,0.6637216310803389,2.165357,0.003624
110102,ICA,ICA,LA TINGUIÑA,-14.0333333333333,-75.7105555555556,463.0,411.06365670124097,0.633445285770717,2.993514,0.016879
110103,ICA,ICA,LOS AQUIJES,-14.0963888888889,-75.6905555555555,446.0,206.302243730752,0.6321366370204369,6.411604,0.039326
110104,ICA,ICA,OCUCAJE,-14.3466666666667,-75.6722222222222,332.0,3.82748108840465,0.559789545397193,1.531918,0.022614
110105,ICA,ICA,PACHACUTEC,-14.1519444444444,-75.6919444444444,424.0,227.328111401218,0.628226842313774,4.387934,0.03112
110106,ICA,ICA,PARCONA,-14.0538888888889,-75.6855555555555,472.0,3127.1995399655002,0.616344289610642,3.132139,0.006009
110107,ICA,ICA,PUEBLO NUEVO,-14.1272222222222,-75.7058333333333,417.0,185.054347826087,0.601739176186834,0.70023014,0.002569
110108,ICA,ICA,SALAS,-13.9858333333333,-75.7722222222222,452.0,36.934573129564797,0.6053164595604619,5.490567,0.218996
110109,ICA,ICA,SAN JOSE DE LOS MOLINOS,-13.9330555555556,-75.6708333333333,542.0,22.458700440528599,0.626732090457074,5.1643,0.107936
110110,ICA,ICA,SAN JUAN BAUTISTA,-14.0113888888889,-75.7352777777778,459.0,295.073891625616,0.655051228213615,2.880511,0.01157
110111,ICA,ICA,SANTIAGO,-14.1858333333333,-75.7144444444445,395.0,10.0394075574858,0.626104230627115,3.082752,0.012474
110112,ICA,ICA,SUBTANJALLA,-14.0186111111111,-75.7580555555556,445.0,144.61514667216599,0.6350781586942639,4.354553,0.015284
110113,ICA,ICA,TATE,-14.1558333333333,-75.7080555555555,417.0,790.24045261669005,0.615176513188463,4.290589,0.006975
110114,ICA,ICA,YAUCA DEL ROSARIO,-14.0988888888889,-75.4769444444444,861.0,1.9525250174540401,0.3836459514057419,6.443243,0.489658
110201,ICA,CHINCHA,CHINCHA ALTA,-13.4183333333333,-76.1325,140.0,368.01208357808201,0.60557296550782,2.640704,0.00939
110202,ICA,CHINCHA,ALTO LARAN,-13.4425,-76.0833333333333,156.0,29.257437338955299,0.558797173593862,3.691668,0.022989
110203,ICA,CHINCHA,CHAVIN,-13.0763888888889,-75.9130555555556,3183.0,8.2267639674308306,0.6024965065604079,30.081301,0.626275
110204,ICA,CHINCHA,CHINCHA BAJA,-13.4594444444444,-76.1655555555555,44.0,211.472697186983,0.575108675542622,1.992541,0.00245
110205,ICA,CHINCHA,EL CARMEN,-13.4994444444444,-76.0577777777778,160.0,18.684643625775401,0.533712318797331,3.129616,0.011648
110206,ICA,CHINCHA,GROCIO PRADO,-13.3980555555556,-76.1561111111111,134.0,136.15178712013901,0.5736744275518089,3.34979,0.043581
110207,ICA,CHINCHA,PUEBLO NUEVO,-13.4041666666667,-76.1275,146.0,284.27309620434499,0.5924704634222309,3.22399,0.013548
110208,ICA,CHINCHA,SAN JUAN DE YANAC,-13.2111111111111,-75.7872222222222,2555.0,2.7278177458033599,0.340634689665807,10.64054,0.124498
110209,ICA,CHINCHA,SAN PEDRO DE HUACARPANA,-13.0491666666667,-75.6477777777778,3812.0,6.9139132389300997,0.3006858802813069,10.64054,0.01665
110210,ICA,CHINCHA,SUNAMPE,-13.4275,-76.1636111111111,94.0,1658.94988066826,0.5987683993460379,3.379569,0.007545
110211,ICA,CHINCHA,TAMBO DE MORA,-13.4605555555556,-76.1766666666667,37.0,256.72727272727298,0.593545471768813,2.585728,0.00065
110301,ICA,NAZCA,NAZCA,-14.8269444444444,-74.9372222222222,618.0,27.0688760231583,0.598885276783068,3.023548,0.01595
110302,ICA,NAZCA,CHANGUILLO,-14.6647222222222,-75.2225,260.0,2.7837032969353901,0.5356563798197649,3.317797,0.01237
110303,ICA,NAZCA,EL INGENIO,-14.6452777777778,-75.0583333333333,463.0,6.6999764659027097,0.555822503547849,2.553786,0.005912
110304,ICA,NAZCA,MARCONA,-15.3619444444444,-75.1658333333333,36.0,9.6082242225859193,0.677142549878397,2.243134,0.0
110305,ICA,NAZCA,VISTA ALEGRE,-14.8458333333333,-74.9438888888889,618.0,41.666982742271998,0.592483925060945,3.895312,0.001486
110401,ICA,PALPA,PALPA,-14.5338888888889,-75.185,371.0,61.8827997829626,0.6181901975175669,5.117471,0.000759
110402,ICA,PALPA,LLIPATA,-14.5633333333333,-75.2075,317.0,10.1407240305081,0.5979174613339419,3.664045,0.008642
110403,ICA,PALPA,RIO GRANDE,-14.52,-75.2011111111111,369.0,10.3226419878296,0.5964318742532319,2.825618,0.003646
110404,ICA,PALPA,SANTA CRUZ,-14.4833333333333,-75.2455555555556,546.0,5.3891278842393397,0.569611687632493,6.609853,0.0
110405,ICA,PALPA,TIBILLO,-14.0938888888889,-75.1716666666667,2192.0,1.3809291549811,0.548856838876233,8.612403,0.0
110501,ICA,PISCO,PISCO,-13.71,-76.2016666666667,39.0,3037.7850162866498,0.587612825136968,3.123501,0.033308
110502,ICA,PISCO,HUANCANO,-13.6008333333333,-75.6186111111111,1039.0,2.34991272068409,0.5372675889530069,3.98449,32.68006
110503,ICA,PISCO,HUMAY,-13.7227777777778,-75.8866666666667,426.0,6.5698677400805101,0.54760646879433,5.87026,0.025738
110504,ICA,PISCO,INDEPENDENCIA,-13.6938888888889,-76.0247222222222,235.0,52.375706837041903,0.536858399636385,3.947185,0.011902
110505,ICA,PISCO,PARACAS,-13.8388888888889,-76.2519444444444,14.0,4.9612676056338003,0.6292184793170689,4.926614,0.003963
110506,ICA,PISCO,SAN ANDRES,-13.7313888888889,-76.2233333333333,16.0,461.34347275031701,0.525712143712986,2.730565,0.000964
110507,ICA,PISCO,SAN CLEMENTE,-13.6802777777778,-76.1569444444444,116.0,195.409526803962,0.5723734005661169,4.783545,0.004515
110508,ICA,PISCO,TUPAC AMARU INCA,-13.7133333333333,-76.1483333333333,113.0,315.28478731074301,0.569669482058589,3.670807,0.002102
120101,JUNIN,HUANCAYO,HUANCAYO,-12.0708333333333,-75.2088888888889,3294.0,626.09555882971995,0.608341387537581,6.563487,0.352053
120104,JUNIN,HUANCAYO,CARHUACALLANGA,-12.355,-75.2005555555556,3774.0,28.955007256894,0.3911599597998319,31.81542,15.37747
120105,JUNIN,HUANCAYO,CHACAPAMPA,-12.345,-75.2475,3413.0,9.6338634857521495,0.270411350173181,31.81542,21.27092
120106,JUNIN,HUANCAYO,CHICCHE,-12.2961111111111,-75.2986111111111,3606.0,24.085365853658502,0.322326738587562,31.81542,10.40545
120107,JUNIN,HUANCAYO,CHILCA,-12.0866666666667,-75.2083333333333,3273.0,12801.2048192771,0.5505646674026339,13.03173,0.562531
120108,JUNIN,HUANCAYO,CHONGOS ALTO,-12.3116666666667,-75.2891666666667,3573.0,2.2087638047737799,0.4833224245705329,20.04704,11.86435
120111,JUNIN,HUANCAYO,CHUPURO,-12.1555555555556,-75.2455555555556,3197.0,194.69026548672599,0.4292263834681129,31.81542,7.092807
120112,JUNIN,HUANCAYO,COLCA,-12.3175,-75.2222222222222,3499.0,11.6114790286976,0.4496731277255,38.56399,10.79268
120113,JUNIN,HUANCAYO,CULLHUAS,-12.2205555555556,-75.1669444444445,3549.0,26.256828071474899,0.18546614221047,38.56399,17.02105
120114,JUNIN,HUANCAYO,EL TAMBO,-12.0502777777778,-75.2213888888889,3305.0,2546.6150081566102,0.634962044759109,5.108393,0.161755
120116,JUNIN,HUANCAYO,HUACRAPUQUIO,-12.1711111111111,-75.2208333333333,3238.0,67.302904564315398,0.366541697848841,31.81542,8.917745
120117,JUNIN,HUANCAYO,HUALHUAS,-11.9713888888889,-75.2508333333333,3267.0,215.79371474617199,0.510310164202821,17.07232,2.037909
120119,JUNIN,HUANCAYO,HUANCAN,-12.1066666666667,-75.2166666666667,3252.0,1648.5833333333301,0.492868751926114,25.03155,1.320724
120120,JUNIN,HUANCAYO,HUASICANCHA,-12.3322222222222,-75.2819444444445,3755.0,19.659735349716399,0.328706377542551,31.81542,16.12044
120121,JUNIN,HUANCAYO,HUAYUCACHI,-12.1386111111111,-75.2236111111111,3251.0,874.94287890327496,0.4869005705010079,26.55351,2.113386
120122,JUNIN,HUANCAYO,INGENIO,-11.8905555555556,-75.2663888888889,3486.0,53.218239819853601,0.4451063309167619,20.04704,8.877595
120124,JUNIN,HUANCAYO,PARIAHUANCA,-11.9802777777778,-74.8966666666667,2591.0,12.362753036437301,0.18479190221547,31.81542,28.84952
120125,JUNIN,HUANCAYO,PILCOMAYO,-12.0494444444444,-75.2505555555556,3244.0,1070.5649157581799,0.5708576062141179,17.07232,1.057319
120126,JUNIN,HUANCAYO,PUCARA,-12.1725,-75.1455555555555,3374.0,58.059552900714998,0.402010048857641,26.55351,11.11608
120127,JUNIN,HUANCAYO,QUICHUAY,-11.8897222222222,-75.2861111111111,3430.0,62.201782121299203,0.4730279799865589,20.04704,6.665678
120128,JUNIN,HUANCAYO,QUILCAS,-11.9380555555556,-75.2597222222222,3323.0,30.6345993570663,0.4627216671321979,25.97536,7.219168
120129,JUNIN,HUANCAYO,SAN AGUSTIN,-11.9897222222222,-75.2441666666667,3297.0,691.03508012126497,0.54889411639587,25.97536,0.954149
120130,JUNIN,HUANCAYO,SAN JERONIMO DE TUNAN,-11.9491666666667,-75.2822222222222,3301.0,632.92043830395403,0.5461790591051489,22.34907,2.17515
120132,JUNIN,HUANCAYO,SAÑO,-11.9588888888889,-75.2586111111111,3297.0,504.314063848145,0.47595756288216,22.34907,2.180675
120133,JUNIN,HUANCAYO,SAPALLANGA,-12.1413888888889,-75.1580555555555,3330.0,185.44782389514401,0.4759974563830889,24.349749,3.976679
120134,JUNIN,HUANCAYO,SICAYA,-12.0147222222222,-75.28,3305.0,263.84273344254598,0.528563633607116,22.34907,2.785744
120135,JUNIN,HUANCAYO,SANTO DOMINGO DE ACOBAMBA,-11.7688888888889,-74.7952777777778,2221.0,9.0858846816277197,0.384106141471978,38.56399,18.3412
120136,JUNIN,HUANCAYO,VIQUES,-12.1597222222222,-75.2319444444445,3200.0,784.87394957983201,0.4322371864064519,36.59578,1.718674
120201,JUNIN,CONCEPCION,CONCEPCION,-11.9188888888889,-75.3125,3303.0,969.38217605248803,0.559003713454002,18.66913,1.452429
120202,JUNIN,CONCEPCION,ACO,-11.9580555555556,-75.3683333333333,3474.0,49.867724867724903,0.377311303575011,20.04204,11.48397
120203,JUNIN,CONCEPCION,ANDAMARCA,-11.7283333333333,-74.8016666666667,2508.0,8.4875521657792508,0.263475468024275,46.875418,25.12614
120204,JUNIN,CONCEPCION,CHAMBARA,-12.0272222222222,-75.3752777777778,3521.0,27.126578924123301,0.331442817521097,30.89625,11.90761
120205,JUNIN,CONCEPCION,COCHAS,-11.66,-75.1022222222222,3231.0,13.723114207815801,0.3943224612709029,47.450685,18.98273
120206,JUNIN,CONCEPCION,COMAS,-11.7177777777778,-75.0816666666667,3303.0,9.1046783554871595,0.374191048427901,30.89625,18.33298
120207,JUNIN,CONCEPCION,HEROINAS TOLEDO,-11.8355555555556,-75.2908333333333,3764.0,55.516840882694503,0.30584035861223,30.89625,13.37785
120208,JUNIN,CONCEPCION,MANZANARES,-12.0161111111111,-75.3458333333333,3381.0,84.839650145772595,0.466590537335386,22.96238,2.149679
120209,JUNIN,CONCEPCION,MARISCAL CASTILLA,-11.6191666666667,-75.09,2513.0,2.7747902774790298,0.15313161098589,22.96238,17.51821
120210,JUNIN,CONCEPCION,MATAHUASI,-11.8938888888889,-75.3441666666667,3302.0,228.98140662894099,0.515010350070746,23.266353,1.222603
120211,JUNIN,CONCEPCION,MITO,-11.9372222222222,-75.3391666666667,3296.0,59.063863546211799,0.509432446919266,20.04204,1.909667
120212,JUNIN,CONCEPCION,NUEVE DE JULIO,-11.8977777777778,-75.3180555555555,3339.0,283.24175824175802,0.50647468582331,18.66913,1.457254
120213,JUNIN,CONCEPCION,ORCOTUNA,-11.9672222222222,-75.3075,3271.0,114.077561084959,0.440692646396014,38.255127,3.667645
120214,JUNIN,CONCEPCION,SAN JOSE DE QUERO,-12.0855555555556,-75.5363888888889,3913.0,21.534307496823399,0.241515089189607,33.713954,9.204384
120215,JUNIN,CONCEPCION,SANTA ROSA DE OCOPA,-11.8772222222222,-75.295,3396.0,163.26383896477401,0.516635524454083,13.418097,2.450946
120301,JUNIN,CHANCHAMAYO,CHANCHAMAYO,-11.0566666666667,-75.3275,804.0,37.728874005131999,0.587430624814192,15.38681,1.517997
120302,JUNIN,CHANCHAMAYO,PERENE,-10.9475,-75.2247222222222,666.0,49.147049934517597,0.4295860411633359,31.267017,5.592543
120303,JUNIN,CHANCHAMAYO,PICHANAQUI,-10.9263888888889,-74.8727777777777,531.0,36.0071896778677,0.4504704361939799,30.580174,3.85774
120304,JUNIN,CHANCHAMAYO,SAN LUIS DE SHUARO,-10.8883333333333,-75.2872222222222,739.0,31.794437385288699,0.430932344551445,21.48942,2.624644
120305,JUNIN,CHANCHAMAYO,SAN RAMON,-11.1205555555556,-75.3530555555555,865.0,48.532120945797502,0.5524312122883909,15.38681,2.713436
120306,JUNIN,CHANCHAMAYO,VITOC,-11.2102777777778,-75.3347222222222,962.0,8.4817588019754595,0.550828422978974,13.756187,6.435944
120401,JUNIN,JAUJA,JAUJA,-11.7755555555556,-75.5005555555556,3425.0,1772.5742574257399,0.579334524483145,13.768551,1.024238
120402,JUNIN,JAUJA,ACOLLA,-11.7311111111111,-75.5466666666667,3493.0,63.464052287581701,0.484660958184821,34.997418,5.696154
120403,JUNIN,JAUJA,APATA,-11.8552777777778,-75.3544444444444,3359.0,12.890754708030901,0.4619353546265779,32.56425,8.963309
120404,JUNIN,JAUJA,ATAURA,-11.8027777777778,-75.4388888888889,3364.0,253.389830508475,0.55587010899333,21.93331,2.064729
120405,JUNIN,JAUJA,CANCHAYLLO,-11.8022222222222,-75.7180555555556,3632.0,1.8046763586371,0.425123222534444,32.56425,6.672279
120406,JUNIN,JAUJA,CURICACA,-11.7852777777778,-75.675,3546.0,24.103277674706199,0.4545643050211289,21.93331,6.876509
120407,JUNIN,JAUJA,EL MANTARO,-11.8222222222222,-75.3919444444445,3336.0,162.556306306306,0.540670623001362,24.70769,2.75974
120408,JUNIN,JAUJA,HUAMALI,-11.8072222222222,-75.4241666666667,3366.0,94.551758296186193,0.49266694769621,18.58019,5.941114
120409,JUNIN,JAUJA,HUARIPAMPA,-11.8077777777778,-75.4711111111111,3378.0,80.126849894291695,0.544037248985454,12.41071,1.7029
120410,JUNIN,JAUJA,HUERTAS,-11.76,-75.4697222222222,3404.0,205.92216582064299,0.463146259727225,18.58019,2.419231
120411,JUNIN,JAUJA,JANJAILLO,-11.7644444444444,-75.6102777777778,3830.0,26.892619575546401,0.2473720078845579,38.62253,19.62403
120412,JUNIN,JAUJA,JULCAN,-11.7591666666667,-75.4352777777778,3473.0,45.076674737691697,0.516800069330265,18.58019,10.45125
120413,JUNIN,JAUJA,LEONOR ORDOÑEZ,-11.8594444444444,-75.4175,3319.0,84.660766961651902,0.513319853784435,12.41071,3.728483
120414,JUNIN,JAUJA,LLOCLLAPAMPA,-11.8175,-75.6238888888889,3526.0,13.517179023508101,0.476507500008771,12.41071,4.848885
120415,JUNIN,JAUJA,MARCO,-11.7405555555556,-75.5611111111111,3480.0,63.9930555555556,0.4133354907944,34.60402,9.790545
120416,JUNIN,JAUJA,MASMA,-11.7852777777778,-75.4261111111111,3505.0,157.78401122019599,0.393392708999593,34.60402,10.32772
120417,JUNIN,JAUJA,MASMA CHICCHE,-11.7861111111111,-75.3816666666667,3671.0,31.949095780308099,0.416737879066549,40.86393,21.21206
120418,JUNIN,JAUJA,MOLINOS,-11.7377777777778,-75.4461111111111,3459.0,6.4740365826312596,0.3573528874214549,29.09101,11.99609
120419,JUNIN,JAUJA,MONOBAMBA,-11.3605555555556,-75.3266666666667,1495.0,5.4592164418753999,0.4187377168862019,29.09101,4.462065
120420,JUNIN,JAUJA,MUQUI,-11.8333333333333,-75.435,3358.0,92.419080068143103,0.510372436950787,22.73657,4.928054
120421,JUNIN,JAUJA,MUQUIYAUYO,-11.8138888888889,-75.4538888888889,3373.0,127.341389728097,0.542296543480967,24.17415,2.215416
120422,JUNIN,JAUJA,PACA,-11.7091666666667,-75.5183333333333,3402.0,33.606078316773797,0.444031568815246,29.09101,13.25559
120423,JUNIN,JAUJA,PACCHA,-11.8536111111111,-75.5063888888889,3679.0,22.958397534668698,0.453776196086817,24.70769,11.67737
120424,JUNIN,JAUJA,PANCAN,-11.7488888888889,-75.4861111111111,3398.0,156.56565656565701,0.514194295594642,29.09101,3.790554
120425,JUNIN,JAUJA,PARCO,-11.8011111111111,-75.5427777777778,3437.0,48.598415600243797,0.4766174142212529,22.73657,9.540467
120426,JUNIN,JAUJA,POMACANCHA,-11.7391666666667,-75.6233333333333,3824.0,6.6616952522992801,0.333089637512875,40.86393,16.46955
120427,JUNIN,JAUJA,RICRAN,-11.5394444444444,-75.5272222222222,3645.0,5.1508048132520701,0.358272193968242,40.86393,18.14765
120428,JUNIN,JAUJA,SAN LORENZO,-11.8463888888889,-75.3816666666667,3337.0,117.29119638826199,0.507016184289594,16.692441,2.533658
120429,JUNIN,JAUJA,SAN PEDRO DE CHUNAN,-11.7255555555556,-75.4863888888889,3417.0,93.483412322274901,0.423442233249878,29.09101,6.79099
120430,JUNIN,JAUJA,SAUSA,-11.7936111111111,-75.4847222222222,3387.0,675.77777777777806,0.54432154821404,24.70769,1.919117
120431,JUNIN,JAUJA,SINCOS,-11.8913888888889,-75.3869444444445,3280.0,18.0662329982259,0.382941842730191,18.58019,10.87798
120432,JUNIN,JAUJA,TUNAN MARCA,-11.7297222222222,-75.5705555555556,3492.0,42.800133022946497,0.477757278641643,29.09101,10.9806
120433,JUNIN,JAUJA,YAULI,-11.715,-75.4719444444444,3439.0,15.856146001073499,0.467765246934468,38.62253,6.430484
120434,JUNIN,JAUJA,YAUYOS,-11.7808333333333,-75.4997222222222,3420.0,451.41187925998003,0.5558879901194999,24.17415,2.582791
120501,JUNIN,JUNIN,JUNIN,-11.1613888888889,-75.9983333333333,4127.0,13.387644263407999,0.488132082294227,22.178845,5.478269
120502,JUNIN,JUNIN,CARHUAMAYO,-10.9227777777778,-76.0577777777778,4154.0,27.367079388200999,0.451502122786866,41.252469,7.045571
120503,JUNIN,JUNIN,ONDORES,-11.0836111111111,-76.1466666666667,4108.0,7.3135266839581901,0.496938012509271,30.489644,9.787006
120504,JUNIN,JUNIN,ULCUMAYO,-10.9675,-75.8780555555555,3636.0,4.9089315281971402,0.225391409384952,51.766199,27.05914
120601,JUNIN,SATIPO,SATIPO,-11.2538888888889,-74.6361111111111,676.0,60.182781891205202,0.50555351476702,21.841047,2.008074
120602,JUNIN,SATIPO,COVIRIALI,-11.2913888888889,-74.6275,708.0,33.673258457934303,0.386862029427604,37.709363,4.73807
120603,JUNIN,SATIPO,LLAYLLA,-11.3811111111111,-74.5902777777778,1122.0,25.167692222406998,0.3913088938772479,28.28469,5.563149
120604,JUNIN,SATIPO,MAZAMARI,-11.325,-74.5302777777778,694.0,12.1430148267955,0.428501206195657,35.190937,3.646218
120605,JUNIN,SATIPO,PAMPA HERMOSA,-11.4041666666667,-74.7516666666667,1231.0,8.5970854945132498,0.3119275858815729,48.846161,5.306201
120606,JUNIN,SATIPO,PANGOA,-11.4283333333333,-74.4888888888889,816.0,16.5018753057564,0.357081733218005,38.234087,3.646218
120607,JUNIN,SATIPO,RIO NEGRO,-11.2088888888889,-74.6594444444444,665.0,35.167417270413203,0.38964491994268,33.684533,6.040971
120608,JUNIN,SATIPO,RIO TAMBO,-11.1475,-74.3063888888889,358.0,3.1713349887438498,0.2804513500659179,51.784869,9.170981
120609,JUNIN,SATIPO,VIZCATAN DEL ENE,-12.1861111111111,-74.0272222222222,539.0,5.5163891573327399,0.398198750656028,28.28469,3.646218
120701,JUNIN,TARMA,TARMA,-11.42,-75.6880555555555,3094.0,119.147733449288,0.549326034763295,14.537614,2.098288
120702,JUNIN,TARMA,ACOBAMBA,-11.3533333333333,-75.6591666666667,2961.0,107.910874897792,0.419982242220359,33.48464,7.855143
120703,JUNIN,TARMA,HUARICOLCA,-11.5119444444444,-75.6527777777778,3783.0,14.798841722629501,0.39581198615661,45.41516,16.17031
120704,JUNIN,TARMA,HUASAHUASI,-11.265,-75.6502777777778,2768.0,16.899486314498201,0.4094314403899759,33.48464,11.09983
120705,JUNIN,TARMA,LA UNION,-11.3772222222222,-75.7519444444444,3556.0,25.113960113960101,0.513565775616436,26.84906,3.585145
120706,JUNIN,TARMA,PALCA,-11.3461111111111,-75.5686111111111,2759.0,19.009204401184899,0.378531051607917,23.744444,8.033187
120707,JUNIN,TARMA,PALCAMAYO,-11.2958333333333,-75.7727777777777,3351.0,25.9158591349563,0.38738307839073,24.586479,8.611915
120708,JUNIN,TARMA,SAN PEDRO DE CAJAS,-11.2491666666667,-75.8627777777777,4027.0,7.7925220077794899,0.3806721892335709,26.84906,14.2312
120709,JUNIN,TARMA,TAPO,-11.3902777777778,-75.5638888888889,3146.0,30.794047932578302,0.2783009324476299,45.41516,24.47753
120801,JUNIN,YAULI,LA OROYA,-11.5219444444444,-75.9077777777778,3757.0,46.1124555893105,0.621171121778423,12.5755,0.909194
120802,JUNIN,YAULI,CHACAPALPA,-11.7327777777778,-75.7555555555555,3775.0,5.1786299573910197,0.414222043407568,24.41379,6.867682
120803,JUNIN,YAULI,HUAY-HUAY,-11.7225,-75.905,3995.0,7.7636990107813704,0.632548650412604,13.6195,0.428511
120804,JUNIN,YAULI,MARCAPOMACOCHA,-11.4066666666667,-76.3361111111111,4451.0,1.1366705681102001,0.530257034095146,20.47686,2.134338
120805,JUNIN,YAULI,MOROCOCHA,-11.5872222222222,-76.0633333333333,4268.0,18.240674521022299,0.727764014102057,14.238628,5.814882
120806,JUNIN,YAULI,PACCHA,-11.4730555555556,-75.9605555555556,3786.0,5.5979486545769097,0.602009886464544,13.6195,1.312099
120807,JUNIN,YAULI,SANTA BARBARA DE CARHUACAYAN,-11.2038888888889,-76.2855555555555,4145.0,1.2858004920391799,0.575103778441689,20.47686,6.870958
120808,JUNIN,YAULI,SANTA ROSA DE SACCO,-11.5491666666667,-75.9402777777778,3831.0,87.090711247403306,0.6321460491366399,12.5755,0.990597
120809,JUNIN,YAULI,SUITUCANCHA,-11.7875,-75.9363888888889,4286.0,5.0769159698803499,0.3611810526313989,24.41379,4.211414
120810,JUNIN,YAULI,YAULI,-11.6658333333333,-76.0858333333333,4137.0,8.7702753677857395,0.7045048858113409,4.271369,0.444194
120901,JUNIN,CHUPACA,CHUPACA,-12.0577777777778,-75.2894444444444,3286.0,1397.83410138249,0.5484926229087,14.533798,1.877533
120902,JUNIN,CHUPACA,AHUAC,-12.0858333333333,-75.3211111111111,3341.0,113.898353208404,0.473664511860523,19.95557,6.347371
120903,JUNIN,CHUPACA,CHONGOS BAJO,-12.1338888888889,-75.2680555555555,3288.0,52.342743932639898,0.4658171490317289,25.5341,4.534775
120904,JUNIN,CHUPACA,HUACHAC,-12.0205555555556,-75.3411111111111,3378.0,152.24897773739201,0.538633246950683,24.67012,3.521745
120905,JUNIN,CHUPACA,HUAMANCACA CHICO,-12.0808333333333,-75.2422222222222,3203.0,721.91489361702099,0.554449372084271,25.5341,1.407322
120906,JUNIN,CHUPACA,SAN JUAN DE YSCOS,-12.0983333333333,-75.2927777777778,3280.0,120.364372469636,0.5223267978415669,28.86316,8.035657
120907,JUNIN,CHUPACA,SAN JUAN DE JARPA,-12.1263888888889,-75.4355555555556,3692.0,27.207706904101599,0.28716578617796,24.67012,15.73012
120908,JUNIN,CHUPACA,TRES DE DICIEMBRE,-12.1097222222222,-75.2458333333333,3193.0,206.68485675306999,0.503351715236769,18.76017,2.019314
120909,JUNIN,CHUPACA,YANACANCHA,-12.2011111111111,-75.3866666666667,3854.0,4.6690879741727196,0.3623462245381809,28.86316,9.39125
130101,LA LIBERTAD,TRUJILLO,TRUJILLO,-8.1,-79.0305555555556,74.0,10084.451219512201,0.715115519183945,4.989521,0.072698
130102,LA LIBERTAD,TRUJILLO,EL PORVENIR,-8.08805555555555,-78.9977777777778,92.0,4854.5504087193503,0.5628682280502049,24.209033,1.934568
130103,LA LIBERTAD,TRUJILLO,FLORENCIA DE MORA,-8.08277777777778,-79.0233333333333,92.0,35670.351758794,0.56600370742685,20.917457,1.229019
130104,LA LIBERTAD,TRUJILLO,HUANCHACO,-8.08,-79.1216666666667,19.0,218.80532305654199,0.5830067711568359,18.93615,1.150997
130105,LA LIBERTAD,TRUJILLO,LA ESPERANZA,-8.05611111111111,-79.0516666666667,137.0,12278.456591639901,0.596157415461107,19.245626,1.182252
130106,LA LIBERTAD,TRUJILLO,LAREDO,-8.08972222222222,-78.9602777777778,107.0,123.72406391605099,0.592957948472834,17.123664,1.917213
130107,LA LIBERTAD,TRUJILLO,MOCHE,-8.17138888888889,-79.0091666666667,25.0,1726.81188118812,0.618325375347301,13.2825,1.783718
130108,LA LIBERTAD,TRUJILLO,POROTO,-8.01138888888889,-78.7677777777778,659.0,16.702293395166802,0.447986343798282,32.142499,11.06123
130109,LA LIBERTAD,TRUJILLO,SALAVERRY,-8.22444444444444,-78.9761111111111,10.0,65.8679194267946,0.570487231348571,18.70471,4.122085
130110,LA LIBERTAD,TRUJILLO,SIMBAL,-7.97666666666667,-78.8133333333333,604.0,13.465625400076799,0.4511366358384429,31.842062,15.65202
130111,LA LIBERTAD,TRUJILLO,VICTOR LARCO HERRERA,-8.13638888888889,-79.0433333333333,24.0,4348.7236403995603,0.753164112460434,6.118822,0.07486
130201,LA LIBERTAD,ASCOPE,ASCOPE,-7.71361111111111,-79.1072222222222,242.0,30.122682472947801,0.54999180907094,25.837439,3.655248
130202,LA LIBERTAD,ASCOPE,CHICAMA,-7.8425,-79.1441666666667,150.0,19.885593512371099,0.572156758768811,24.114123,2.811876
130203,LA LIBERTAD,ASCOPE,CHOCOPE,-7.79138888888889,-79.2230555555555,118.0,131.63062780737499,0.613755240273678,15.119381,0.871244
130204,LA LIBERTAD,ASCOPE,MAGDALENA DE CAO,-7.87638888888889,-79.2958333333333,42.0,18.250414085025501,0.573503713314508,18.400792,0.850467
130205,LA LIBERTAD,ASCOPE,PAIJAN,-7.73472222222222,-79.3033333333333,97.0,356.50646254235198,0.5345074857798319,32.141216,2.839668
130206,LA LIBERTAD,ASCOPE,RAZURI,-7.70222222222222,-79.4377777777778,14.0,26.3725181216514,0.560516444586666,25.987669,2.007851
130207,LA LIBERTAD,ASCOPE,SANTIAGO DE CAO,-7.95777777777778,-79.2436111111111,32.0,134.519572953737,0.617580772129479,23.065831,1.214972
130208,LA LIBERTAD,ASCOPE,CASA GRANDE,-7.74527777777778,-79.1880555555555,162.0,44.5404304828389,0.61885108482907,12.468796,1.028737
130301,LA LIBERTAD,BOLIVAR,BOLIVAR,-7.15388888888889,-77.7022222222222,3157.0,6.6096843014934201,0.3285814054222059,47.963631,23.56934
130302,LA LIBERTAD,BOLIVAR,BAMBAMARCA,-7.43972222222222,-77.6930555555555,3488.0,25.5569007263923,0.2145366573721949,64.781428,60.82023
130303,LA LIBERTAD,BOLIVAR,CONDORMARCA,-7.54666666666667,-77.5997222222222,2793.0,7.4050594699027998,0.25955594871712,65.903417,72.05769
130304,LA LIBERTAD,BOLIVAR,LONGOTEA,-7.04388888888889,-77.8722222222222,2617.0,11.3179178763998,0.349249714764375,37.950016,36.75091
130305,LA LIBERTAD,BOLIVAR,UCHUMARCA,-7.04722222222222,-77.8055555555555,3043.0,13.9505589670918,0.296757566855855,52.812249,19.81999
130306,LA LIBERTAD,BOLIVAR,UCUNCHA,-7.16527777777778,-77.8591666666667,2634.0,13.7282796463774,0.298555874851546,42.440448,63.21137
130401,LA LIBERTAD,CHEPEN,CHEPEN,-7.2275,-79.4294444444444,160.0,201.95935129115301,0.588570481947219,21.749154,2.186877
130402,LA LIBERTAD,CHEPEN,PACANGA,-7.17138888888889,-79.4855555555555,112.0,34.543524052540498,0.511472723249302,32.458251,6.356937
130403,LA LIBERTAD,CHEPEN,PUEBLO NUEVO,-7.1825,-79.52,84.0,52.349166543738001,0.5269858676904429,35.559638,3.165681
130501,LA LIBERTAD,JULCAN,JULCAN,-8.04277777777778,-78.4863888888889,3420.0,70.847522662957502,0.2726428708882759,44.449581,45.34204
130502,LA LIBERTAD,JULCAN,CALAMARCA,-8.17,-78.4122222222222,3377.0,35.217035217035203,0.1929628252319209,51.529088,52.59275
130503,LA LIBERTAD,JULCAN,CARABAMBA,-8.1125,-78.6075,3345.0,31.685543495359401,0.196556476367379,59.669255,30.22541
130504,LA LIBERTAD,JULCAN,HUASO,-8.22472222222222,-78.4141666666667,3075.0,16.520125275490098,0.157422208529089,59.100247,67.15054
130601,LA LIBERTAD,OTUZCO,OTUZCO,-7.90222222222222,-78.5655555555555,2701.0,73.881521176232198,0.3809823047796909,34.779792,20.7572
130602,LA LIBERTAD,OTUZCO,AGALLPAMPA,-7.98194444444445,-78.5466666666667,3143.0,36.927599009901002,0.2349699105554189,44.900427,37.77901
130604,LA LIBERTAD,OTUZCO,CHARAT,-7.82388888888889,-78.4480555555556,2280.0,44.055741036434902,0.22509296546317,42.108386,30.46468
130605,LA LIBERTAD,OTUZCO,HUARANCHAL,-7.68972222222222,-78.4425,2208.0,41.022385566321397,0.254306499379614,51.745046,45.6085
130606,LA LIBERTAD,OTUZCO,LA CUESTA,-7.91888888888889,-78.7047222222222,1900.0,24.382165605095501,0.216576911237676,56.624864,28.59287
130608,LA LIBERTAD,OTUZCO,MACHE,-8.02916666666667,-78.535,3320.0,105.46623794212201,0.320763611180168,49.631062,27.09905
130610,LA LIBERTAD,OTUZCO,PARANDAY,-7.885,-78.7094444444444,3137.0,39.8415657036347,0.23394851668329,59.587084,39.58325
130611,LA LIBERTAD,OTUZCO,SALPO,-8.00305555555556,-78.6041666666667,3461.0,32.676144028224499,0.2791284879085739,47.078978,33.32933
130613,LA LIBERTAD,OTUZCO,SINSICAP,-7.85166666666667,-78.7541666666667,2335.0,21.825808588144401,0.148980403735161,65.320656,32.5385
130614,LA LIBERTAD,OTUZCO,USQUIL,-7.81527777777778,-78.4166666666667,3049.0,64.232201336862403,0.1883083184611079,55.754524,24.36773
130701,LA LIBERTAD,PACASMAYO,SAN PEDRO DE LLOC,-7.41833333333333,-79.5147222222222,49.0,27.718397153555902,0.613851753855395,21.034851,1.597771
130702,LA LIBERTAD,PACASMAYO,GUADALUPE,-7.24361111111111,-79.4702777777778,124.0,245.93940859889901,0.565097932978712,30.476067,2.502537
130703,LA LIBERTAD,PACASMAYO,JEQUETEPEQUE,-7.3375,-79.5630555555556,13.0,82.306786975284396,0.553607180626943,39.803324,3.027377
130704,LA LIBERTAD,PACASMAYO,PACASMAYO,-7.40111111111111,-79.5722222222222,21.0,1067.28274967575,0.5968586479601469,11.573225,1.445664
130705,LA LIBERTAD,PACASMAYO,SAN JOSE,-7.35,-79.4552777777778,117.0,72.683088478957202,0.53511179003009,33.728335,6.647911
130801,LA LIBERTAD,PATAZ,TAYABAMBA,-8.275,-77.2961111111111,3222.0,47.418394126146303,0.3197513128881679,37.842299,26.86902
130802,LA LIBERTAD,PATAZ,BULDIBUYO,-8.12694444444445,-77.3952777777778,3189.0,19.688640661418699,0.358869347659569,50.457834,26.90196
130803,LA LIBERTAD,PATAZ,CHILLIA,-8.12444444444444,-77.515,3166.0,50.703239568057597,0.229485680182058,69.702252,31.67965
130804,LA LIBERTAD,PATAZ,HUANCASPATA,-8.4575,-77.2983333333333,3313.0,26.628414417326699,0.2315675747978999,57.457553,52.88885
130805,LA LIBERTAD,PATAZ,HUAYLILLAS,-8.18722222222222,-77.3438888888889,2381.0,15.167725398417501,0.3092591606999209,52.202967,36.87889
130806,LA LIBERTAD,PATAZ,HUAYO,-8.00444444444445,-77.5922222222222,2188.0,36.435850116344398,0.229112671661552,69.572526,42.72874
130807,LA LIBERTAD,PATAZ,ONGON,-8.20777777777777,-76.9827777777778,1353.0,1.3463427223652,0.173582379110192,59.090909,26.52659
130808,LA LIBERTAD,PATAZ,PARCOY,-8.03333333333333,-77.4797222222222,3121.0,53.788648808157703,0.548346648519961,32.580512,24.13803
130809,LA LIBERTAD,PATAZ,PATAZ,-7.785,-77.5938888888889,2611.0,17.2129043299675,0.468629212296099,35.524978,19.97179
130810,LA LIBERTAD,PATAZ,PIAS,-7.87194444444445,-77.5466666666667,2641.0,4.6708101272634304,0.409953475248835,35.463653,48.01927
130811,LA LIBERTAD,PATAZ,SANTIAGO DE CHALLAS,-8.43805555555555,-77.3205555555556,3316.0,18.703646477132299,0.205702251779114,55.996857,50.6673
130812,LA LIBERTAD,PATAZ,TAURIJA,-8.30777777777778,-77.4236111111111,3123.0,24.2063187024368,0.243494711812975,54.115176,62.70168
130813,LA LIBERTAD,PATAZ,URPAY,-8.34777777777778,-77.38944444444449,2707.0,30.4186326674029,0.2405550851882249,52.699601,44.402
130901,LA LIBERTAD,SANCHEZ CARRION,HUAMACHUCO,-7.81111111111111,-78.0466666666667,3183.0,180.47061042604901,0.3986882084754759,34.422425,6.583373
130902,LA LIBERTAD,SANCHEZ CARRION,CHUGAY,-7.78194444444444,-77.8683333333333,3394.0,51.399197713242501,0.149220653865998,67.156456,32.2494
130903,LA LIBERTAD,SANCHEZ CARRION,COCHORCO,-7.80638888888889,-77.7175,2620.0,45.7409703921873,0.2070758228592549,46.787947,42.48744
130904,LA LIBERTAD,SANCHEZ CARRION,CURGOS,-7.86,-77.9438888888889,3244.0,98.472361809045196,0.117271990927445,50.103916,86.71025
130905,LA LIBERTAD,SANCHEZ CARRION,MARCABAL,-7.70583333333333,-78.0336111111111,2943.0,64.254911356013395,0.1405167107902589,65.502441,27.20959
130906,LA LIBERTAD,SANCHEZ CARRION,SANAGORAN,-7.78611111111111,-78.1419444444445,2688.0,51.452000739873,0.1244076988219629,64.148054,52.65644
130907,LA LIBERTAD,SANCHEZ CARRION,SARIN,-7.91138888888889,-77.9061111111111,2840.0,32.924605975064701,0.181385165714608,63.140962,39.80721
130908,LA LIBERTAD,SANCHEZ CARRION,SARTIMBAMBA,-7.69916666666667,-77.7436111111111,2697.0,40.9843547937216,0.1577696273838299,64.077053,37.21025
131001,LA LIBERTAD,SANTIAGO DE CHUCO,SANTIAGO DE CHUCO,-8.14527777777777,-78.1736111111111,3126.0,23.0982740795246,0.320675752991451,45.926741,22.18106
131002,LA LIBERTAD,SANTIAGO DE CHUCO,ANGASMARCA,-8.13277777777778,-78.0558333333333,2889.0,37.634408602150501,0.347954033745561,49.704689,24.04331
131003,LA LIBERTAD,SANTIAGO DE CHUCO,CACHICADAN,-8.09444444444445,-78.1488888888889,2897.0,21.253283302063799,0.3760037277999109,45.091231,32.3681
131004,LA LIBERTAD,SANTIAGO DE CHUCO,MOLLEBAMBA,-8.17083333333333,-77.9738888888889,3099.0,30.449131869708701,0.2884101738433599,50.098808,28.81602
131005,LA LIBERTAD,SANTIAGO DE CHUCO,MOLLEPATA,-8.19333333333333,-77.9572222222222,2694.0,37.162921348314597,0.20260552574914,42.930853,30.91846
131006,LA LIBERTAD,SANTIAGO DE CHUCO,QUIRUVILCA,-8.00194444444445,-78.31,3992.0,21.959791674254301,0.432088393656726,41.443551,14.92363
131007,LA LIBERTAD,SANTIAGO DE CHUCO,SANTA CRUZ DE CHUCA,-8.12027777777778,-78.1422222222222,2937.0,20.0096899224806,0.281708064930619,46.093862,38.50995
131008,LA LIBERTAD,SANTIAGO DE CHUCO,SITABAMBA,-8.02222222222223,-77.73,3080.0,13.3127034780647,0.218143055831291,62.646119,53.81674
131101,LA LIBERTAD,GRAN CHIMU,CASCAS,-7.47944444444445,-78.8197222222222,1278.0,35.069899284901297,0.414494810523841,35.275352,8.963056
131102,LA LIBERTAD,GRAN CHIMU,LUCMA,-7.64055555555555,-78.5522222222222,2192.0,17.943505242884701,0.289788608164854,51.653058,40.36357
131103,LA LIBERTAD,GRAN CHIMU,MARMOT,-7.69833333333333,-78.6261111111111,1512.0,7.1573688592839302,0.382014253365389,48.783205,25.45015
131104,LA LIBERTAD,GRAN CHIMU,SAYAPULLO,-7.59583333333333,-78.465,2384.0,31.932737870591701,0.3426873819779949,56.718451,44.20023
131201,LA LIBERTAD,VIRU,VIRU,-8.41444444444445,-78.7527777777778,88.0,60.152849620205998,0.5051395598219869,30.589114,1.901888
131202,LA LIBERTAD,VIRU,CHAO,-8.54055555555555,-78.6788888888888,103.0,20.618123405896799,0.4971504606547649,34.761395,4.314579
131203,LA LIBERTAD,VIRU,GUADALUPITO,-8.95166666666667,-78.6247222222222,30.0,17.950681952955101,0.486798748326811,45.331058,2.279527
140101,LAMBAYEQUE,CHICLAYO,CHICLAYO,-6.76694444444444,-79.8505555555555,28.0,6934.9155908639495,0.633675858244332,7.491534,0.367709
140102,LAMBAYEQUE,CHICLAYO,CHONGOYAPE,-6.64305555555555,-79.3852777777778,219.0,28.299157303370801,0.550302953951735,18.26452,0.797432
140103,LAMBAYEQUE,CHICLAYO,ETEN,-6.90694444444445,-79.8625,15.0,154.25807973578699,0.510315708493013,18.26452,1.342388
140104,LAMBAYEQUE,CHICLAYO,ETEN PUERTO,-6.92555555555555,-79.8661111111111,14.0,186.74033149171299,0.6176842578070318,8.79655,0.190986
140105,LAMBAYEQUE,CHICLAYO,JOSE LEONARDO ORTIZ,-6.76305555555555,-79.8344444444444,41.0,7020.7654145995803,0.541569788834186,13.47952,0.714119
140106,LAMBAYEQUE,CHICLAYO,LA VICTORIA,-6.79444444444444,-79.8444444444444,36.0,3336.2738419618499,0.5698121065713129,11.043383,0.393952
140107,LAMBAYEQUE,CHICLAYO,LAGUNAS,-6.99111111111111,-79.6227777777777,34.0,24.222517296806199,0.532831394615197,19.72254,1.120251
140108,LAMBAYEQUE,CHICLAYO,MONSEFU,-6.87805555555556,-79.8725,40.0,905.71873609256795,0.474112095613525,16.060235,2.531667
140109,LAMBAYEQUE,CHICLAYO,NUEVA ARICA,-6.87416666666667,-79.3436111111111,178.0,12.553324066529299,0.482887166159225,12.5301,0.430537
140110,LAMBAYEQUE,CHICLAYO,OYOTUN,-6.85444444444444,-79.3063888888889,209.0,18.0610452349583,0.504942716040316,18.26452,1.190599
140111,LAMBAYEQUE,CHICLAYO,PICSI,-6.71833333333333,-79.7705555555555,43.0,165.67111735769501,0.453862629720281,18.26452,1.093421
140112,LAMBAYEQUE,CHICLAYO,PIMENTEL,-6.83527777777778,-79.9358333333333,22.0,485.54035773335301,0.582874900209372,10.716871,0.482186
140113,LAMBAYEQUE,CHICLAYO,REQUE,-6.865,-79.8191666666667,34.0,345.52413353178798,0.564199279602786,12.5301,0.707174
140114,LAMBAYEQUE,CHICLAYO,SANTA ROSA,-6.88166666666667,-79.9208333333333,23.0,972.39176721078798,0.4559446956608769,19.300136,2.467911
140115,LAMBAYEQUE,CHICLAYO,SAÑA,-6.91805555555556,-79.5833333333333,70.0,31.742593182542201,0.52697744632634,13.994183,2.640549
140116,LAMBAYEQUE,CHICLAYO,CAYALTI,-6.89166666666667,-79.5622222222222,86.0,103.377133734496,0.5396489907562029,16.827115,0.648382
140117,LAMBAYEQUE,CHICLAYO,PATAPO,-6.73555555555556,-79.6347222222222,113.0,127.85952628411999,0.536899037759998,18.715514,1.037555
140118,LAMBAYEQUE,CHICLAYO,POMALCA,-6.77,-79.7752777777778,61.0,342.72557560672101,0.5620975674023029,13.836561,0.643333
140119,LAMBAYEQUE,CHICLAYO,PUCALA,-6.78194444444444,-79.6122222222222,108.0,48.137193561230902,0.509982434385407,12.5301,0.295812
140120,LAMBAYEQUE,CHICLAYO,TUMAN,-6.75111111111111,-79.7011111111111,71.0,233.75019180604599,0.622542599526779,12.5301,0.378335
140201,LAMBAYEQUE,FERREÑAFE,FERREÑAFE,-6.63888888888889,-79.7883333333333,38.0,641.09038275973001,0.5110846256157149,15.518673,2.140144
140202,LAMBAYEQUE,FERREÑAFE,CAÑARIS,-6.04611111111111,-79.2652777777778,2421.0,58.786155574276897,0.1710369282033349,62.553353,60.53695
140203,LAMBAYEQUE,FERREÑAFE,INCAHUASI,-6.23527777777778,-79.3169444444444,3030.0,42.0670856705188,0.167466594528301,53.203898,47.5766
140204,LAMBAYEQUE,FERREÑAFE,MANUEL ANTONIO MESONES MURO,-6.645,-79.7388888888889,66.0,23.014408934536601,0.449392366323399,16.407291,1.350993
140205,LAMBAYEQUE,FERREÑAFE,PITIPO,-6.56583333333333,-79.7808333333333,70.0,39.313483105808203,0.422348080135445,20.880109,1.456971
140206,LAMBAYEQUE,FERREÑAFE,PUEBLO NUEVO,-6.64027777777778,-79.7961111111111,45.0,518.94044321329602,0.483069105730814,22.609211,2.577321
140301,LAMBAYEQUE,LAMBAYEQUE,LAMBAYEQUE,-6.70694444444445,-79.8952777777778,24.0,245.209082937744,0.5539280527450419,14.11125,0.926699
140302,LAMBAYEQUE,LAMBAYEQUE,CHOCHOPE,-6.15777777777778,-79.6477777777778,198.0,25.545603633152499,0.4164189572179289,25.859512,2.754306
140303,LAMBAYEQUE,LAMBAYEQUE,ILLIMO,-6.47388888888889,-79.8547222222222,60.0,467.87033237587201,0.477043613991936,24.021957,1.100178
140304,LAMBAYEQUE,LAMBAYEQUE,JAYANCA,-6.39277777777778,-79.8227777777777,67.0,28.9884868421052,0.505917354005153,22.696416,1.361807
140305,LAMBAYEQUE,LAMBAYEQUE,MOCHUMI,-6.54777777777778,-79.865,40.0,212.60366441658601,0.453060763321302,23.636294,1.265438
140306,LAMBAYEQUE,LAMBAYEQUE,MORROPE,-6.54027777777778,-80.0155555555556,5.0,53.096019814526798,0.387980035066454,29.809935,2.749265
140307,LAMBAYEQUE,LAMBAYEQUE,MOTUPE,-6.15083333333333,-79.7141666666667,140.0,57.500403681576003,0.497467421841885,25.985732,3.857569
140308,LAMBAYEQUE,LAMBAYEQUE,OLMOS,-5.98777777777778,-79.7475,192.0,9.0621065394817197,0.470309145729694,29.383411,1.799637
140309,LAMBAYEQUE,LAMBAYEQUE,PACORA,-6.42861111111111,-79.8388888888889,69.0,96.821961499031801,0.460805695281892,25.645771,2.310673
140310,LAMBAYEQUE,LAMBAYEQUE,SALAS,-6.27472222222222,-79.6072222222222,174.0,17.0649324460577,0.2725634373021669,44.569917,19.62455
140311,LAMBAYEQUE,LAMBAYEQUE,SAN JOSE,-6.76944444444445,-79.9680555555556,33.0,377.70169056280798,0.4076362703905039,27.135809,1.209021
140312,LAMBAYEQUE,LAMBAYEQUE,TUCUME,-6.51,-79.8591666666667,61.0,410.76119402985103,0.472669887984218,29.064237,1.52637
150101,LIMA,LIMA,LIMA,-12.0452777777778,-77.0308333333333,162.0,18063.148316651499,0.764684596165853,7.958984,0.305273
150102,LIMA,LIMA,ANCON,-11.7738888888889,-77.1763888888889,14.0,189.26957435628,0.668888988529008,19.246935,1.381812
150103,LIMA,LIMA,ATE,-12.0263888888889,-76.9213888888889,378.0,8532.5398867730291,0.686854963693964,17.174936,0.564967
150104,LIMA,LIMA,BARRANCO,-12.1491666666667,-77.0216666666667,97.0,16511.111111111099,0.820764283821305,3.172325,0.235426
150105,LIMA,LIMA,BREÑA,-12.0588888888889,-77.0461111111111,153.0,41155.900621118002,0.812114452742238,4.041467,0.118454
150106,LIMA,LIMA,CARABAYLLO,-11.8902777777778,-77.0269444444444,238.0,1027.67135933533,0.6498693508177539,19.176021,1.161094
150107,LIMA,LIMA,CHACLACAYO,-11.9752777777778,-76.7688888888889,685.0,1343.6202531645599,0.741053741969329,9.712625,0.267173
150108,LIMA,LIMA,CHORRILLOS,-12.1769444444444,-77.0163888888889,68.0,9026.1941448382095,0.75835539281644,11.60839,0.474027
150109,LIMA,LIMA,CIENEGUILLA,-12.1202777777778,-76.8141666666667,287.0,141.13094495069299,0.6371716495641229,17.529394,1.313477
150110,LIMA,LIMA,COMAS,-11.9572222222222,-77.0494444444444,107.0,12239.0769230769,0.721892698840011,16.044523,0.577937
150111,LIMA,LIMA,EL AGUSTINO,-12.0483333333333,-77.0005555555556,200.0,18552.870813397101,0.697061781031419,16.689837,0.636962
150112,LIMA,LIMA,INDEPENDENCIA,-11.9972222222222,-77.0547222222222,111.0,16580.631868131899,0.6853375063928139,20.590949,0.648286
150113,LIMA,LIMA,JESUS MARIA,-12.0755555555556,-77.0433333333333,142.0,31875.711159737399,0.837189592782548,0.519235,0.011737
150114,LIMA,LIMA,LA MOLINA,-12.0780555555556,-76.9166666666667,262.0,3210.8745247148299,0.845216614825386,1.168268,0.016594
150115,LIMA,LIMA,LA VICTORIA,-12.065,-77.0308333333333,142.0,30021.739130434798,0.7141594849782829,11.057018,0.331128
150116,LIMA,LIMA,LINCE,-12.0844444444444,-77.0302777777778,150.0,34441.914191419099,0.842427736545257,1.452933,0.054165
150117,LIMA,LIMA,LOS OLIVOS,-11.9913888888889,-77.0708333333333,67.0,22143.397260274,0.7584625995633119,7.881448,0.296506
150118,LIMA,LIMA,LURIGANCHO,-11.9358333333333,-76.6972222222222,879.0,845.58717807755795,0.683195245603955,18.234247,1.402604
150119,LIMA,LIMA,LURIN,-12.2747222222222,-76.8702777777778,12.0,515.48319094641101,0.6909236767275179,18.264468,1.454301
150120,LIMA,LIMA,MAGDALENA DEL MAR,-12.0916666666667,-77.0672222222222,90.0,24588.919667589998,0.833928546938114,0.782218,0.041559
150121,LIMA,LIMA,PUEBLO LIBRE,-12.0780555555556,-77.0625,114.0,26940.8675799087,0.833694777634525,0.779682,0.021261
150122,LIMA,LIMA,MIRAFLORES,-12.1216666666667,-77.0291666666667,125.0,16889.916839916801,0.832639935121652,0.0855,0.000526
150123,LIMA,LIMA,PACHACAMAC,-12.1872222222222,-76.8666666666667,68.0,698.09648630094296,0.646310654710588,20.000896,1.103996
150124,LIMA,LIMA,PUCUSANA,-12.4816666666667,-76.7975,26.0,419.55068200053501,0.598939942109819,23.739385,1.605138
150125,LIMA,LIMA,PUENTE PIEDRA,-11.8666666666667,-77.0769444444444,187.0,4861.6810877626704,0.663262891283656,22.678988,1.649866
150126,LIMA,LIMA,PUNTA HERMOSA,-12.3336111111111,-76.8241666666667,52.0,72.175732217573199,0.695988914082151,19.183087,1.68162
150127,LIMA,LIMA,PUNTA NEGRA,-12.3652777777778,-76.7955555555556,42.0,62.636015325670499,0.699762357034694,14.288621,0.611575
150128,LIMA,LIMA,RIMAC,-12.0422222222222,-77.0269444444444,153.0,18785.256950294901,0.73000365063685,11.429909,0.503226
150129,LIMA,LIMA,SAN BARTOLO,-12.3891666666667,-76.7808333333333,25.0,190.69095756498601,0.723833590108303,13.336333,0.678194
150130,LIMA,LIMA,SAN BORJA,-12.1072222222222,-76.9988888888889,170.0,15161.4457831325,0.8236163632543219,0.463208,0.012775
150131,LIMA,LIMA,SAN ISIDRO,-12.0977777777778,-77.0272222222222,195.0,8263.3333333333303,0.788832417484799,0.0573463,0.001017
150132,LIMA,LIMA,SAN JUAN DE LURIGANCHO,-12.0297222222222,-77.01,222.0,8475.3828571428603,0.701053025277506,17.70394,1.105488
150133,LIMA,LIMA,SAN JUAN DE MIRAFLORES,-12.1636111111111,-76.9636111111111,133.0,19683.239007401,0.728999853494788,15.18192,0.698629
150134,LIMA,LIMA,SAN LUIS,-12.0755555555556,-76.9936111111111,214.0,21872.4928366762,0.793258130684492,5.473567,0.103385
150135,LIMA,LIMA,SAN MARTIN DE PORRES,-12.03,-77.0575,138.0,19331.9120043455,0.741997963067072,10.343179,0.306878
150136,LIMA,LIMA,SAN MIGUEL,-12.0922222222222,-77.0794444444444,84.0,16629.104477611902,0.822400649705728,1.581726,0.033687
150137,LIMA,LIMA,SANTA ANITA,-12.0438888888889,-76.9713888888889,285.0,24825.1637043966,0.7347309224519118,9.643694,0.268309
150138,LIMA,LIMA,SANTA MARIA DEL MAR,-12.4019444444444,-76.7733333333333,52.0,177.166156982671,0.746659738921973,7.065562,0.353204
150139,LIMA,LIMA,SANTA ROSA,-11.7872222222222,-77.1569444444444,72.0,1019.90632318501,0.6605773559814458,22.028653,1.968988
150140,LIMA,LIMA,SANTIAGO DE SURCO,-12.145,-77.005,107.0,11733.0454165506,0.8017574897902349,1.231283,0.044496
150141,LIMA,LIMA,SURQUILLO,-12.1186111111111,-77.0216666666667,125.0,35535.838150288997,0.8171136689103559,2.747559,0.164093
150142,LIMA,LIMA,VILLA EL SALVADOR,-12.2133333333333,-76.9372222222222,204.0,13219.458544839301,0.699048123285756,20.166089,1.001532
150143,LIMA,LIMA,VILLA MARIA DEL TRIUNFO,-12.1625,-76.9436111111111,210.0,6903.6276037976504,0.6898119945801259,16.823515,0.892497
150144,LIMA,LIMA,SANTA MARIA DE HUACHIPA,,,,,,,
150201,LIMA,BARRANCA,BARRANCA,-10.7533333333333,-77.765,74.0,486.90341266843001,0.635179404689411,10.499027,0.61956
150202,LIMA,BARRANCA,PARAMONGA,-10.6747222222222,-77.8180555555555,37.0,61.837049364888998,0.6268687897946689,9.5893,0.42392
150203,LIMA,BARRANCA,PATIVILCA,-10.6961111111111,-77.7802777777778,95.0,71.974590869939703,0.608999524978263,13.24245,1.098985
150204,LIMA,BARRANCA,SUPE,-10.7961111111111,-77.7161111111111,69.0,51.934024799188997,0.630827113077536,18.280128,1.426251
150205,LIMA,BARRANCA,SUPE PUERTO,-10.8016666666667,-77.7447222222222,41.0,1146.3944396177201,0.632911211240674,13.24245,0.831116
150301,LIMA,CAJATAMBO,CAJATAMBO,-10.4730555555556,-76.9930555555556,3396.0,4.00908514684133,0.4949123837036469,30.35862,13.93681
150302,LIMA,CAJATAMBO,COPA,-10.3863888888889,-77.0788888888889,3433.0,4.8972473604826599,0.153212123029508,37.15457,17.78264
150303,LIMA,CAJATAMBO,GORGOR,-10.6211111111111,-77.0413888888889,3049.0,6.4365220196806003,0.277028424735415,37.15457,17.12071
150304,LIMA,CAJATAMBO,HUANCAPON,-10.5494444444444,-77.1125,3187.0,8.0219028062970494,0.391819825888228,30.35862,21.81547
150305,LIMA,CAJATAMBO,MANAS,-10.5955555555556,-77.1672222222222,2457.0,4.27895642201835,0.4741262708635929,20.099202,13.58578
150401,LIMA,CANTA,CANTA,-11.4672222222222,-76.6244444444444,2867.0,29.3200097489642,0.618661153476526,10.535405,4.1042
150402,LIMA,CANTA,ARAHUAY,-11.6213888888889,-76.6702777777778,2533.0,5.1977064561769302,0.408033660956506,20.90718,6.476797
150403,LIMA,CANTA,HUAMANTANGA,-11.4991666666667,-76.7494444444445,3414.0,1.7763117457845901,0.377657880482587,16.498952,8.044206
150404,LIMA,CANTA,HUAROS,-11.4066666666667,-76.5758333333333,3614.0,3.0649272754535901,0.424069174906948,23.0563,3.41276
150405,LIMA,CANTA,LACHAQUI,-11.5530555555556,-76.6255555555555,3686.0,7.5360847174874896,0.4364126928209849,20.90718,6.041495
150406,LIMA,CANTA,SAN BUENAVENTURA,-11.4891666666667,-76.6622222222222,2743.0,4.6395633352155103,0.4467305802547529,23.0563,6.592225
150407,LIMA,CANTA,SANTA ROSA DE QUIVES,-11.6952777777778,-76.8461111111111,936.0,17.4781308960819,0.600015396794461,10.835157,1.412468
150501,LIMA,CAÑETE,SAN VICENTE DE CAÑETE,-13.0777777777778,-76.3877777777778,77.0,118.645620189029,0.7067903522986189,11.07373,0.973954
150502,LIMA,CAÑETE,ASIA,-12.7791666666667,-76.5566666666667,69.0,44.101528699163502,0.6740701051618329,11.07373,0.425574
150503,LIMA,CAÑETE,CALANGO,-12.5263888888889,-76.5436111111111,323.0,4.6205428619864701,0.60296633114481,8.154119,1.160168
150504,LIMA,CAÑETE,CERRO AZUL,-13.025,-76.4788888888889,17.0,84.126379901027803,0.65316079555806,15.12561,0.309047
150505,LIMA,CAÑETE,CHILCA,-12.5180555555556,-76.7380555555555,31.0,39.935221990872201,0.703305242204801,15.12561,0.329221
150506,LIMA,CAÑETE,COAYLLO,-12.7272222222222,-76.4602777777778,285.0,2.5262694800250398,0.623067855332826,13.13157,1.311617
150507,LIMA,CAÑETE,IMPERIAL,-13.0605555555556,-76.3527777777777,112.0,861.04213694507098,0.686345311887959,15.12561,0.702584
150508,LIMA,CAÑETE,LUNAHUANA,-12.9705555555556,-76.1511111111111,498.0,9.1839386005236605,0.662332491322906,10.52626,1.696827
150509,LIMA,CAÑETE,MALA,-12.6575,-76.6325,58.0,267.33431289150099,0.685813872679625,10.343208,0.318092
150510,LIMA,CAÑETE,NUEVO IMPERIAL,-13.0755555555556,-76.3166666666667,169.0,74.746431825083505,0.654613604525703,23.973065,1.692201
150511,LIMA,CAÑETE,PACARAN,-12.8661111111111,-76.0541666666667,721.0,7.8076685219542403,0.6617028053346479,17.152115,1.655069
150512,LIMA,CAÑETE,QUILMANA,-12.9494444444444,-76.3827777777777,185.0,40.857338820301798,0.6472904660159269,16.481916,1.471467
150513,LIMA,CAÑETE,SAN ANTONIO,-12.6422222222222,-76.6494444444445,67.0,114.56258411843901,0.737676200582984,10.52626,0.138605
150514,LIMA,CAÑETE,SAN LUIS,-13.0511111111111,-76.4311111111111,36.0,383.28575136257501,0.68516251502848,20.363295,0.774731
150515,LIMA,CAÑETE,SANTA CRUZ DE FLORES,-12.6197222222222,-76.6397222222222,111.0,29.4223465920448,0.702148223523809,3.28305228,0.437192
150516,LIMA,CAÑETE,ZUÑIGA,-12.8602777777778,-76.0225,827.0,7.7672844805817904,0.6861333928798339,13.13157,2.194483
150601,LIMA,HUARAL,HUARAL,-11.4952777777778,-77.2069444444444,195.0,181.53910980710401,0.644704866187779,10.202786,0.801073
150602,LIMA,HUARAL,ATAVILLOS ALTO,-11.2341666666667,-76.6558333333333,3293.0,2.3785556098823699,0.531688575314314,18.89067,4.554652
150603,LIMA,HUARAL,ATAVILLOS BAJO,-11.3519444444444,-76.8255555555555,1885.0,5.4399902965613496,0.5223306587904178,10.15881,1.690113
150604,LIMA,HUARAL,AUCALLAMA,-11.5594444444444,-77.18,154.0,24.255219972306399,0.606011890732538,11.157996,1.589529
150605,LIMA,HUARAL,CHANCAY,-11.5630555555556,-77.2705555555555,58.0,425.72113783225598,0.6328991168419599,15.427087,0.557873
150606,LIMA,HUARAL,IHUARI,-11.1886111111111,-76.95194444444449,2850.0,6.4019500930143103,0.3382077703963209,25.382449,11.76025
150607,LIMA,HUARAL,LAMPIAN,-11.2377777777778,-76.8391666666667,2467.0,3.8490722218390001,0.4741460467563349,10.15881,10.69548
150608,LIMA,HUARAL,PACARAOS,-11.1861111111111,-76.6477777777778,3348.0,3.5165283634879598,0.5008795105432349,22.182353,9.302753
150609,LIMA,HUARAL,SAN MIGUEL DE ACOS,-11.2738888888889,-76.8219444444444,1591.0,16.4659468438538,0.562414960646733,14.61059,1.577455
150610,LIMA,HUARAL,SANTA CRUZ DE ANDAMARCA,-11.1947222222222,-76.6344444444445,3550.0,1.98229762124285,0.5338535285307588,18.89067,3.714525
150611,LIMA,HUARAL,SUMBILCA,-11.4066666666667,-76.8197222222222,3396.0,3.6972781247590398,0.400369742711907,18.89067,10.22755
150612,LIMA,HUARAL,VEINTISIETE DE NOVIEMBRE,-11.1922222222222,-76.7797222222222,2640.0,2.9666617711851999,0.462771083488489,14.61059,7.275072
150701,LIMA,HUAROCHIRI,MATUCANA,-11.845,-76.3861111111111,2395.0,32.980383415069099,0.57820765576424,19.002943,2.378808
150702,LIMA,HUAROCHIRI,ANTIOQUIA,-12.0808333333333,-76.5108333333333,1573.0,4.7012732615083301,0.4749918334148219,9.85830232,2.349596
150703,LIMA,HUAROCHIRI,CALLAHUANCA,-11.8263888888889,-76.6188888888888,1807.0,16.512963285192299,0.5652165875341179,10.61693,0.570061
150704,LIMA,HUAROCHIRI,CARAMPOMA,-11.6563888888889,-76.5163888888889,3459.0,2.2714657785747798,0.509910961044937,14.37027,3.99818
150705,LIMA,HUAROCHIRI,CHICLA,-11.7063888888889,-76.2680555555555,3703.0,10.876689881196199,0.748110396131153,24.603923,0.484131
150706,LIMA,HUAROCHIRI,CUENCA,-12.1322222222222,-76.4352777777778,2784.0,11.0963012329224,0.313482002839907,30.06248,12.51499
150707,LIMA,HUAROCHIRI,HUACHUPAMPA,-11.7211111111111,-76.5886111111111,2938.0,7.80057879505393,0.419166736315691,14.37027,6.867778
150708,LIMA,HUAROCHIRI,HUANZA,-11.6561111111111,-76.5036111111111,3431.0,3.1760715386987401,0.4584544525649519,18.9465,3.619742
150709,LIMA,HUAROCHIRI,HUAROCHIRI,-12.1361111111111,-76.2319444444445,3170.0,7.1138945762575796,0.438765333183919,18.9465,5.355867
150710,LIMA,HUAROCHIRI,LAHUAYTAMBO,-12.0963888888889,-76.3888888888889,3362.0,8.5613092330239393,0.2626081532146399,22.87538,7.741377
150711,LIMA,HUAROCHIRI,LANGA,-12.1255555555556,-76.4211111111111,2889.0,13.927645388319499,0.293286460275188,30.06248,13.59065
150712,LIMA,HUAROCHIRI,LARAOS,-11.6644444444444,-76.5394444444444,3683.0,3.5594679934934401,0.457538487054228,18.9465,5.735721
150713,LIMA,HUAROCHIRI,MARIATANA,-12.2372222222222,-76.3261111111111,3561.0,10.9470438237562,0.14221353110556,30.06248,9.040391
150714,LIMA,HUAROCHIRI,RICARDO PALMA,-11.9236111111111,-76.665,975.0,242.5267418329,0.6258965412600689,5.363192,0.271599
150715,LIMA,HUAROCHIRI,SAN ANDRES DE TUPICOCHA,-12.0022222222222,-76.4747222222222,3321.0,23.287342531493699,0.188965097892262,38.917882,12.89085
150716,LIMA,HUAROCHIRI,SAN ANTONIO,-11.7436111111111,-76.65,3456.0,78.054969037775706,0.3755896560439069,18.9465,3.422982
150717,LIMA,HUAROCHIRI,SAN BARTOLOME,-11.9119444444444,-76.5291666666667,1644.0,33.022090639945397,0.541561313042993,10.61693,0.784057
150718,LIMA,HUAROCHIRI,SAN DAMIAN,-12.0177777777778,-76.3919444444445,3252.0,5.2124002097779796,0.3265060561911259,27.715424,14.18988
150719,LIMA,HUAROCHIRI,SAN JUAN DE IRIS,-11.6830555555556,-76.525,3436.0,3.27407288231035,0.4541918718147169,22.87538,7.41836
150720,LIMA,HUAROCHIRI,SAN JUAN DE TANTARANCHE,-12.1136111111111,-76.1825,3436.0,3.2152230971128599,0.298897950703628,30.06248,7.197119
150721,LIMA,HUAROCHIRI,SAN LORENZO DE QUINTI,-12.1452777777778,-76.2125,2682.0,3.0967962701569798,0.3981890693598649,18.9465,10.70279
150722,LIMA,HUAROCHIRI,SAN MATEO,-11.7591666666667,-76.3005555555555,3164.0,12.8195488721805,0.587549268760578,12.31816,1.68378
150723,LIMA,HUAROCHIRI,SAN MATEO DE OTAO,-11.8702777777778,-76.5438888888889,2084.0,17.391655233637302,0.420071860863103,18.9465,3.34821
150724,LIMA,HUAROCHIRI,SAN PEDRO DE CASTA,-11.7588888888889,-76.5963888888889,3196.0,14.991865849080201,0.4144412476612729,9.422855,2.899056
150725,LIMA,HUAROCHIRI,SAN PEDRO DE HUANCAYRE,-12.1313888888889,-76.2155555555556,3140.0,6.4910179640718599,0.343481978526388,18.9465,5.10308
150726,LIMA,HUAROCHIRI,SANGALLAYA,-12.1608333333333,-76.2288888888889,2779.0,7.8857421875,0.372610071847287,22.87538,13.45007
150727,LIMA,HUAROCHIRI,SANTA CRUZ DE COCACHACRA,-11.9116666666667,-76.5394444444444,1440.0,64.265060240963905,0.6317529469312209,4.991603,0.942158
150728,LIMA,HUAROCHIRI,SANTA EULALIA,-11.9016666666667,-76.6638888888889,1048.0,131.76745860331201,0.635569526528565,12.31816,0.634333
150729,LIMA,HUAROCHIRI,SANTIAGO DE ANCHUCAYA,-12.0955555555556,-76.2305555555556,3400.0,5.2760344644186796,0.426061940551241,14.37027,5.316319
150730,LIMA,HUAROCHIRI,SANTIAGO DE TUNA,-11.9838888888889,-76.5252777777778,2913.0,11.3732718894009,0.286343036036574,18.9465,16.48175
150731,LIMA,HUAROCHIRI,SANTO DOMINGO DE LOS OLLEROS,-12.2188888888889,-76.5141666666667,2861.0,10.932068366164501,0.40817004614556,18.9465,2.377365
150732,LIMA,HUAROCHIRI,SURCO,-11.8825,-76.4361111111111,2049.0,19.467732501462301,0.518585025421178,18.9465,3.771716
150801,LIMA,HUAURA,HUACHO,-11.1080555555556,-77.6102777777778,46.0,97.785277955984498,0.73273455373379,6.985906,0.162284
150802,LIMA,HUAURA,AMBAR,-10.7561111111111,-77.2719444444444,2084.0,2.7224421306255899,0.3164481160922539,38.488498,13.48492
150803,LIMA,HUAURA,CALETA DE CARQUIN,-11.0916666666667,-77.6283333333333,28.0,3317.1568627451002,0.555855570780857,12.42944,0.421958
150804,LIMA,HUAURA,CHECRAS,-10.9180555555556,-76.8255555555555,3305.0,6.0046883452545501,0.341389797619133,25.10339,13.74433
150805,LIMA,HUAURA,HUALMAY,-11.0966666666667,-77.6130555555555,47.0,5036.1445783132503,0.6533652047552299,12.42944,0.334067
150806,LIMA,HUAURA,HUAURA,-11.0697222222222,-77.5991666666667,96.0,79.5491608694755,0.6443321130460509,14.952362,1.210528
150807,LIMA,HUAURA,LEONCIO PRADO,-11.0611111111111,-76.9302777777778,3299.0,8.1231466364575393,0.387158091304018,22.39207,9.142195
150808,LIMA,HUAURA,PACCHO,-10.9575,-76.9333333333333,3275.0,6.8658669574700104,0.164058433094661,25.10339,11.7498
150809,LIMA,HUAURA,SANTA LEONOR,-10.9486111111111,-76.745,3583.0,3.09462302591281,0.317292340864514,22.39207,6.073739
150810,LIMA,HUAURA,SANTA MARIA,-11.0966666666667,-77.595,83.0,311.59909026742997,0.6256541286888259,14.92582,0.700306
150811,LIMA,HUAURA,SAYAN,-11.1352777777778,-77.1936111111111,689.0,19.155915988312199,0.625259356790912,18.325115,1.470379
150812,LIMA,HUAURA,VEGUETA,-11.0233333333333,-77.6438888888889,40.0,107.03192747339401,0.6058977644686259,18.854468,1.821103
150901,LIMA,OYON,OYON,-10.6680555555556,-76.7733333333333,3648.0,12.524286019114401,0.632962684973853,22.084185,2.486039
150902,LIMA,OYON,ANDAJES,-10.7927777777778,-76.9091666666667,3505.0,4.0558779862329599,0.488912671302618,17.31813,8.831783
150903,LIMA,OYON,CAUJUL,-10.8058333333333,-76.9791666666667,3185.0,5.8862559241706203,0.4187116673895939,21.01269,6.108203
150904,LIMA,OYON,COCHAMARCA,-10.8633333333333,-77.1288888888889,3492.0,6.8009790999811699,0.1959337384896779,51.530694,4.545763
150905,LIMA,OYON,NAVAN,-10.8377777777778,-77.01444444444449,3131.0,4.1952808593062096,0.3734868072865459,21.01269,7.135815
150906,LIMA,OYON,PACHANGARA,-10.8111111111111,-76.875,2283.0,12.6879587383456,0.53483454379881,17.31813,4.040792
151001,LIMA,YAUYOS,YAUYOS,-12.4597222222222,-75.9183333333333,2895.0,5.7370785829996596,0.5786459756412529,25.410742,4.06158
151002,LIMA,YAUYOS,ALIS,-12.2811111111111,-75.7863888888889,3285.0,2.9564972546811199,0.646897391322081,15.10272,5.877901
151003,LIMA,YAUYOS,AYAUCA,-12.5911111111111,-76.0369444444444,3151.0,3.4093757834043599,0.544151552155405,24.30848,9.003215
151004,LIMA,YAUYOS,AYAVIRI,-12.3825,-76.1369444444445,3263.0,2.65042080140686,0.4011283003892829,18.6596,7.089975
151005,LIMA,YAUYOS,AZANGARO,-13.0,-75.8372222222222,3435.0,9.11823647294589,0.2697156175123069,37.08105,28.09849
151006,LIMA,YAUYOS,CACRA,-12.8125,-75.7830555555555,2788.0,2.7316525562467802,0.3773058425934199,33.67981,5.815455
151007,LIMA,YAUYOS,CARANIA,-12.3455555555556,-75.8694444444444,3846.0,2.02243511012855,0.381521653557987,28.65267,8.593813
151008,LIMA,YAUYOS,CATAHUASI,-12.7994444444444,-75.8913888888889,1203.0,11.068948813176201,0.505882218006317,16.38022,3.212551
151009,LIMA,YAUYOS,CHOCOS,-12.9144444444444,-75.8627777777777,2733.0,6.91756104419553,0.2968480454074329,37.08105,23.08052
151010,LIMA,YAUYOS,COCHAS,-12.2941666666667,-76.1575,2851.0,6.2747926433465597,0.4055246911411469,16.38022,7.074961
151011,LIMA,YAUYOS,COLONIA,-12.6338888888889,-75.8902777777778,3399.0,5.28768983825164,0.2680368897208509,24.30848,12.86522
151012,LIMA,YAUYOS,HONGOS,-12.8108333333333,-75.7652777777778,3215.0,4.6724470134874796,0.1976684166426989,28.65267,15.52733
151013,LIMA,YAUYOS,HUAMPARA,-12.3602777777778,-76.1672222222222,2501.0,6.9590967980751399,0.362834278792794,7.71324186,4.139242
151014,LIMA,YAUYOS,HUANCAYA,-12.2033333333333,-75.7991666666667,3591.0,1.82299012693935,0.472776511396356,11.93167,7.943805
151015,LIMA,YAUYOS,HUANGASCAR,-12.8994444444444,-75.8319444444444,2529.0,17.023384859294499,0.443344216750002,28.65267,16.29891
151016,LIMA,YAUYOS,HUANTAN,-12.4563888888889,-75.8116666666667,3315.0,1.8592040282753901,0.502161494038109,28.65267,13.05102
151017,LIMA,YAUYOS,HUAÑEC,-12.2938888888889,-76.1386111111111,3222.0,12.9461907298881,0.369170254365948,18.6596,5.537394
151018,LIMA,YAUYOS,LARAOS,-12.3466666666667,-75.7858333333333,3492.0,1.30569690951967,0.6158046705733679,18.08193,3.551754
151019,LIMA,YAUYOS,LINCHA,-12.7997222222222,-75.6666666666667,3516.0,5.58719826417141,0.1629729675738209,51.726324,22.95502
151020,LIMA,YAUYOS,MADEAN,-12.9444444444444,-75.7772222222222,3292.0,4.6982602392171096,0.178409428149845,37.08105,15.5916
151021,LIMA,YAUYOS,MIRAFLORES,-12.2744444444444,-75.8502777777778,3677.0,1.18900282885431,0.4150988874682269,18.08193,10.91025
151022,LIMA,YAUYOS,OMAS,-12.5147222222222,-76.2894444444444,1572.0,2.6104621635347902,0.3162073006592749,15.10272,3.269984
151023,LIMA,YAUYOS,PUTINZA,-12.6680555555556,-75.9494444444445,1985.0,12.3871161950632,0.405037634237615,24.30848,3.218113
151024,LIMA,YAUYOS,QUINCHES,-12.3077777777778,-76.1433333333333,2981.0,8.0737668754963394,0.387391924134668,34.57376,12.40808
151025,LIMA,YAUYOS,QUINOCAY,-12.3622222222222,-76.2263888888889,2672.0,4.2904721478482299,0.2701484733661719,15.10272,3.382689
151026,LIMA,YAUYOS,SAN JOAQUIN,-12.2838888888889,-76.1469444444445,2960.0,4.6314258001939903,0.4418909374292839,6.71146924,4.374597
151027,LIMA,YAUYOS,SAN PEDRO DE PILAS,-12.4544444444444,-76.2269444444444,2678.0,4.1174658589177504,0.331200654216298,15.10272,6.225178
151028,LIMA,YAUYOS,TANTA,-12.1222222222222,-76.0133333333333,4293.0,1.99913582025061,0.392348261235323,18.6596,6.807837
151029,LIMA,YAUYOS,TAURIPAMPA,-12.6172222222222,-76.1619444444444,3526.0,1.4806163583619001,0.2557152820770399,11.93167,9.805613
151030,LIMA,YAUYOS,TOMAS,-12.2377777777778,-75.745,3580.0,2.2287114422851002,0.5323127977594079,34.57376,4.266899
151031,LIMA,YAUYOS,TUPE,-12.7411111111111,-75.8094444444444,2841.0,2.4381130312937902,0.328191499159441,33.67981,23.79489
151032,LIMA,YAUYOS,VIÑAC,-12.9311111111111,-75.78,3315.0,15.0335895418508,0.3534677494802669,32.051319,17.84153
151033,LIMA,YAUYOS,VITIS,-12.2238888888889,-75.8080555555555,3625.0,3.08478239512722,0.515070962652723,7.49862388,12.71125
160101,LORETO,MAYNAS,IQUITOS,-3.74805555555556,-73.2441666666667,107.0,487.28465726650802,0.6598204400488459,8.626166,0.859678
160102,LORETO,MAYNAS,ALTO NANAY,-3.88833333333333,-73.6975,115.0,0.32447426003144703,0.289752872640128,48.637013,13.1751
160103,LORETO,MAYNAS,FERNANDO LORES,-4.00166666666667,-73.1569444444444,129.0,4.2109472564837498,0.3226882679723789,49.219241,19.36864
160104,LORETO,MAYNAS,INDIANA,-3.50027777777778,-73.0411111111111,98.0,4.5976662946970102,0.338708557491318,49.991401,15.36699
160105,LORETO,MAYNAS,LAS AMAZONAS,-3.42305555555556,-72.76444444444449,100.0,1.8787801578490799,0.226551742957465,50.825355,19.33859
160106,LORETO,MAYNAS,MAZAN,-3.48861111111111,-73.0816666666667,106.0,1.87965132513446,0.29112826806939,51.315124,11.88131
160107,LORETO,MAYNAS,NAPO,-2.48916666666667,-73.6761111111111,142.0,0.77260035883650502,0.29456801702759,48.19035,16.98866
160108,LORETO,MAYNAS,PUNCHANA,-3.72861111111111,-73.2419444444445,124.0,64.916517837281305,0.570666812591842,19.519822,2.68774
160109,LORETO,MAYNAS,PUTUMAYO,,,,,,,
160110,LORETO,MAYNAS,TORRES CAUSANA,-0.970555555555556,-75.1741666666667,196.0,1.11197120294799,0.205690649286698,47.903467,21.83911
160112,LORETO,MAYNAS,BELEN,-3.76916666666667,-73.26,116.0,126.913716814159,0.529795353544325,26.466031,6.152025
160113,LORETO,MAYNAS,SAN JUAN BAUTISTA,-3.77027777777778,-73.2802777777778,120.0,43.143677515599698,0.578134350962316,21.201507,3.177913
160114,LORETO,MAYNAS,TENIENTE MANUEL CLAVERO,,,,,,,
160201,LORETO,ALTO AMAZONAS,YURIMAGUAS,-5.88416666666667,-76.1280555555555,150.0,44.016693559814797,0.503318153147553,31.736867,13.32116
160202,LORETO,ALTO AMAZONAS,BALSAPUERTO,-5.83333333333333,-76.5597222222222,220.0,7.7947443782856096,0.19974511475623,53.362777,33.5714
160205,LORETO,ALTO AMAZONAS,JEBEROS,-5.29083333333333,-76.2833333333333,146.0,1.3348441819789001,0.2680339273771519,36.055512,17.68131
160206,LORETO,ALTO AMAZONAS,LAGUNAS,-5.22388888888889,-75.675,119.0,2.6570374218270398,0.3310892240169739,43.900725,44.99601
160210,LORETO,ALTO AMAZONAS,SANTA CRUZ,-5.51333333333333,-75.8588888888889,131.0,2.4569029523333801,0.250837863503692,43.891935,25.71097
160211,LORETO,ALTO AMAZONAS,TENIENTE CESAR LOPEZ ROJAS,-6.02555555555555,-75.8741666666667,149.0,5.9348467140855901,0.2570974973034599,33.031931,13.34216
160301,LORETO,LORETO,NAUTA,-4.50138888888889,-73.5694444444444,127.0,5.7789234677437502,0.419285303672753,41.639253,12.08809
160302,LORETO,LORETO,PARINARI,-4.63166666666667,-74.4630555555556,106.0,0.62668441731337499,0.3154266541699989,49.068619,25.89353
160303,LORETO,LORETO,TIGRE,-3.48972222222222,-74.7816666666667,131.0,0.55449137508402502,0.3189472053960569,50.836792,13.64933
160304,LORETO,LORETO,TROMPETEROS,-3.805,-75.0605555555556,131.0,0.95827130632752999,0.3900867102106679,36.777302,6.255585
160305,LORETO,LORETO,URARINAS,-4.5875,-74.7672222222222,100.0,1.0852987406103001,0.2242487848654599,50.106167,23.35629
160401,LORETO,MARISCAL RAMON CASTILLA,RAMON CASTILLA,-3.90611111111111,-70.5169444444445,86.0,3.9141038688718699,0.381629008621215,36.949764,6.721066
160402,LORETO,MARISCAL RAMON CASTILLA,PEBAS,-3.32027777777778,-71.8619444444444,117.0,1.56213371227378,0.3262278390327649,49.782274,21.82921
160403,LORETO,MARISCAL RAMON CASTILLA,YAVARI,-4.35361111111111,-70.0416666666667,75.0,1.3025491868935399,0.330381322682613,46.146614,7.929851
160404,LORETO,MARISCAL RAMON CASTILLA,SAN PABLO,-4.02027777777778,-71.1030555555555,85.0,3.6604315063877699,0.335221979556915,48.678105,14.6412
160501,LORETO,REQUENA,REQUENA,-5.06388888888889,-73.8566666666667,116.0,10.7531198988995,0.450079899215368,43.212774,11.06124
160502,LORETO,REQUENA,ALTO TAPICHE,-6.02555555555555,-74.0941666666667,123.0,0.24906254853668799,0.331395326598244,53.765449,3.742653
160503,LORETO,REQUENA,CAPELO,-5.40527777777778,-74.1577777777778,112.0,4.5894321972529903,0.3463600669875699,56.601161,6.530671
160504,LORETO,REQUENA,EMILIO SAN MARTIN,-5.79361111111111,-74.2838888888889,108.0,1.7779974456322101,0.2898662038197459,54.243283,26.389
160505,LORETO,REQUENA,MAQUIA,-5.74972222222222,-74.5377777777778,108.0,2.09179350842853,0.3268634772713029,53.192346,17.20319
160506,LORETO,REQUENA,PUINAHUA,-5.25555555555555,-74.3455555555555,113.0,1.02821534793942,0.300553491146869,42.370983,22.69209
160507,LORETO,REQUENA,SAQUENA,-4.725,-73.5330555555555,106.0,2.1413265943442501,0.31656552262196,52.663795,14.787
160508,LORETO,REQUENA,SOPLIN,-6.00777777777778,-73.6925,118.0,0.230717963738862,0.309087953868094,48.16221,14.77837
160509,LORETO,REQUENA,TAPICHE,-5.69361111111111,-74.1377777777778,108.0,0.69654408880813001,0.350252386100982,42.395172,4.767737
160510,LORETO,REQUENA,JENARO HERRERA,-4.90361111111111,-73.6705555555555,116.0,3.6911093098198902,0.2903199062357019,51.244659,21.65581
160511,LORETO,REQUENA,YAQUERANA,-5.14888888888889,-72.8752777777778,90.0,0.31798201542683202,0.3052312781679349,48.456937,0.883261
160601,LORETO,UCAYALI,CONTAMANA,-7.35055555555555,-75.0097222222222,138.0,2.9203391434108998,0.453418383094354,33.352533,6.040965
160602,LORETO,UCAYALI,INAHUAYA,-7.11694444444444,-75.2625,140.0,4.8356138938765403,0.3928913433085409,23.491965,16.11781
160603,LORETO,UCAYALI,PADRE MARQUEZ,-7.94666666666667,-74.8408333333333,139.0,2.8493411857847999,0.3700598260197249,52.462303,20.39239
160604,LORETO,UCAYALI,PAMPA HERMOSA,-7.19638888888889,-75.2944444444444,111.0,1.0555357439383299,0.34559023179648,51.765526,10.81374
160605,LORETO,UCAYALI,SARAYACU,-6.39305555555555,-75.1169444444444,122.0,2.5990097046406802,0.3161276172246519,50.485569,30.45284
160606,LORETO,UCAYALI,VARGAS GUERRA,-6.91111111111111,-75.1588888888889,129.0,5.5478231671983096,0.397391559036035,47.783719,17.3247
160701,LORETO,DATEM DEL MARAÑON,BARRANCA,-4.83111111111111,-76.555,134.0,2.7095458107422701,0.4187067562451439,38.104364,14.17474
160702,LORETO,DATEM DEL MARAÑON,CAHUAPANAS,-5.24916666666667,-77.0413888888889,162.0,2.29642420348722,0.194173368280347,51.174663,20.02649
160703,LORETO,DATEM DEL MARAÑON,MANSERICHE,-4.56361111111111,-77.4172222222222,155.0,3.57436236500972,0.3392514029816919,49.520928,11.4946
160704,LORETO,DATEM DEL MARAÑON,MORONA,-4.32638888888889,-77.2161111111111,144.0,1.03647135785171,0.2763823668630129,40.1,19.00644
160705,LORETO,DATEM DEL MARAÑON,PASTAZA,-4.65111111111111,-76.5875,137.0,1.2078918745390801,0.256854635817905,42.96124,22.74263
160706,LORETO,DATEM DEL MARAÑON,ANDOAS,-3.47555555555556,-76.4336111111111,172.0,1.3017453074607499,0.258950251854981,47.483688,9.33144
160801,LORETO,PUTUMAYO,PUTUMAYO,-2.44694444444444,-72.6680555555555,131.0,0.51173894791763297,0.4557874164034559,39.50526,6.767128
160802,LORETO,PUTUMAYO,ROSA PANDURO,-1.78861111111111,-73.4130555555556,132.0,7.7429180714024895E-2,0.364987306764244,37.402503,25.9923
160803,LORETO,PUTUMAYO,TENIENTE MANUEL CLAVERO,-0.373333333333333,-74.6758333333333,185.0,0.36011938637427099,0.302335696179631,42.368012,22.95684
160804,LORETO,PUTUMAYO,YAGUAS,-2.40805555555556,-71.1766666666667,94.0,8.1523180227723299E-2,0.472306160137942,60.889179,9.657364
170101,MADRE DE DIOS,TAMBOPATA,TAMBOPATA,-12.5936111111111,-69.1766666666667,204.0,5.0613541111575202,0.633163973578539,4.787605,0.104561
170102,MADRE DE DIOS,TAMBOPATA,INAMBARI,-13.1013888888889,-70.3716666666667,351.0,3.5103668935966299,0.5847607793961869,5.689339,0.162501
170103,MADRE DE DIOS,TAMBOPATA,LAS PIEDRAS,-12.2791666666667,-69.1502777777778,239.0,1.71069976579198,0.5257482157920569,4.843215,0.201844
170104,MADRE DE DIOS,TAMBOPATA,LABERINTO,-12.7172222222222,-69.5866666666667,192.0,2.6672461878372999,0.5306879228968289,9.938976,0.648386
170201,MADRE DE DIOS,MANU,MANU,-12.8372222222222,-71.3652777777778,535.0,0.391102838985386,0.54630736471921,10.757411,0.406052
170202,MADRE DE DIOS,MANU,FITZCARRALD,-12.2652777777778,-70.91,282.0,0.13509455249473101,0.403662930948441,16.918182,0.135823
170203,MADRE DE DIOS,MANU,MADRE DE DIOS,-12.6186111111111,-70.3941666666667,246.0,0.94653487790280599,0.58962343411743,1.922952,0.028983
170204,MADRE DE DIOS,MANU,HUEPETUHE,-12.9936111111111,-70.5272222222222,444.0,4.96611247142219,0.649242948107795,6.808265,0.149774
170301,MADRE DE DIOS,TAHUAMANU,IÑAPARI,-10.945,-69.5766666666667,238.0,0.14124464946686499,0.6795769858482799,2.149282,0.054183
170302,MADRE DE DIOS,TAHUAMANU,IBERIA,-11.4108333333333,-69.4869444444444,268.0,2.5653899863493002,0.65817069718979,7.588064,0.334372
170303,MADRE DE DIOS,TAHUAMANU,TAHUAMANU,-11.4547222222222,-69.3213888888889,261.0,0.863491394079971,0.597617604972796,3.383291,0.167446
180101,MOQUEGUA,MARISCAL NIETO,MOQUEGUA,-17.1941666666667,-70.9333333333333,1428.0,17.536667139355401,0.701939379639895,7.023362,0.528268
180102,MOQUEGUA,MARISCAL NIETO,CARUMAS,-16.8091666666667,-70.6947222222222,3054.0,1.3256157176983701,0.541987624947307,26.46084,9.671204
180103,MOQUEGUA,MARISCAL NIETO,CUCHUMBAYA,-16.7508333333333,-70.6861111111111,3156.0,22.639834270494202,0.547495861396862,26.46084,2.271886
180104,MOQUEGUA,MARISCAL NIETO,SAMEGUA,-17.1822222222222,-70.9002777777778,1615.0,160.22382094324499,0.726691131841798,5.229743,0.362095
180105,MOQUEGUA,MARISCAL NIETO,SAN CRISTOBAL,-16.7391666666667,-70.6833333333333,3472.0,6.5299504357599503,0.4939177690429499,39.932577,7.56404
180106,MOQUEGUA,MARISCAL NIETO,TORATA,-17.0766666666667,-70.8441666666667,2203.0,4.9125389629580098,0.743778319598838,6.052455,1.869937
180201,MOQUEGUA,GENERAL SANCHEZ CERRO,OMATE,-16.6736111111111,-70.9705555555555,2169.0,11.2152888605171,0.6170703789222949,7.46908,0.441447
180202,MOQUEGUA,GENERAL SANCHEZ CERRO,CHOJATA,-16.3883333333333,-70.7302777777778,3634.0,1.27367502417624,0.4148988910047229,24.29267,7.238322
180203,MOQUEGUA,GENERAL SANCHEZ CERRO,COALAQUE,-16.6488888888889,-71.0216666666667,2300.0,4.5601421762662602,0.450657203507459,17.08282,2.225544
180204,MOQUEGUA,GENERAL SANCHEZ CERRO,ICHUÑA,-16.1405555555556,-70.5355555555555,3794.0,2.7777231905987798,0.4873313348483029,34.399632,18.69771
180205,MOQUEGUA,GENERAL SANCHEZ CERRO,LA CAPILLA,-16.7566666666667,-71.1791666666667,1817.0,0.93165300757692904,0.6351808533248359,17.08282,1.601389
180206,MOQUEGUA,GENERAL SANCHEZ CERRO,LLOQUE,-16.3238888888889,-70.7386111111111,3325.0,2.7038710945175901,0.4879051929072439,24.29267,3.564332
180207,MOQUEGUA,GENERAL SANCHEZ CERRO,MATALAQUE,-16.4811111111111,-70.8266666666667,2577.0,1.06419252373347,0.487629707879968,29.977255,3.858155
180208,MOQUEGUA,GENERAL SANCHEZ CERRO,PUQUINA,-16.6252777777778,-71.1838888888889,3092.0,4.3703152507305001,0.518310090191611,17.08282,4.226912
180209,MOQUEGUA,GENERAL SANCHEZ CERRO,QUINISTAQUILLAS,-16.7488888888889,-70.8802777777778,1789.0,2.8845657670674401,0.600810018002976,10.066104,0.217824
180210,MOQUEGUA,GENERAL SANCHEZ CERRO,UBINAS,-16.3866666666667,-70.8555555555555,3395.0,2.6630229712887501,0.4709789793750959,24.29267,8.635422
180211,MOQUEGUA,GENERAL SANCHEZ CERRO,YUNGA,-16.195,-70.6777777777777,3619.0,6.6823189452772302,0.5031475896566119,24.29267,10.9413
180301,MOQUEGUA,ILO,ILO,-17.625,-71.3433333333333,33.0,263.794795438395,0.683156965418919,6.166155,0.310118
180302,MOQUEGUA,ILO,EL ALGARROBAL,-17.6227777777778,-71.2683333333333,136.0,2.38420348058902,0.6517746110814149,8.885689,4.109066
180303,MOQUEGUA,ILO,PACOCHA,-17.6108333333333,-71.3402777777778,77.0,17.303596781826801,0.767960750319566,1.030027,0.02349
190101,PASCO,PASCO,CHAUPIMARCA,-10.6825,-76.2569444444444,4373.0,5233.6336336336299,0.58052535988934,24.613999,2.852573
190102,PASCO,PASCO,HUACHON,-10.6363888888889,-75.9511111111111,3400.0,5.6634763086376001,0.341405526241617,47.631632,22.76645
190103,PASCO,PASCO,HUARIACA,-10.4391666666667,-76.1916666666667,2986.0,59.292101901255002,0.4981285444456169,37.810039,8.367969
190104,PASCO,PASCO,HUAYLLAY,-11.0019444444444,-76.3647222222222,4341.0,8.3525665371468705,0.6322308583295408,22.799318,3.264104
190105,PASCO,PASCO,NINACACA,-10.8555555555556,-76.1130555555555,4172.0,10.5655112787865,0.380980502447594,46.894915,20.97669
190106,PASCO,PASCO,PALLANCHACRA,-10.4152777777778,-76.2355555555555,3126.0,36.544985751119498,0.353942060589279,55.349316,25.97105
190107,PASCO,PASCO,PAUCARTAMBO,-10.7744444444444,-75.8133333333333,2954.0,18.343369258108599,0.3897304415765109,47.135413,13.78306
190108,PASCO,PASCO,SAN FRANCISCO DE ASIS DE YARUSYACAN,-10.49,-76.1961111111111,3785.0,60.254885301614301,0.572005963358034,46.581661,19.27729
190109,PASCO,PASCO,SIMON BOLIVAR,-10.6891666666667,-76.3163888888889,4234.0,21.0284730689235,0.607204372574035,26.906065,7.231785
190110,PASCO,PASCO,TICLACAYAN,-10.535,-76.1641666666667,3543.0,6.7300883182127897,0.363912247085592,54.647477,48.01593
190111,PASCO,PASCO,TINYAHUARCO,-10.7697222222222,-76.2769444444444,4281.0,78.3892475394222,0.630841139265334,19.343028,2.561194
190112,PASCO,PASCO,VICCO,-10.8383333333333,-76.2383333333333,4128.0,24.258511252163899,0.5504119035884188,30.145926,14.90268
190113,PASCO,PASCO,YANACANCHA,-10.6633333333333,-76.2530555555555,4394.0,177.62703652110699,0.619342160445824,18.662036,3.876793
190201,PASCO,DANIEL ALCIDES CARRION,YANAHUANCA,-10.4913888888889,-76.5163888888889,3203.0,15.5538184265954,0.4307355422700839,46.272193,25.74989
190202,PASCO,DANIEL ALCIDES CARRION,CHACAYAN,-10.4344444444444,-76.4372222222222,3385.0,12.1109880149058,0.392301289997046,53.680466,35.51012
190203,PASCO,DANIEL ALCIDES CARRION,GOYLLARISQUIZGA,-10.4730555555556,-76.4083333333333,4202.0,34.484246870953797,0.4380593486430319,53.533945,16.07737
190204,PASCO,DANIEL ALCIDES CARRION,PAUCAR,-10.3711111111111,-76.4433333333333,3381.0,21.314651960053698,0.38966861218745,52.630676,39.47718
190205,PASCO,DANIEL ALCIDES CARRION,SAN PEDRO DE PILLAO,-10.4388888888889,-76.4952777777778,3648.0,18.2922859932733,0.341064159864225,48.781405,28.9916
190206,PASCO,DANIEL ALCIDES CARRION,SANTA ANA DE TUSI,-10.4725,-76.3536111111111,3786.0,19.838010818158601,0.294734456663033,72.150849,36.91299
190207,PASCO,DANIEL ALCIDES CARRION,TAPUC,-10.4547222222222,-76.4625,3713.0,42.349227446419697,0.412797435098818,49.503312,29.73896
190208,PASCO,DANIEL ALCIDES CARRION,VILCABAMBA,-10.4786111111111,-76.4469444444445,3459.0,16.179775280898902,0.4098656614356209,44.669951,34.7612
190301,PASCO,OXAPAMPA,OXAPAMPA,-10.575,-75.4047222222222,1832.0,44.546861974514698,0.534194488270169,21.28484,9.163991
190302,PASCO,OXAPAMPA,CHONTABAMBA,-10.6022222222222,-75.4388888888889,1849.0,11.6038416941959,0.503855868977986,21.28484,10.8032
190303,PASCO,OXAPAMPA,HUANCABAMBA,-10.4261111111111,-75.5238888888889,1769.0,6.4670304106923799,0.3430074869372989,33.412669,20.46641
190304,PASCO,OXAPAMPA,PALCAZU,-10.1841666666667,-75.1480555555556,302.0,3.9369402780067002,0.359346233826616,37.575331,30.54644
190305,PASCO,OXAPAMPA,POZUZO,-10.0711111111111,-75.5502777777778,750.0,10.1535552092906,0.3545108889271619,36.496679,33.24619
190306,PASCO,OXAPAMPA,PUERTO BERMUDEZ,-10.2991666666667,-74.9372222222222,281.0,3.3156940522640101,0.3433827757869309,47.839148,35.91784
190307,PASCO,OXAPAMPA,VILLA RICA,-10.7391666666667,-75.2758333333333,1551.0,22.951945346414799,0.493501868238363,30.010674,12.64265
190308,PASCO,OXAPAMPA,CONSTITUCION,-9.85638888888889,-75.0169444444445,247.0,5.6115579743275203,0.3838464736621929,36.646578,22.65335
200101,PIURA,PIURA,PIURA,-5.1525,-80.6577777777778,57.0,1098.5368340555699,0.658204022379417,9.786115,0.344623
200104,PIURA,PIURA,CASTILLA,-5.20138888888889,-80.6227777777777,35.0,251.893587537499,0.622081298724793,16.25051,1.541614
200105,PIURA,PIURA,CATACAOS,-5.26722222222222,-80.6725,35.0,35.998285941660797,0.5034350778485949,31.86693,8.71016
200107,PIURA,PIURA,CURA MORI,-5.32361111111111,-80.6655555555555,35.0,91.090566211305799,0.38087808060942,31.86693,19.84048
200108,PIURA,PIURA,EL TALLAN,-5.40916666666667,-80.6811111111111,21.0,62.299465240641702,0.371266188797142,40.703036,10.39243
200109,PIURA,PIURA,LA ARENA,-5.34305555555555,-80.7036111111111,33.0,254.46157439850501,0.414819146135048,38.073701,16.22386
200110,PIURA,PIURA,LA UNION,-5.38833333333333,-80.7372222222222,27.0,141.71704580866299,0.468774048876245,31.86693,9.160015
200111,PIURA,PIURA,LAS LOMAS,-4.65,-80.2391666666667,257.0,59.841488999264797,0.446035851552541,41.466899,13.6382
200114,PIURA,PIURA,TAMBO GRANDE,-4.92805555555555,-80.3372222222222,76.0,78.735259729413698,0.4598575899924349,38.0737,13.58066
200115,PIURA,PIURA,VEINTISEIS DE OCTUBRE,-5.17916666666667,-80.6780555555555,53.0,1812.4149423691199,0.5997462042553469,16.25051,0.895522
200201,PIURA,AYABACA,AYABACA,-4.64055555555555,-79.7152777777778,2735.0,25.8627475015968,0.291632938237179,53.034565,30.49982
200202,PIURA,AYABACA,FRIAS,-4.93166666666667,-79.9475,1703.0,44.497709221489103,0.16520496896985,61.366857,28.63601
200203,PIURA,AYABACA,JILILI,-4.58472222222222,-79.7972222222222,1311.0,30.430631146758301,0.276869261304152,51.473648,28.7237
200204,PIURA,AYABACA,LAGUNAS,-4.78916666666667,-79.845,2219.0,41.112042762813097,0.0911948911346752,68.026538,35.28002
200205,PIURA,AYABACA,MONTERO,-4.63222222222222,-79.8288888888889,1058.0,55.280692348931602,0.322052838227663,46.939594,28.34362
200206,PIURA,AYABACA,PACAIPAMPA,-4.99555555555555,-79.6677777777778,1980.0,28.385124808965902,0.190007004075559,67.168269,47.33789
200207,PIURA,AYABACA,PAIMAS,-4.6275,-79.9455555555556,598.0,34.763975349579297,0.2858884874702469,44.010636,23.54223
200208,PIURA,AYABACA,SAPILLICA,-4.77916666666667,-79.9822222222222,1464.0,50.335093039799297,0.1707312303810009,61.994535,15.04117
200209,PIURA,AYABACA,SICCHEZ,-4.57,-79.7638888888889,1452.0,78.942598187311205,0.344282497607577,46.242576,18.83457
200210,PIURA,AYABACA,SUYO,-4.51277777777778,-80.0025,417.0,12.7794105376364,0.370802585086211,35.53943,12.45276
200301,PIURA,HUANCABAMBA,HUANCABAMBA,-5.23861111111111,-79.4502777777778,1955.0,74.182428651370998,0.3419043333933239,43.520384,30.19136
200302,PIURA,HUANCABAMBA,CANCHAQUE,-5.37583333333333,-79.6055555555555,1152.0,28.546718449136801,0.3603852868720289,35.084649,17.85074
200303,PIURA,HUANCABAMBA,EL CARMEN DE LA FRONTERA,-5.14833333333333,-79.4283333333333,2472.0,20.6698823295058,0.223760766450663,52.742032,45.25898
200304,PIURA,HUANCABAMBA,HUARMACA,-5.56805555555555,-79.5244444444444,2188.0,22.3952164844724,0.211758002009853,54.201566,39.02259
200305,PIURA,HUANCABAMBA,LALAQUIZ,-5.21583333333333,-79.68,972.0,38.373515653112598,0.1959883225830159,52.120564,22.70939
200306,PIURA,HUANCABAMBA,SAN MIGUEL DE EL FAIQUE,-5.40194444444445,-79.6061111111111,1259.0,52.762896825396801,0.281224857331607,43.042567,17.85458
200307,PIURA,HUANCABAMBA,SONDOR,-5.31555555555555,-79.4097222222222,2003.0,25.1181172555196,0.22828184001713,52.913253,46.56488
200308,PIURA,HUANCABAMBA,SONDORILLO,-5.33944444444445,-79.4286111111111,1886.0,54.036003361493201,0.19695808516567,55.041514,29.92991
200401,PIURA,MORROPON,CHULUCANAS,-5.09722222222222,-80.1602777777778,135.0,115.972502552656,0.4653748048968089,30.57779,9.221949
200402,PIURA,MORROPON,BUENOS AIRES,-5.26694444444444,-79.9669444444445,154.0,41.440926892950401,0.4611707659321049,30.57779,9.895398
200403,PIURA,MORROPON,CHALACO,-5.04111111111111,-79.7955555555556,2261.0,60.489602526980804,0.295470717628252,49.981035,25.73745
200404,PIURA,MORROPON,LA MATANZA,-5.21361111111111,-80.0905555555556,126.0,16.4247180460134,0.389352315539684,38.734262,14.52157
200405,PIURA,MORROPON,MORROPON,-5.18611111111111,-79.9691666666667,151.0,82.354671687455806,0.4969002366620189,30.57779,8.818962
200406,PIURA,MORROPON,SALITRAL,-5.34194444444444,-79.8336111111111,175.0,15.754930540853101,0.4017190204617709,40.126752,14.44164
200407,PIURA,MORROPON,SAN JUAN DE BIGOTE,-5.31944444444445,-79.7861111111111,201.0,32.425268137514799,0.3308600936388039,44.659828,19.43262
200408,PIURA,MORROPON,SANTA CATALINA DE MOSSA,-5.10277777777778,-79.885,881.0,53.8561750911933,0.369073746900043,43.827241,8.873252
200409,PIURA,MORROPON,SANTO DOMINGO,-5.02944444444445,-79.8758333333333,1490.0,40.374759769378599,0.3497858839485459,40.739075,15.25253
200410,PIURA,MORROPON,YAMANGO,-5.18083333333333,-79.7511111111111,1192.0,48.162832511179801,0.2574887680691769,54.82643,30.088
200501,PIURA,PAITA,PAITA,-5.09305555555555,-81.0994444444444,71.0,133.59572992029001,0.569747699650999,20.560555,2.70458
200502,PIURA,PAITA,AMOTAPE,-4.88194444444445,-81.0152777777778,23.0,27.934375688174399,0.513412515014894,23.05715,3.035085
200503,PIURA,PAITA,ARENAL,-4.88361111111111,-81.0263888888889,37.0,163.36996336996299,0.499470272667213,14.853286,0.635602
200504,PIURA,PAITA,COLAN,-4.90055555555556,-81.0563888888889,25.0,131.297526614904,0.466561076241271,29.24272,6.654376
200505,PIURA,PAITA,LA HUACA,-4.91027777777778,-80.9613888888889,33.0,22.333238811696202,0.542840958156877,23.05715,1.377197
200506,PIURA,PAITA,TAMARINDO,-4.87833333333333,-80.9758333333333,33.0,83.650070676927896,0.486527800693186,29.24272,10.86607
200507,PIURA,PAITA,VICHAYAL,-4.86416666666667,-81.0730555555555,27.0,43.130395951175998,0.37546851714645,29.24272,8.125675
200601,PIURA,SULLANA,SULLANA,-4.89055555555555,-80.6877777777778,76.0,365.448435995696,0.565700069631214,19.42544,1.901979
200602,PIURA,SULLANA,BELLAVISTA,-4.89,-80.6802777777778,77.0,14742.394822006499,0.5300290525784809,19.42544,2.375467
200603,PIURA,SULLANA,IGNACIO ESCUDERO,-4.84611111111111,-80.8730555555555,39.0,70.658663099859695,0.502529957409049,28.05964,3.694565
200604,PIURA,SULLANA,LANCONES,-4.63277777777778,-80.5455555555556,156.0,6.8235337832502703,0.3726695067482699,37.222415,15.1488
200605,PIURA,SULLANA,MARCAVELICA,-4.88166666666667,-80.7036111111111,53.0,18.164314743065699,0.5137601543779429,24.90606,2.283878
200606,PIURA,SULLANA,MIGUEL CHECA,-4.90027777777778,-80.8147222222222,62.0,19.372839711822799,0.5214892169331309,28.05964,15.36725
200607,PIURA,SULLANA,QUERECOTILLO,-4.83916666666667,-80.6483333333333,66.0,105.168838862559,0.527881145323798,24.90606,5.363916
200608,PIURA,SULLANA,SALITRAL,-4.85694444444444,-80.6808333333333,65.0,262.89352670675601,0.559237438956935,19.42544,0.734362
200701,PIURA,TALARA,PARIÑAS,-4.57944444444445,-81.2694444444444,23.0,96.2407899802147,0.5901150530410089,15.54041,1.883879
200702,PIURA,TALARA,EL ALTO,-4.26861111111111,-81.2213888888889,276.0,18.578145034905301,0.5751392337522089,15.54041,1.312969
200703,PIURA,TALARA,LA BREA,-4.65472222222222,-81.3058333333333,8.0,20.390787347033001,0.587664739911619,15.54041,0.846083
200704,PIURA,TALARA,LOBITOS,-4.45694444444445,-81.285,31.0,6.59628342131239,0.592187261476462,8.565665,0.784291
200705,PIURA,TALARA,LOS ORGANOS,-4.17916666666667,-81.1294444444444,7.0,65.802072601660498,0.562946560661576,15.54041,0.844193
200706,PIURA,TALARA,MANCORA,-4.10694444444444,-81.0538888888889,8.0,120.311408324184,0.56139015223816,17.467,2.020883
200801,PIURA,SECHURA,SECHURA,-5.55722222222222,-80.8222222222222,12.0,8.2211929922866105,0.486072469370117,25.8038,1.20604
200802,PIURA,SECHURA,BELLAVISTA DE LA UNION,-5.44027777777778,-80.755,23.0,379.68299711815598,0.5039322550078649,20.591766,5.941481
200803,PIURA,SECHURA,BERNAL,-5.45888888888889,-80.7419444444445,22.0,111.471982157792,0.4417380575387689,33.41422,5.920024
200804,PIURA,SECHURA,CRISTO NOS VALGA,-5.49305555555555,-80.7411111111111,25.0,20.753509408200699,0.4180562823172689,34.470296,5.286404
200805,PIURA,SECHURA,VICE,-5.42222222222222,-80.7763888888889,23.0,72.5259568598904,0.407831525663987,33.41422,6.840122
200806,PIURA,SECHURA,RINCONADA LLICUAR,-5.46361111111111,-80.7652777777778,26.0,188.06584362139901,0.4969573441786219,25.8038,1.442522
210101,PUNO,PUNO,PUNO,-15.8402777777778,-70.0280555555555,3848.0,316.61203134837098,0.648890196056748,12.829234,1.36718
210102,PUNO,PUNO,ACORA,-15.9736111111111,-69.7977777777778,3848.0,12.325549047184801,0.32470579951305,46.856716,11.33044
210103,PUNO,PUNO,AMANTANI,-15.6572222222222,-69.7183333333333,3871.0,352.2,0.284849888865635,59.36641,32.72422
210104,PUNO,PUNO,ATUNCOLLA,-15.6883333333333,-70.1438888888889,3844.0,45.286195286195301,0.2854665786092109,52.275156,16.18654
210105,PUNO,PUNO,CAPACHICA,-15.6416666666667,-69.8308333333333,3872.0,85.947377413292301,0.234084382411147,46.146733,22.76725
210106,PUNO,PUNO,CHUCUITO,-15.8947222222222,-69.8894444444445,3893.0,68.625185674203607,0.349277628609278,40.824878,13.81723
210107,PUNO,PUNO,COATA,-15.5713888888889,-69.9505555555556,3839.0,81.451923076923094,0.205478199935221,61.15427,19.40096
210108,PUNO,PUNO,HUATA,-15.615,-69.9713888888889,3863.0,28.442126256040499,0.288675246701877,40.80439,20.06992
210109,PUNO,PUNO,MAÑAZO,-15.8011111111111,-70.3433333333333,3949.0,14.430077677940901,0.436076048124509,47.429555,19.91801
210110,PUNO,PUNO,PAUCARCOLLA,-15.7455555555556,-70.0561111111111,3864.0,30.992707598212199,0.320402615196415,59.302346,22.93125
210111,PUNO,PUNO,PICHACANI,-16.15,-70.0633333333333,3962.0,4.15799397605113,0.327922688824186,45.110145,22.10073
210112,PUNO,PUNO,PLATERIA,-15.9483333333333,-69.8333333333333,3835.0,32.604048786621398,0.2884525097354769,49.100581,15.3549
210113,PUNO,PUNO,SAN ANTONIO,-16.1405555555556,-70.3438888888889,4330.0,4.05308560053086,0.289371485029195,46.663025,20.84605
210114,PUNO,PUNO,TIQUILLACA,-15.7969444444444,-70.1866666666667,3912.0,5.9643194136622002,0.324164917123663,46.575372,27.65847
210115,PUNO,PUNO,VILQUE,-15.7666666666667,-70.2588888888889,3878.0,17.0003621501371,0.3411957944963059,57.469274,9.866309
210201,PUNO,AZANGARO,AZANGARO,-14.9080555555556,-70.1955555555556,3878.0,51.286590287907302,0.438408888002288,42.957575,14.82728
210202,PUNO,AZANGARO,ACHAYA,-15.2847222222222,-70.1611111111111,3868.0,32.9501625954776,0.1250828114709819,44.30589,20.41694
210203,PUNO,AZANGARO,ARAPA,-15.1388888888889,-70.11,3846.0,25.942094891617401,0.2802264991949279,39.81321,17.55363
210204,PUNO,AZANGARO,ASILLO,-14.7863888888889,-70.3536111111111,3927.0,43.9115143483358,0.2623754846886309,42.454188,16.70232
210205,PUNO,AZANGARO,CAMINACA,-15.3247222222222,-70.0727777777777,3857.0,33.653322440087202,0.2324501385472219,39.81321,21.63771
210206,PUNO,AZANGARO,CHUPA,-15.1058333333333,-69.9872222222222,3847.0,55.875986313804901,0.297560339862921,44.30589,21.36256
210207,PUNO,AZANGARO,JOSE DOMINGO CHOQUEHUANCA,-15.0338888888889,-70.3380555555555,3887.0,68.679191165925701,0.379808122466243,36.426182,21.25422
210208,PUNO,AZANGARO,MUÑANI,-14.7708333333333,-69.9555555555555,3925.0,9.7829925832908202,0.2703664339761769,44.30589,20.65359
210209,PUNO,AZANGARO,POTONI,-14.39,-70.105,4133.0,6.93755701136081,0.305741400880138,60.250277,17.95558
210210,PUNO,AZANGARO,SAMAN,-15.2919444444444,-70.0172222222222,3836.0,72.1989501033989,0.181017494955819,34.868154,21.48073
210211,PUNO,AZANGARO,SAN ANTON,-14.5838888888889,-70.3172222222222,3971.0,16.711988190505799,0.312380752719356,33.639159,12.47425
210212,PUNO,AZANGARO,SAN JOSE,-14.6802777777778,-70.16,4094.0,14.927695651007401,0.220903731540696,45.01491,32.96924
210213,PUNO,AZANGARO,SAN JUAN DE SALINAS,-14.9913888888889,-70.1061111111111,3841.0,36.150943396226403,0.2754344058225869,39.81321,23.67831
210214,PUNO,AZANGARO,SANTIAGO DE PUPUJA,-15.0527777777778,-70.2780555555555,3933.0,16.8353968201281,0.1922089613690189,36.13236,18.07084
210215,PUNO,AZANGARO,TIRAPATA,-14.955,-70.4027777777778,3903.0,16.117345141649501,0.194256106653026,36.13236,20.45526
210301,PUNO,CARABAYA,MACUSANI,-14.0686111111111,-70.4311111111111,4311.0,14.2089824779517,0.405193297516794,52.257186,7.496945
210302,PUNO,CARABAYA,AJOYANI,-14.2294444444444,-70.2236111111111,4272.0,6.20657936142916,0.3994115028164489,50.977107,15.05525
210303,PUNO,CARABAYA,AYAPATA,-13.7766666666667,-70.3227777777777,3481.0,5.9810738267329899,0.38164453867226,43.773203,19.27394
210304,PUNO,CARABAYA,COASA,-13.9891666666667,-70.0158333333333,3768.0,1.9737357679433101,0.280905618640576,65.642954,18.51116
210305,PUNO,CARABAYA,CORANI,-13.8686111111111,-70.6044444444444,4039.0,5.5076847325290998,0.230595100381812,67.815792,38.3074
210306,PUNO,CARABAYA,CRUCERO,-14.3616666666667,-70.0236111111111,4146.0,10.937742864999899,0.379827610825666,44.348432,10.94905
210307,PUNO,CARABAYA,ITUATA,-13.8763888888889,-70.2138888888889,3787.0,5.0191956961666904,0.354483016801628,48.041521,31.21177
210308,PUNO,CARABAYA,OLLACHEA,-13.7938888888889,-70.4725,2746.0,11.4503432417463,0.3249096507143289,44.553477,30.90166
210309,PUNO,CARABAYA,SAN GABAN,-13.4383333333333,-70.4027777777778,641.0,3.4486157242684401,0.4605485155443009,37.092151,3.93141
210310,PUNO,CARABAYA,USICAYOS,-14.1252777777778,-69.9675,3781.0,5.5819514315880996,0.198206254444315,48.14547,7.3998
210401,PUNO,CHUCUITO,JULI,-16.2127777777778,-69.4594444444444,3878.0,32.711902051694899,0.4138545322335049,39.666341,8.284336
210402,PUNO,CHUCUITO,DESAGUADERO,-16.5644444444444,-69.0394444444444,3849.0,70.562819145951394,0.424116046046403,50.694041,9.021313
210403,PUNO,CHUCUITO,HUACULLANI,-16.6305555555556,-69.3219444444444,3945.0,6.8483439201451901,0.2671908646315169,52.319026,23.28119
210404,PUNO,CHUCUITO,KELLUYO,-16.7269444444444,-69.2502777777778,3858.0,10.7972908989851,0.3395425415266469,43.306796,17.65184
210405,PUNO,CHUCUITO,PISACOMA,-16.9086111111111,-69.3713888888889,3932.0,2.94056330393812,0.2696974815108579,47.907451,12.21146
210406,PUNO,CHUCUITO,POMATA,-16.2736111111111,-69.2927777777778,3878.0,40.943070730304797,0.316509089454587,48.431941,16.76861
210407,PUNO,CHUCUITO,ZEPITA,-16.4969444444444,-69.1033333333333,3836.0,31.805624165248702,0.239436206495902,57.952966,34.01446
210501,PUNO,EL COLLAO,ILAVE,-16.0869444444444,-69.6380555555555,3907.0,59.959751649382,0.402019837478447,40.509857,10.25987
210502,PUNO,EL COLLAO,CAPAZO,-17.1838888888889,-69.7444444444445,4402.0,0.77748376232860195,0.376560777628064,46.302706,19.40615
210503,PUNO,EL COLLAO,PILCUYO,-16.1108333333333,-69.5541666666667,3841.0,71.242038216560502,0.2613641192883229,36.305582,18.4768
210504,PUNO,EL COLLAO,SANTA ROSA,-16.7422222222222,-69.7166666666667,3981.0,1.4888946997250401,0.3367238884705209,53.14545,28.83736
210505,PUNO,EL COLLAO,CONDURIRI,-16.6219444444444,-69.7086111111111,3969.0,2.9423170622570001,0.3659922475511149,53.14545,21.06312
210601,PUNO,HUANCANE,HUANCANE,-15.2008333333333,-69.7677777777778,3866.0,60.476390126303599,0.4032210196156519,39.198705,12.17755
210602,PUNO,HUANCANE,COJATA,-15.0152777777778,-69.3655555555555,4354.0,5.5981751741982304,0.2992647132950839,40.721501,23.26894
210603,PUNO,HUANCANE,HUATASANI,-15.0594444444444,-69.8019444444444,3849.0,27.227583622224302,0.267915617509771,44.312121,11.80621
210604,PUNO,HUANCANE,INCHUPALLA,-15.0097222222222,-69.6827777777778,3930.0,11.9918347576376,0.2159447242477559,38.55466,25.39838
210605,PUNO,HUANCANE,PUSI,-15.4419444444444,-69.9297222222222,3851.0,36.942460584826797,0.239904965970954,50.983848,15.61671
210606,PUNO,HUANCANE,ROSASPATA,-15.2347222222222,-69.5275,3891.0,19.268915646664698,0.247635349766356,38.55466,23.94995
210607,PUNO,HUANCANE,TARACO,-15.2972222222222,-69.9783333333333,3848.0,75.527724472275494,0.3120136684565519,50.112703,22.08547
210608,PUNO,HUANCANE,VILQUE CHICO,-15.2138888888889,-69.6891666666667,3851.0,20.607553366174098,0.236471554585046,40.011771,20.23491
210701,PUNO,LAMPA,LAMPA,-15.3647222222222,-70.3677777777778,3881.0,19.798171110650799,0.4451745613783449,53.628814,8.046263
210702,PUNO,LAMPA,CABANILLA,-15.6202777777778,-70.3455555555555,3890.0,14.12964969303,0.345523401927023,45.256903,6.856533
210703,PUNO,LAMPA,CALAPUJA,-15.3105555555556,-70.2216666666667,3851.0,15.3857041755131,0.289549626938555,53.484382,23.64904
210704,PUNO,LAMPA,NICASIO,-15.2355555555556,-70.2611111111111,3868.0,24.138444361741701,0.3088966561821889,38.30581,14.83751
210705,PUNO,LAMPA,OCUVIRI,-15.1138888888889,-70.9091666666667,4227.0,2.9091612961992999,0.5744211787783708,31.73768,18.11804
210706,PUNO,LAMPA,PALCA,-15.2369444444444,-70.5980555555555,4082.0,4.4115216133564799,0.46532612867646,38.30581,15.9457
210707,PUNO,LAMPA,PARATIA,-15.4541666666667,-70.5997222222222,4352.0,3.4680839641380801,0.4636078440025679,31.73768,20.44277
210708,PUNO,LAMPA,PUCARA,-15.0416666666667,-70.3677777777778,3894.0,11.7447916666667,0.3321861957084409,55.467086,9.74324
210709,PUNO,LAMPA,SANTA LUCIA,-15.6994444444444,-70.6063888888889,4053.0,5.0380091121597799,0.469859976255932,47.675876,13.31951
210710,PUNO,LAMPA,VILAVILA,-15.1883333333333,-70.66,4316.0,7.3029045643153498,0.40634848395132,50.844203,8.78933
210801,PUNO,MELGAR,AYAVIRI,-14.8816666666667,-70.5894444444444,3937.0,27.534200604062601,0.532461327945767,32.781609,6.446802
210802,PUNO,MELGAR,ANTAUTA,-14.2997222222222,-70.2922222222222,4152.0,9.1877957149818492,0.554939939517273,40.676865,18.33379
210803,PUNO,MELGAR,CUPI,-14.905,-70.8666666666667,3984.0,9.8763127187864708,0.3448023597416839,42.33295,12.62792
210804,PUNO,MELGAR,LLALLI,-14.9480555555556,-70.8805555555555,3998.0,14.882603068959099,0.328978901255412,42.33295,15.39224
210805,PUNO,MELGAR,MACARI,-14.7716666666667,-70.9033333333333,3979.0,11.4874291311704,0.3219333013834009,55.696807,24.26692
210806,PUNO,MELGAR,NUÑOA,-14.4761111111111,-70.6363888888889,4038.0,4.4683113955348697,0.3785159657563679,48.306792,21.72095
210807,PUNO,MELGAR,ORURILLO,-14.7277777777778,-70.5122222222222,3915.0,23.440179395858099,0.27587558571899,53.241338,17.76787
210808,PUNO,MELGAR,SANTA ROSA,-14.6075,-70.7877777777778,4010.0,8.4010222930742202,0.3772293175416949,44.967778,24.76987
210809,PUNO,MELGAR,UMACHIRI,-14.8538888888889,-70.7538888888889,3943.0,11.5032760539004,0.395861381824893,23.676939,8.787951
210901,PUNO,MOHO,MOHO,-15.3602777777778,-69.4997222222222,3902.0,32.988105833805299,0.3001792084708839,48.083311,23.42693
210902,PUNO,MOHO,CONIMA,-15.4577777777778,-69.4377777777778,3862.0,52.9814941740918,0.238657538876583,39.87445,35.06334
210903,PUNO,MOHO,HUAYRAPATA,-15.3213888888889,-69.3411111111111,3912.0,9.7231878460151897,0.1378993509884549,64.259599,27.52493
210904,PUNO,MOHO,TILALI,-15.515,-69.3480555555555,3843.0,65.545171339563794,0.2953273865026629,39.87445,28.01593
211001,PUNO,SAN ANTONIO DE PUTINA,PUTINA,-14.9141666666667,-69.8688888888888,3878.0,16.765500234851999,0.3781908334106839,47.526202,9.481744
211002,PUNO,SAN ANTONIO DE PUTINA,ANANEA,-14.6786111111111,-69.535,4705.0,5.2620375494912501,0.6184115616858868,15.526519,5.264482
211003,PUNO,SAN ANTONIO DE PUTINA,PEDRO VILCA APAZA,-15.0636111111111,-69.8816666666667,3873.0,3.8705572542019402,0.288812661001634,54.947264,13.19897
211004,PUNO,SAN ANTONIO DE PUTINA,QUILCAPUNCU,-14.8936111111111,-69.7302777777778,3928.0,11.324662253706499,0.256071790056951,53.814228,25.53881
211005,PUNO,SAN ANTONIO DE PUTINA,SINA,-14.4966666666667,-69.2802777777778,3181.0,11.3443064308878,0.381313097463754,51.519975,25.17396
211101,PUNO,SAN ROMAN,JULIACA,-15.4838888888889,-70.1333333333333,3877.0,518.45735707591405,0.5759734352119,21.666747,1.72868
211102,PUNO,SAN ROMAN,CABANA,-15.6491666666667,-70.3219444444444,3912.0,27.040736286147599,0.3295055776475689,45.196192,9.60174
211103,PUNO,SAN ROMAN,CABANILLAS,-15.6444444444444,-70.3538888888889,3894.0,4.0858365034015804,0.438776788441375,35.482501,7.573546
211104,PUNO,SAN ROMAN,CARACOTO,-15.5675,-70.1025,3844.0,38.8183440025186,0.364692950477987,34.565637,17.04793
211105,PUNO,SAN ROMAN,SAN MIGUEL,-15.4602777777778,-70.1269444444444,3875.0,234.35960591132999,0.522567996747131,24.372846,17.04793
211201,PUNO,SANDIA,SANDIA,-14.3222222222222,-69.4663888888889,2206.0,22.820747073931699,0.367733462893899,34.291383,10.99335
211202,PUNO,SANDIA,CUYOCUYO,-14.4702777777778,-69.5372222222222,3425.0,13.1590958702943,0.349524373886552,36.09379,19.26312
211203,PUNO,SANDIA,LIMBANI,-14.1497222222222,-69.6905555555555,3333.0,1.3960820701212899,0.405463675327149,45.41504,5.233391
211204,PUNO,SANDIA,PATAMBUCO,-14.3616666666667,-69.6194444444444,3650.0,11.209802904564301,0.214608119698775,51.650617,31.19204
211205,PUNO,SANDIA,PHARA,-14.1519444444444,-69.6652777777778,3485.0,12.8261411823397,0.388295254472926,31.63421,9.492496
211206,PUNO,SANDIA,QUIACA,-14.4222222222222,-69.345,2970.0,5.6173252958249602,0.417656157003908,45.41504,23.10651
211207,PUNO,SANDIA,SAN JUAN DEL ORO,-14.2208333333333,-69.1536111111111,1308.0,21.756112407426201,0.462952385236628,45.41504,9.749009
211208,PUNO,SANDIA,YANAHUAYA,-14.2586111111111,-69.1694444444445,1419.0,3.4655015582827602,0.3774724466573289,31.63421,6.278532
211209,PUNO,SANDIA,ALTO INAMBARI,-14.09,-69.2433333333333,1352.0,5.6317118270393296,0.4323755780425159,36.502457,6.690741
211210,PUNO,SANDIA,SAN PEDRO DE PUTINA PUNCO,-14.1125,-69.0477777777778,948.0,1.65333800831052,0.466904706830356,36.09379,7.621186
211301,PUNO,YUNGUYO,YUNGUYO,-16.2266666666667,-69.0955555555555,3850.0,163.11038161674199,0.416544746185569,45.155802,12.0668
211302,PUNO,YUNGUYO,ANAPIA,-16.3138888888889,-68.8527777777777,3864.0,131.65618448637301,0.310323051981759,57.021176,18.28277
211303,PUNO,YUNGUYO,COPANI,-16.4,-69.0402777777778,3864.0,114.90394764619001,0.201180698782459,44.15723,25.64269
211304,PUNO,YUNGUYO,CUTURAPI,-16.2705555555556,-69.1769444444444,3861.0,55.565777368905302,0.2877340121227979,44.15723,13.90124
211305,PUNO,YUNGUYO,OLLARAYA,-16.2197222222222,-68.9911111111111,3852.0,99.957752429235299,0.1864550495080979,42.53624,15.06091
211306,PUNO,YUNGUYO,TINICACHI,-16.1986111111111,-68.9616666666667,3853.0,118.38709677419401,0.402339274889745,42.53624,19.87844
211307,PUNO,YUNGUYO,UNICACHI,-16.2236111111111,-68.9811111111111,3827.0,106.126126126126,0.379943364236321,42.550641,16.02995
220101,SAN MARTIN,MOYOBAMBA,MOYOBAMBA,-6.03472222222222,-76.9741666666667,895.0,32.304562075124998,0.529480046805123,16.33963,5.837753
220102,SAN MARTIN,MOYOBAMBA,CALZADA,-6.03027777777778,-77.0666666666667,856.0,55.986579995806203,0.514788230121058,16.33963,4.397646
220103,SAN MARTIN,MOYOBAMBA,HABANA,-6.07972222222222,-77.0913888888889,850.0,27.5287671232877,0.4911852204744949,15.690847,0.941006
220104,SAN MARTIN,MOYOBAMBA,JEPELACIO,-6.10805555555555,-76.9152777777778,1067.0,52.528955920340003,0.3492524985551799,35.364601,8.683704
220105,SAN MARTIN,MOYOBAMBA,SORITOR,-6.13944444444445,-77.1025,904.0,73.550649886527793,0.420927348203305,33.547863,3.217902
220106,SAN MARTIN,MOYOBAMBA,YANTALO,-5.97444444444445,-77.0208333333333,862.0,41.975677830941002,0.402599616888112,16.33963,6.053855
220201,SAN MARTIN,BELLAVISTA,BELLAVISTA,-7.05222222222222,-76.5897222222222,330.0,65.470883254388397,0.517809826003188,27.486044,3.703221
220202,SAN MARTIN,BELLAVISTA,ALTO BIAVO,-7.25583333333333,-76.4766666666667,253.0,1.9666117388575,0.3645694043084939,39.551615,11.02541
220203,SAN MARTIN,BELLAVISTA,BAJO BIAVO,-7.10166666666667,-76.4719444444444,256.0,15.7294731554289,0.316965193486603,20.055194,7.0998
220204,SAN MARTIN,BELLAVISTA,HUALLAGA,-7.13111111111111,-76.6486111111111,267.0,14.109875487121,0.357323663645885,27.622157,6.503069
220205,SAN MARTIN,BELLAVISTA,SAN PABLO,-6.80972222222222,-76.5747222222222,278.0,27.2366134238186,0.407101373442578,46.423032,7.313348
220206,SAN MARTIN,BELLAVISTA,SAN RAFAEL,-7.02305555555555,-76.4658333333333,242.0,60.353946297803098,0.526106726079333,37.941755,6.068348
220301,SAN MARTIN,EL DORADO,SAN JOSE DE SISA,-6.61388888888889,-76.6952777777778,342.0,60.780260086695598,0.368016588874835,36.483045,16.68216
220302,SAN MARTIN,EL DORADO,AGUA BLANCA,-6.72527777777778,-76.6952777777778,318.0,16.041381770616599,0.4355849639767219,24.533047,4.383236
220303,SAN MARTIN,EL DORADO,SAN MARTIN,-6.51444444444444,-76.7405555555556,437.0,22.2550082656381,0.3003163606283669,38.942088,13.69387
220304,SAN MARTIN,EL DORADO,SANTA ROSA,-6.74638888888889,-76.6236111111111,288.0,32.591101433794798,0.301545067344874,30.418051,16.96838
220305,SAN MARTIN,EL DORADO,SHATOJA,-6.52833333333333,-76.72,413.0,136.85085168259201,0.3141162057189489,31.599978,10.0917
220401,SAN MARTIN,HUALLAGA,SAPOSOA,-6.93666666666667,-76.7722222222222,317.0,31.492583832939101,0.4405643812344349,23.90382,6.906505
220402,SAN MARTIN,HUALLAGA,ALTO SAPOSOA,-6.76472222222222,-76.8136111111111,408.0,3.01928243798893,0.290895459336231,23.90382,29.22455
220403,SAN MARTIN,HUALLAGA,EL ESLABON,-7.02166666666667,-76.7233333333333,293.0,23.955363688197401,0.359585427895733,19.27749,8.344637
220404,SAN MARTIN,HUALLAGA,PISCOYACU,-6.98111111111111,-76.7694444444444,310.0,25.542272948558399,0.406080705705875,18.76298,4.017846
220405,SAN MARTIN,HUALLAGA,SACANCHE,-7.07,-76.7136111111111,269.0,20.929095354523199,0.450291833327769,19.27749,9.40433
220406,SAN MARTIN,HUALLAGA,TINGO DE SAPOSOA,-7.09194444444444,-76.6413888888889,259.0,24.2156074014481,0.510924447014077,11.743135,3.220194
220501,SAN MARTIN,LAMAS,LAMAS,-6.42388888888889,-76.5233333333333,764.0,206.852919067903,0.480506791474517,22.055823,7.384075
220502,SAN MARTIN,LAMAS,ALONSO DE ALVARADO,-6.35583333333333,-76.7752777777778,1090.0,58.242692046227099,0.3333052963989159,28.01036,19.87937
220503,SAN MARTIN,LAMAS,BARRANQUITA,-6.25222222222222,-76.0333333333333,173.0,7.2001276851434604,0.272188236128436,14.9795,22.28072
220504,SAN MARTIN,LAMAS,CAYNARACHI,-6.33083333333333,-76.2841666666667,193.0,6.2542816124477998,0.3665777639444329,26.405209,11.27519
220505,SAN MARTIN,LAMAS,CUÑUMBUQUI,-6.51055555555555,-76.4816666666667,248.0,26.9873602841324,0.4013138046331319,14.9795,6.555398
220506,SAN MARTIN,LAMAS,PINTO RECODO,-6.37916666666667,-76.6044444444444,276.0,18.573854637739199,0.3232431228781619,36.142043,25.51835
220507,SAN MARTIN,LAMAS,RUMISAPA,-6.44888888888889,-76.4716666666667,328.0,99.974483286552697,0.405931456753573,21.979155,20.26092
220508,SAN MARTIN,LAMAS,SAN ROQUE DE CUMBAZA,-6.38555555555555,-76.4386111111111,611.0,3.7989145958297601,0.3386032496423139,30.85549,14.30952
220509,SAN MARTIN,LAMAS,SHANAO,-6.41166666666667,-76.5941666666667,260.0,117.52745018300099,0.3275824452355899,30.85549,10.93936
220510,SAN MARTIN,LAMAS,TABALOSOS,-6.38944444444445,-76.6341666666667,597.0,31.043791859866001,0.339578498135199,44.644087,15.74038
220511,SAN MARTIN,LAMAS,ZAPATERO,-6.52972222222222,-76.4941666666667,299.0,40.474285714285699,0.2880009543027309,28.01036,17.4772
220601,SAN MARTIN,MARISCAL CACERES,JUANJUI,-7.17666666666667,-76.7238888888889,299.0,108.72937736806,0.539254777052732,19.775113,5.072385
220602,SAN MARTIN,MARISCAL CACERES,CAMPANILLA,-7.48305555555556,-76.6497222222222,318.0,6.4182627131827799,0.3285791635678739,23.663727,6.558953
220603,SAN MARTIN,MARISCAL CACERES,HUICUNGO,-7.31694444444444,-76.7772222222222,308.0,1.0291785391300501,0.3359256260111789,32.8984,5.730833
220604,SAN MARTIN,MARISCAL CACERES,PACHIZA,-7.29805555555555,-76.7733333333333,295.0,3.9575756587352098,0.347930772408439,32.8984,4.14602
220605,SAN MARTIN,MARISCAL CACERES,PAJARILLO,-7.17666666666667,-76.6886111111111,286.0,28.094906363971599,0.372800117422573,28.645143,2.08466
220701,SAN MARTIN,PICOTA,PICOTA,-6.92,-76.3302777777778,228.0,51.531638624725701,0.534837311408774,24.70802,6.193609
220702,SAN MARTIN,PICOTA,BUENOS AIRES,-6.79166666666667,-76.3277777777778,209.0,15.2800674066747,0.388516677270191,29.361226,14.29592
220703,SAN MARTIN,PICOTA,CASPISAPA,-6.95638888888889,-76.4186111111111,238.0,28.978388998035399,0.4919043509146149,18.07443,1.83366
220704,SAN MARTIN,PICOTA,PILLUANA,-6.77666666666667,-76.2916666666667,218.0,4.3758097546704597,0.37817258690354,23.910286,7.411015
220705,SAN MARTIN,PICOTA,PUCACACA,-6.84888888888889,-76.3411111111111,228.0,14.2770457697642,0.5054091394451559,16.425664,5.264971
220706,SAN MARTIN,PICOTA,SAN CRISTOBAL,-6.99194444444444,-76.4177777777778,238.0,52.379345258184301,0.500469940975346,18.07443,6.077856
220707,SAN MARTIN,PICOTA,SAN HILARION,-7.00388888888889,-76.4394444444444,230.0,44.432936302434001,0.536902469777346,24.70802,0.930144
220708,SAN MARTIN,PICOTA,SHAMBOYACU,-7.02416666666667,-76.1327777777777,289.0,25.131142018383901,0.302136911567773,49.681894,15.02705
220709,SAN MARTIN,PICOTA,TINGO DE PONASA,-6.93611111111111,-76.2538888888889,244.0,15.4642510514397,0.463327179504945,42.391529,13.35492
220710,SAN MARTIN,PICOTA,TRES UNIDOS,-6.80583333333333,-76.2322222222222,237.0,19.9983774135973,0.324905074797241,38.180087,8.624467
220801,SAN MARTIN,RIOJA,RIOJA,-6.0625,-77.1683333333333,850.0,159.52932306532401,0.596333241186725,17.096746,1.826425
220802,SAN MARTIN,RIOJA,AWAJUN,-5.81611111111111,-77.3827777777777,888.0,26.798037748399398,0.34902363414725,31.355645,8.171333
220803,SAN MARTIN,RIOJA,ELIAS SOPLIN VARGAS,-5.98722222222222,-77.2780555555555,853.0,105.009016229213,0.387307594851158,43.566699,6.149594
220804,SAN MARTIN,RIOJA,NUEVA CAJAMARCA,-5.93611111111111,-77.3069444444444,869.0,156.58623717114199,0.478975902746938,28.41423,1.779954
220805,SAN MARTIN,RIOJA,PARDO MIGUEL,-5.73944444444445,-77.5044444444444,963.0,19.6939577866716,0.395409368693869,36.606849,6.437418
220806,SAN MARTIN,RIOJA,POSIC,-6.01333333333333,-77.1619444444444,838.0,48.691674290942402,0.4373955627788819,30.87782,4.796746
220807,SAN MARTIN,RIOJA,SAN FERNANDO,-5.90194444444445,-77.2694444444444,828.0,60.129072878954801,0.4485498197897129,15.617834,6.443781
220808,SAN MARTIN,RIOJA,YORONGOS,-6.13861111111111,-77.1441666666667,883.0,44.934925533342302,0.4434371341517889,30.87782,2.657687
220809,SAN MARTIN,RIOJA,YURACYACU,-5.93111111111111,-77.2263888888889,812.0,338.93740902474502,0.479727878910967,28.41423,1.818118
220901,SAN MARTIN,SAN MARTIN,TARAPOTO,-6.48944444444445,-76.3602777777778,342.0,1340.36277835128,0.672935430319677,6.9122,0.835058
220902,SAN MARTIN,SAN MARTIN,ALBERTO LEVEAU,-6.66305555555555,-76.2866666666667,215.0,4.3777943368107302,0.4368122502511629,20.13965,8.162911
220903,SAN MARTIN,SAN MARTIN,CACATACHI,-6.46194444444445,-76.4513888888889,309.0,53.012208067940499,0.516169796749543,22.05547,4.35122
220904,SAN MARTIN,SAN MARTIN,CHAZUTA,-6.57361111111111,-76.1377777777778,189.0,12.4060928413254,0.292643099450668,55.390811,26.58959
220905,SAN MARTIN,SAN MARTIN,CHIPURANA,-6.35416666666667,-75.7413888888889,152.0,5.8608424586363999,0.3910105236205619,36.80279,11.41236
220906,SAN MARTIN,SAN MARTIN,EL PORVENIR,-6.21166666666667,-75.8008333333333,152.0,6.5789201382421698,0.4180015307785229,36.80279,26.53115
220907,SAN MARTIN,SAN MARTIN,HUIMBAYOC,-6.41777777777778,-75.7680555555555,181.0,3.4982940456288398,0.373284308503178,47.299215,13.32388
220908,SAN MARTIN,SAN MARTIN,JUAN GUERRA,-6.58416666666667,-76.3308333333333,207.0,21.027989821883001,0.575254705612807,22.05547,27.76223
220909,SAN MARTIN,SAN MARTIN,LA BANDA DE SHILCAYO,-6.49,-76.3405555555556,418.0,158.00892981721799,0.592228679378718,15.491806,4.932744
220910,SAN MARTIN,SAN MARTIN,MORALES,-6.47916666666667,-76.3830555555555,290.0,716.71601002049704,0.6574135384298289,6.439383,3.758351
220911,SAN MARTIN,SAN MARTIN,PAPAPLAYA,-6.24527777777778,-75.7905555555556,149.0,4.1737711129570503,0.349056273058207,36.80279,16.08376
220912,SAN MARTIN,SAN MARTIN,SAN ANTONIO,-6.40944444444445,-76.4066666666667,499.0,21.272707728689699,0.516899920716659,20.13965,11.65532
220913,SAN MARTIN,SAN MARTIN,SAUCE,-6.69055555555555,-76.2166666666667,622.0,75.533980582524194,0.404839332987915,36.312002,27.63419
220914,SAN MARTIN,SAN MARTIN,SHAPAJA,-6.57972222222222,-76.2619444444445,214.0,9.3662180150865293,0.424206734534248,16.601613,5.313537
221001,SAN MARTIN,TOCACHE,TOCACHE,-8.18833333333333,-76.5094444444444,519.0,30.801898357325499,0.52762732685725,15.923006,2.810003
221002,SAN MARTIN,TOCACHE,NUEVO PROGRESO,-8.45055555555556,-76.3263888888889,512.0,14.570605588979999,0.4505711549931459,26.37225,8.603202
221003,SAN MARTIN,TOCACHE,POLVORA,-7.90777777777778,-76.6677777777778,543.0,5.6201942533387301,0.444272982250254,26.37225,9.963051
221004,SAN MARTIN,TOCACHE,SHUNTE,-8.35166666666667,-76.7297222222222,1015.0,3.5687246554173901,0.3356181595324699,33.026907,10.06345
221005,SAN MARTIN,TOCACHE,UCHIZA,-8.45833333333333,-76.4616666666667,566.0,31.0115650864273,0.561187146523864,19.65114,8.270934
221006,SAN MARTIN,TOCACHE,SANTA LUCIA,,,,,,,
230101,TACNA,TACNA,TACNA,-18.0019444444444,-70.2519444444444,583.0,69.7445920182343,0.6966125262955098,7.691274,0.226073
230102,TACNA,TACNA,ALTO DE LA ALIANZA,-17.9930555555556,-70.2477777777778,603.0,104.35648896068901,0.6032564872134049,15.074157,0.950422
230103,TACNA,TACNA,CALANA,-17.9433333333333,-70.1883333333333,881.0,40.976194869902201,0.5641024368795589,7.304348,0.432479
230104,TACNA,TACNA,CIUDAD NUEVA,-17.9819444444444,-70.2380555555555,695.0,230.46938069426801,0.52473468277664,20.479559,1.342573
230105,TACNA,TACNA,INCLAN,-17.7938888888889,-70.4947222222222,519.0,2.10980902164233,0.535103805116229,15.01173,2.221963
230106,TACNA,TACNA,PACHIA,-17.8963888888889,-70.1538888888889,1087.0,4.6183408428306398,0.5335430708458159,15.01173,1.517795
230107,TACNA,TACNA,PALCA,-17.7783333333333,-69.9597222222222,2939.0,1.3851861255695199,0.520059787592911,34.195333,16.96753
230108,TACNA,TACNA,POCOLLAY,-17.9966666666667,-70.2258333333333,690.0,67.216261998870706,0.645953766013973,13.404542,0.944194
230109,TACNA,TACNA,SAMA,-17.8625,-70.56,397.0,2.4615136471979802,0.552622294599562,10.643201,1.143432
230110,TACNA,TACNA,CORONEL GREGORIO ALBARRACIN LANCHIPA,-18.0430555555556,-70.2516666666667,562.0,555.837860871418,0.5789680719290499,18.736677,1.644405
230111,TACNA,TACNA,LA YARADA LOS PALOS,-18.2861111111111,-70.4391666666667,42.0,12.019267094824301,0.555179999907203,15.01173,0.226073
230201,TACNA,CANDARAVE,CANDARAVE,-17.2680555555556,-70.2502777777778,3427.0,2.3734732635482398,0.36326306829553,30.362608,13.93951
230202,TACNA,CANDARAVE,CAIRANI,-17.2852777777778,-70.3636111111111,3389.0,3.29229194169787,0.2375137880049469,25.029749,10.17421
230203,TACNA,CANDARAVE,CAMILACA,-17.2425,-70.3880555555555,3853.0,2.4023908223272001,0.4109227257681489,23.62097,10.21948
230204,TACNA,CANDARAVE,CURIBAYA,-17.3813888888889,-70.3347222222222,2412.0,3.1107260985981999,0.573942024714258,16.581602,3.128765
230205,TACNA,CANDARAVE,HUANUARA,-17.3136111111111,-70.3225,3226.0,9.1726806819370399,0.3985263662738899,23.62097,27.00671
230206,TACNA,CANDARAVE,QUILAHUANI,-17.3183333333333,-70.2586111111111,3205.0,24.933616569304299,0.3177674605889739,31.511674,15.58268
230301,TACNA,JORGE BASADRE,LOCUMBA,-17.6138888888889,-70.7627777777778,589.0,3.0093189816200399,0.580893002689566,13.058077,0.99771
230302,TACNA,JORGE BASADRE,ILABAYA,-17.4180555555556,-70.5130555555556,1387.0,4.3153168554692796,0.7366145522948488,5.539457,0.101131
230303,TACNA,JORGE BASADRE,ITE,-17.8616666666667,-70.9658333333333,160.0,4.0003301186069002,0.6860042057700119,6.952335,0.499995
230401,TACNA,TARATA,TARATA,-17.475,-70.0319444444445,3077.0,3.9650125533662699,0.479144354938278,36.587575,18.31442
230402,TACNA,TARATA,HEROES ALBARRACIN CHUCATAMANI,-17.4805555555556,-70.1230555555555,2352.0,1.79640718562874,0.3173079166567099,27.586057,21.53956
230403,TACNA,TARATA,ESTIQUE,-17.5419444444445,-70.0183333333333,3149.0,2.0233338660700002,0.34159615449674,23.37961,13.68812
230404,TACNA,TARATA,ESTIQUE-PAMPA,-17.5386111111111,-70.0313888888889,3064.0,2.1981574268627799,0.5197540295270259,23.37961,2.420862
230405,TACNA,TARATA,SITAJARA,-17.3752777777778,-70.1338888888889,3163.0,1.5164782677917501,0.3639905195197469,26.39149,17.48462
230406,TACNA,TARATA,SUSAPAYA,-17.3480555555556,-70.1336111111111,3462.0,1.80863320918518,0.3117055073142659,27.508999,24.52557
230407,TACNA,TARATA,TARUCACHI,-17.5258333333333,-70.0316666666667,3054.0,5.7914717047761997,0.352603720633662,26.39149,5.747654
230408,TACNA,TARATA,TICACO,-17.4472222222222,-70.0466666666667,3272.0,2.7142280873624198,0.371429614512078,28.908204,16.86796
240101,TUMBES,TUMBES,TUMBES,-3.57111111111111,-80.4591666666667,9.0,724.71228025799905,0.602511104363448,8.706752,0.423624
240102,TUMBES,TUMBES,CORRALES,-3.60138888888889,-80.4805555555556,27.0,190.78267477203599,0.569127737703768,14.75996,0.317288
240103,TUMBES,TUMBES,LA CRUZ,-3.63722222222222,-80.59,10.0,153.48765905258301,0.593396785323101,11.23351,0.203914
240104,TUMBES,TUMBES,PAMPAS DE HOSPITAL,-3.69333333333333,-80.4391666666667,28.0,10.702851253864701,0.5386194716735458,10.641895,0.449328
240105,TUMBES,TUMBES,SAN JACINTO,-3.64083333333333,-80.4452777777778,23.0,16.097675040085502,0.548737214519981,11.23351,0.372192
240106,TUMBES,TUMBES,SAN JUAN DE LA VIRGEN,-3.62777777777778,-80.4336111111111,26.0,43.812652683008999,0.55664823975679,14.75996,0.040983
240201,TUMBES,CONTRALMIRANTE VILLAR,ZORRITOS,-3.6775,-80.6680555555555,11.0,19.679761683113,0.5683428336631519,9.67336,0.086385
240202,TUMBES,CONTRALMIRANTE VILLAR,CASITAS,-3.94222222222222,-80.6511111111111,137.0,3.84867190422746,0.439930773196269,19.835147,1.228072
240203,TUMBES,CONTRALMIRANTE VILLAR,CANOAS DE PUNTA SAL,-3.95055555555556,-80.94,66.0,10.0442776013091,0.541317038400816,9.505453,0.094684
240301,TUMBES,ZARUMILLA,ZARUMILLA,-3.50111111111111,-80.2755555555555,15.0,202.94039735099301,0.5517527352166959,9.250234,0.305801
240302,TUMBES,ZARUMILLA,AGUAS VERDES,-3.48166666666667,-80.245,13.0,439.296569691706,0.480955024257871,9.250234,0.105774
240303,TUMBES,ZARUMILLA,MATAPALO,-3.68222222222222,-80.1997222222222,69.0,9.2278671391062694,0.373906518308854,9.073259,0.648972
240304,TUMBES,ZARUMILLA,PAPAYAL,-3.57138888888889,-80.235,36.0,34.464940836046097,0.506393213976091,11.016593,0.474076
250101,UCAYALI,CORONEL PORTILLO,CALLERIA,-8.36805555555556,-74.5433333333333,162.0,18.120798328343898,0.5634769861561199,6.229848,0.230923
250102,UCAYALI,CORONEL PORTILLO,CAMPOVERDE,-8.47194444444444,-74.8052777777778,203.0,16.870446361276301,0.43621068589282,11.64564,0.290345
250103,UCAYALI,CORONEL PORTILLO,IPARIA,-9.30611111111111,-74.4355555555556,170.0,2.2448288230839699,0.25714000254413,33.710485,5.017393
250104,UCAYALI,CORONEL PORTILLO,MASISEA,-8.60472222222222,-74.3061111111111,150.0,1.2659735828265,0.277348025229245,32.76884,2.235026
250105,UCAYALI,CORONEL PORTILLO,YARINACOCHA,-8.35555555555556,-74.5758333333333,131.0,205.17108352901701,0.5478371208327218,7.864359,0.221107
250106,UCAYALI,CORONEL PORTILLO,NUEVA REQUENA,-8.32055555555556,-74.8513888888888,183.0,4.1586375429266598,0.3679124304543189,11.64564,2.463624
250107,UCAYALI,CORONEL PORTILLO,MANANTAY,-8.40027777777778,-74.5413888888889,165.0,174.287389422497,0.504828901205263,10.445377,0.366103
250201,UCAYALI,ATALAYA,RAYMONDI,-10.7297222222222,-73.7552777777778,256.0,3.2467447409477699,0.337563828312056,31.82103,7.169326
250202,UCAYALI,ATALAYA,SEPAHUA,-11.1372222222222,-73.0455555555556,277.0,1.0631558083230901,0.349363475179497,31.82103,2.175644
250203,UCAYALI,ATALAYA,TAHUANIA,-10.0305555555556,-73.9563888888889,197.0,1.8350691645899,0.2858615760820579,29.567845,7.021069
250204,UCAYALI,ATALAYA,YURUA,-9.53138888888889,-72.76,240.0,0.28782921624573099,0.216121903508586,52.637208,4.189845
250301,UCAYALI,PADRE ABAD,PADRE ABAD,-9.03361111111111,-75.5075,275.0,8.0813358355369793,0.4752066943985849,9.408905,1.073118
250302,UCAYALI,PADRE ABAD,IRAZOLA,-8.82861111111111,-75.2133333333333,228.0,16.256394341945899,0.3878059257232079,12.89956,2.00861
250303,UCAYALI,PADRE ABAD,CURIMANA,-8.43333333333333,-75.1477777777778,181.0,5.3387003055238003,0.379722782490695,9.014545,0.875492
250304,UCAYALI,PADRE ABAD,NESHUYA,-8.64,-74.9644444444445,193.0,14.627875273938299,0.4558191519125789,11.946857,0.527911
250305,UCAYALI,PADRE ABAD,ALEXANDER VON HUMBOLDT,-8.8275,-75.0508333333333,237.0,28.155136268343799,0.4411290504512049,12.89956,0.628519
250306,UCAYALI,PADRE ABAD,HUIPOCA,,,,,,,
250307,UCAYALI,PADRE ABAD,BOQUERON,,,,,,,
250401,UCAYALI,PURUS,PURUS,-9.77222222222223,-70.7097222222222,228.0,0.27997911222472699,0.348423801441106,31.928338,1.57847
,MOQUEGUA,MARISCAL NIETO,SAN ANTONIO,,,,,,,
